Date,Open,High,Low,Close,Volume,Dividends,Stock Splits,Stock,Ticker,Sector
2016-01-31 00:00:00+00:00,84.75642465282888,90.7868194580078,80.9505700947903,90.7868194580078,58129427,0.0,0.0,3M Company,MMM,Industrials
2016-02-29 00:00:00+00:00,89.78274599818374,96.59017031912693,87.81068826764731,94.99752044677734,63135046,0.928094,0.0,3M Company,MMM,Industrials
2016-03-31 00:00:00+00:00,96.13602201746528,101.4348889093838,95.44565305506327,100.90802764892578,58110890,0.0,0.0,3M Company,MMM,Industrials
2016-04-30 00:00:00+00:00,100.30239950184377,103.41511868307092,99.7089261486919,101.36216735839844,46431352,0.0,0.0,3M Company,MMM,Industrials
2016-05-31 00:00:00+00:00,101.31371678627023,104.10370442957228,99.47064188380529,102.6101531982422,43585827,0.928094,0.0,3M Company,MMM,Industrials
2016-06-30 00:00:00+00:00,102.28097175262585,106.76772447598395,100.68377041544596,106.75553131103516,56157224,0.0,0.0,3M Company,MMM,Industrials
2016-07-31 00:00:00+00:00,106.76770988796176,111.11426832190062,105.7740538479069,108.73067474365234,46147900,0.0,0.0,3M Company,MMM,Industrials
2016-08-31 00:00:00+00:00,107.95035752971977,111.18092846623354,107.95035752971977,109.94798278808594,36930925,0.928094,0.0,3M Company,MMM,Industrials
2016-09-30 00:00:00+00:00,109.99091507188074,111.43242991370376,106.97292853224978,108.10163116455078,45619389,0.0,0.0,3M Company,MMM,Industrials
2016-10-31 00:00:00+00:00,107.54950383296696,107.92982467415584,101.28049439467893,101.3969955444336,50093383,0.0,0.0,3M Company,MMM,Industrials
2016-11-30 00:00:00+00:00,101.45836459291743,107.65994721386902,100.50757331676516,106.02278137207033,52438261,0.928094,0.0,3M Company,MMM,Industrials
2016-12-31 00:00:00+00:00,105.9610640327444,111.15912143232454,105.62155144770954,110.23925018310548,46613741,0.0,0.0,3M Company,MMM,Industrials
2017-01-31 00:00:00+00:00,110.39978917572728,111.12209057195165,107.30070593785808,107.92422485351562,45427550,0.0,0.0,3M Company,MMM,Industrials
2017-02-28 00:00:00+00:00,108.14031219482422,117.07147704814663,107.14020707665703,115.79142761230467,46540306,0.982441,0.0,3M Company,MMM,Industrials
2017-03-31 00:00:00+00:00,116.86641050907112,120.23417900116134,116.82291174240622,118.88582611083984,53533319,0.0,0.0,3M Company,MMM,Industrials
2017-04-30 00:00:00+00:00,119.22139424310778,122.4835165942979,117.20193872786908,121.68195343017578,41853181,0.0,0.0,3M Company,MMM,Industrials
2017-05-31 00:00:00+00:00,121.47688081032388,127.80934143066406,120.83687319752954,127.80934143066406,47864758,0.982441,0.0,3M Company,MMM,Industrials
2017-06-30 00:00:00+00:00,127.67188565333714,134.12267397545205,127.31560013673874,130.13465881347656,48456658,0.0,0.0,3M Company,MMM,Industrials
2017-07-31 00:00:00+00:00,130.72850513922123,133.39755313378646,123.24631883285863,125.74665832519533,42482877,0.0,0.0,3M Company,MMM,Industrials
2017-08-31 00:00:00+00:00,126.44674992151847,130.40971446587017,126.1154578579478,128.45018005371094,41709784,0.982441,0.0,3M Company,MMM,Industrials
2017-09-30 00:00:00+00:00,128.6324891817295,134.94438118289605,126.05492089845966,131.9581756591797,42752454,0.0,0.0,3M Company,MMM,Industrials
2017-10-31 00:00:00+00:00,132.47997466353584,150.1896623043565,132.0399066928569,144.71392822265625,55218722,0.0,0.0,3M Company,MMM,Industrials
2017-11-30 00:00:00+00:00,145.22317101848648,153.82221696699523,142.10494318416735,153.6263427734375,41565068,0.982441,0.0,3M Company,MMM,Industrials
2017-12-31 00:00:00+00:00,153.65796573258544,154.31504915465382,148.02823382039378,148.71693420410156,46403366,0.0,0.0,3M Company,MMM,Industrials
2018-01-31 00:00:00+00:00,148.9759919921669,164.13393173056474,147.09941862462873,158.2767333984375,58718577,0.0,0.0,3M Company,MMM,Industrials
2018-02-28 00:00:00+00:00,156.3432885152238,158.01766885911965,137.85553399604947,149.68287658691406,69860035,1.137124,0.0,3M Company,MMM,Industrials
2018-03-31 00:00:00+00:00,150.08964158693144,154.50679238812478,136.4757163412317,139.52008056640625,66565652,0.0,0.0,3M Company,MMM,Industrials
2018-04-30 00:00:00+00:00,138.58581106975583,140.8993043163324,123.4147806366449,123.54824829101562,80606692,0.0,0.0,3M Company,MMM,Industrials
2018-05-31 00:00:00+00:00,123.31940326546228,130.95260365597244,121.67328719762054,126.2105712890625,77731747,1.137124,0.0,3M Company,MMM,Industrials
2018-06-30 00:00:00+00:00,127.18322308476635,132.3281773126226,123.91331773693426,125.8842544555664,63169371,0.0,0.0,3M Company,MMM,Industrials
2018-07-31 00:00:00+00:00,125.07793167192644,136.1612569970016,121.94877812010904,135.8668975830078,61405152,0.0,0.0,3M Company,MMM,Industrials
2018-08-31 00:00:00+00:00,135.00948098922177,136.39109897362803,126.13380836284183,135.875732421875,46992993,1.137124,0.0,3M Company,MMM,Industrials
2018-09-30 00:00:00+00:00,135.63736224973132,140.35291745112414,132.641837916007,135.74046325683594,53903122,0.0,0.0,3M Company,MMM,Industrials
2018-10-31 00:00:00+00:00,136.82912533427697,140.0115308665411,117.2324409805012,122.56646728515624,80483744,0.0,0.0,3M Company,MMM,Industrials
2018-11-30 00:00:00+00:00,122.79193355852082,135.13490925269835,122.4569458854081,134.85784912109375,61088688,1.137124,0.0,3M Company,MMM,Industrials
2018-12-31 00:00:00+00:00,136.99168137009616,137.4716480946432,114.7186743322327,123.58504486083984,61390798,0.0,0.0,3M Company,MMM,Industrials
2019-01-31 00:00:00+00:00,121.82084476307476,130.2981319743944,118.62324655779832,129.9154510498047,63438473,0.0,0.0,3M Company,MMM,Industrials
2019-02-28 00:00:00+00:00,130.68729648021517,138.18709950479308,127.28860232378348,135.4440460205078,44084320,1.204013,0.0,3M Company,MMM,Industrials
2019-03-31 00:00:00+00:00,136.37144951340318,137.50130203037935,129.31149626200207,135.69874572753906,56793857,0.0,0.0,3M Company,MMM,Industrials
2019-04-30 00:00:00+00:00,137.0767660021668,143.51622472957516,121.8336443289188,123.76678466796876,65671523,0.0,0.0,3M Company,MMM,Industrials
2019-05-31 00:00:00+00:00,123.7537667051877,123.8974448043523,105.14454767974456,105.22359466552734,113147340,1.204013,0.0,3M Company,MMM,Industrials
2019-06-30 00:00:00+00:00,105.22357077647504,114.9785918730463,104.9403431827756,114.1750030517578,67516113,0.0,0.0,3M Company,MMM,Industrials
2019-07-31 00:00:00+00:00,115.57141167159072,123.64673719766208,108.21397796186996,115.08399963378906,74841971,0.0,0.0,3M Company,MMM,Industrials
2019-08-31 00:00:00+00:00,115.13008780042556,117.0270710835188,102.36438155542388,107.4958953857422,75668291,1.204013,0.0,3M Company,MMM,Industrials
2019-09-30 00:00:00+00:00,107.2831685578804,114.64808864644866,104.53130005169932,109.2772979736328,61308515,0.0,0.0,3M Company,MMM,Industrials
2019-10-31 00:00:00+00:00,109.67611767252816,112.96636741718204,100.09107915754632,109.66948699951172,80616979,0.0,0.0,3M Company,MMM,Industrials
2019-11-30 00:00:00+00:00,110.96563592207254,117.45978010965338,110.2970994567696,113.8237075805664,58057546,1.204013,0.0,3M Company,MMM,Industrials
2019-12-31 00:00:00+00:00,114.08520024127446,120.1327390214508,109.09698019077584,118.28224182128906,67447343,0.0,0.0,3M Company,MMM,Industrials
2020-01-31 00:00:00+00:00,119.12704316755288,122.39216605379026,106.08662234939246,106.37491607666016,84539259,0.0,0.0,3M Company,MMM,Industrials
2020-02-29 00:00:00+00:00,107.29345009500835,110.65245114056836,98.75304970390934,100.96530151367188,91313882,1.229097,0.0,3M Company,MMM,Industrials
2020-03-31 00:00:00+00:00,102.38601758971696,104.68622123729484,77.1514761643492,92.35308074951172,177930833,0.0,0.0,3M Company,MMM,Industrials
2020-04-30 00:00:00+00:00,89.30192863975249,110.32847072394124,88.6321644836128,102.77839660644533,98448862,0.0,0.0,3M Company,MMM,Industrials
2020-05-31 00:00:00+00:00,101.00590808405532,109.22954769008676,88.70658733681792,106.88605499267578,103380207,1.229097,0.0,3M Company,MMM,Industrials
2020-06-30 00:00:00+00:00,106.55125423899784,115.83648148739806,102.55430027499132,106.57857513427734,80085358,0.0,0.0,3M Company,MMM,Industrials
2020-07-31 00:00:00+00:00,106.81774805272748,111.62772972583072,101.6660840115193,102.80709075927734,70126743,0.0,0.0,3M Company,MMM,Industrials
2020-08-31 00:00:00+00:00,103.23072069037296,114.567345640185,102.01455804268552,112.39559936523438,59104168,1.229097,0.0,3M Company,MMM,Industrials
2020-09-30 00:00:00+00:00,111.80954182884746,119.41429801867672,108.98276801400272,110.4375,66938444,0.0,0.0,3M Company,MMM,Industrials
2020-10-31 00:00:00+00:00,110.7753409171941,119.40737902855489,107.64520061015428,110.28582763671876,55278404,0.0,0.0,3M Company,MMM,Industrials
2020-11-30 00:00:00+00:00,111.82334451191343,124.91887205630596,110.24446147413369,120.1204071044922,64277106,1.229097,0.0,3M Company,MMM,Industrials
2020-12-31 00:00:00+00:00,121.15658962916427,123.40980392039936,117.651681481421,121.55301666259766,58356550,0.0,0.0,3M Company,MMM,Industrials
2021-01-31 00:00:00+00:00,121.6990431228801,130.23189134345358,113.61821183256198,122.15802764892578,83866031,0.0,0.0,3M Company,MMM,Industrials
2021-02-28 00:00:00+00:00,122.37360604961862,126.83128376142145,120.69067368964762,122.74395751953124,51775439,1.237458,0.0,3M Company,MMM,Industrials
2021-03-31 00:00:00+00:00,123.19272684705663,137.93094996225446,122.04984056121758,135.09829711914062,75253516,0.0,0.0,3M Company,MMM,Industrials
2021-04-30 00:00:00+00:00,135.49792902831027,142.4464187703007,132.25866555972806,138.2254638671875,55537458,0.0,0.0,3M Company,MMM,Industrials
2021-05-31 00:00:00+00:00,138.82139729110284,146.50607144310752,137.88887146957006,143.4098358154297,45550976,1.237458,0.0,3M Company,MMM,Industrials
2021-06-30 00:00:00+00:00,144.78014577227694,146.07265112014548,135.2801900650269,140.29501342773438,61372980,0.0,0.0,3M Company,MMM,Industrials
2021-07-31 00:00:00+00:00,140.87422792418067,143.52995464513975,137.5615855112762,139.8076629638672,55048053,0.0,0.0,3M Company,MMM,Industrials
2021-08-31 00:00:00+00:00,140.6058361996238,143.21915992851294,137.15983394981865,138.5974884033203,47628067,1.237458,0.0,3M Company,MMM,Industrials
2021-09-30 00:00:00+00:00,138.46221145736172,139.2166216856783,124.81170981034218,124.84729766845705,80564117,0.0,0.0,3M Company,MMM,Industrials
2021-10-31 00:00:00+00:00,125.43801946336887,130.8256061786037,123.68013257991169,127.16748809814452,57695401,0.0,0.0,3M Company,MMM,Industrials
2021-11-30 00:00:00+00:00,127.06069793497696,132.5906422266264,121.93143413562385,122.00318908691406,57290432,1.237458,0.0,3M Company,MMM,Industrials
2021-12-31 00:00:00+00:00,123.80411900824848,128.56111689818673,121.3861711012185,127.44898986816406,57805192,0.0,0.0,3M Company,MMM,Industrials
2022-01-31 00:00:00+00:00,127.94407835803322,130.42661177288343,115.18696756539256,119.11885833740234,74565338,0.0,0.0,3M Company,MMM,Industrials
2022-02-28 00:00:00+00:00,118.8103241490451,121.43637885765744,101.23223137752656,107.68692016601562,91059135,1.245819,0.0,3M Company,MMM,Industrials
2022-03-31 00:00:00+00:00,107.6362245235857,111.02656796907816,102.02187416858332,107.85354614257812,99148281,0.0,0.0,3M Company,MMM,Industrials
2022-04-30 00:00:00+00:00,108.3968679689856,110.91067421953062,103.4997084934184,104.47769165039062,64249000,0.0,0.0,3M Company,MMM,Industrials
2022-05-31 00:00:00+00:00,104.6877732016462,112.040765763841,103.17727558386608,109.2435302734375,73929663,1.245819,0.0,3M Company,MMM,Industrials
2022-06-30 00:00:00+00:00,109.27277042178564,109.38985290427328,93.15224342480978,94.6962432861328,76295232,0.0,0.0,3M Company,MMM,Industrials
2022-07-31 00:00:00+00:00,94.696242421653,106.61651827368846,91.90826554660428,104.81639862060548,80250766,0.0,0.0,3M Company,MMM,Industrials
2022-08-31 00:00:00+00:00,104.01880042286903,111.4460919705434,90.95156393570905,91.92738342285156,364894336,1.245819,0.0,3M Company,MMM,Industrials
2022-09-30 00:00:00+00:00,91.89043241533088,93.53160009995564,81.60727283337445,81.68859100341797,289184309,0.0,0.0,3M Company,MMM,Industrials
2022-10-31 00:00:00+00:00,82.56833368872864,93.64246659824988,79.15291536223845,92.9919204711914,87173809,0.0,0.0,3M Company,MMM,Industrials
2022-11-30 00:00:00+00:00,93.716400082584,98.99474836094508,89.53956444425184,94.21542358398438,62796221,1.245819,0.0,3M Company,MMM,Industrials
2022-12-31 00:00:00+00:00,95.21015611444132,97.24449458411158,88.10491967971835,89.69051361083984,70754882,0.0,0.0,3M Company,MMM,Industrials
2023-01-31 00:00:00+00:00,90.88716591257158,97.15474597870224,83.5874985093257,86.07058715820312,92080757,0.0,0.0,3M Company,MMM,Industrials
2023-02-28 00:00:00+00:00,85.67418231208669,90.38608537019935,80.90509979046908,81.64776611328125,66743737,1.254181,0.0,3M Company,MMM,Industrials
2023-03-31 00:00:00+00:00,84.14858168017363,85.12616788465668,75.90347617338944,79.65469360351562,108307368,0.0,0.0,3M Company,MMM,Industrials
2023-04-30 00:00:00+00:00,79.68501029536655,81.31433309821827,76.57794322264088,80.49588012695312,73980375,0.0,0.0,3M Company,MMM,Industrials
2023-05-31 00:00:00+00:00,80.58681706836379,80.95814951758693,71.694941232457,71.78726196289062,80971474,1.254181,0.0,3M Company,MMM,Industrials
2023-06-30 00:00:00+00:00,71.91037549661068,80.69624731137563,71.07179474657983,77.00340270996094,113707426,0.0,0.0,3M Company,MMM,Industrials
2023-07-31 00:00:00+00:00,77.08803269881535,87.0433037880602,73.52597876676003,85.78160095214844,94179975,0.0,0.0,3M Company,MMM,Industrials
2023-08-31 00:00:00+00:00,85.7815962520436,86.10472236017034,76.28878213991982,83.29297637939453,87758770,1.254181,0.0,3M Company,MMM,Industrials
2023-09-30 00:00:00+00:00,83.78492241091165,84.95618889073077,72.15808143517982,73.10292053222656,90004861,0.0,0.0,3M Company,MMM,Industrials
2023-10-31 00:00:00+00:00,72.34550704821451,72.48606274512923,66.64531852030163,71.01805114746094,100012749,0.0,0.0,3M Company,MMM,Industrials
2023-11-30 00:00:00+00:00,71.1820308881911,79.37695674877719,69.94048549480178,78.57588958740234,79906554,1.254181,0.0,3M Company,MMM,Industrials
2023-12-31 00:00:00+00:00,78.39347471791339,87.38762863710485,77.85413954217432,86.70551300048828,89816729,0.0,0.0,3M Company,MMM,Industrials
2024-01-31 00:00:00+00:00,86.15033082851377,87.7683290914893,73.547412390201,74.83229064941406,118461767,0.0,0.0,3M Company,MMM,Industrials
2024-02-29 00:00:00+00:00,74.86401337289409,76.15682408479782,72.48461458898902,74.27716827392578,92619912,1.262542,0.0,3M Company,MMM,Industrials
2024-03-31 00:00:00+00:00,74.21267455686908,88.04087945888344,72.95484259511205,85.52519226074219,161579720,0.0,0.0,3M Company,MMM,Industrials
2024-04-30 00:00:00+00:00,87.80366273572189,94.35155115657862,85.08420865752234,93.06897735595705,111817900,0.0,1.196,3M Company,MMM,Industrials
2024-05-31 00:00:00+00:00,94.60228687406,102.2592022061543,91.6224686627554,97.24024200439452,121988000,0.7,0.0,3M Company,MMM,Industrials
2024-06-30 00:00:00+00:00,97.4635831274482,101.02730511484464,94.85147686773024,99.23088073730467,77753500,0.0,0.0,3M Company,MMM,Industrials
2024-07-31 00:00:00+00:00,99.88147903601724,124.924666410367,95.41467684394,123.85653686523438,113230400,0.0,0.0,3M Company,MMM,Industrials
2024-08-31 00:00:00+00:00,123.80797332348172,131.78774410415863,115.85513258342696,131.49485778808594,79021500,0.7,0.0,3M Company,MMM,Industrials
2024-09-30 00:00:00+00:00,129.85467413145795,137.3818059571622,124.10442347485808,133.4571533203125,74409600,0.0,0.0,3M Company,MMM,Industrials
2024-10-31 00:00:00+00:00,132.77377224971065,137.98708602002586,121.5465723622538,125.42240142822266,86557900,0.0,0.0,3M Company,MMM,Industrials
2024-11-30 00:00:00+00:00,125.42239637122972,133.0382354657695,121.86873453260962,131.05567932128906,61339000,0.7,0.0,3M Company,MMM,Industrials
2024-12-31 00:00:00+00:00,131.05566082312473,133.06766661418922,123.04687954317036,126.69792938232422,61524400,0.0,0.0,3M Company,MMM,Industrials
2025-01-31 00:00:00+00:00,127.87569445073974,152.1278181264593,126.5899714008808,149.37969970703125,93222200,0.0,0.0,3M Company,MMM,Industrials
2025-02-28 00:00:00+00:00,146.41567040641195,153.37140038347644,139.81946739358528,152.99659729003906,68699300,0.73,0.0,3M Company,MMM,Industrials
2025-03-31 00:00:00+00:00,153.37139919874946,154.20976978025217,138.85289068065703,144.8496551513672,88265100,0.0,0.0,3M Company,MMM,Industrials
2025-04-30 00:00:00+00:00,143.70554053801467,146.65461647903484,120.31024913356896,137.0084991455078,99626800,0.0,0.0,3M Company,MMM,Industrials
2025-05-31 00:00:00+00:00,136.3871169295791,152.61193353946666,135.74601550287352,147.03590393066406,65870500,0.73,0.0,3M Company,MMM,Industrials
2025-06-30 00:00:00+00:00,146.56014444122368,151.5158471036172,140.3159589935535,150.8914337158203,55918200,0.0,0.0,3M Company,MMM,Industrials
2025-07-31 00:00:00+00:00,150.65356070162852,162.69593287496224,144.27061042889335,147.898193359375,90785900,0.0,0.0,3M Company,MMM,Industrials
2025-08-31 00:00:00+00:00,145.202281178869,159.0485268288924,142.97221201400583,154.86456298828125,63435700,0.73,0.0,3M Company,MMM,Industrials
2025-09-30 00:00:00+00:00,153.29131667194108,161.40646247749115,149.78636523619858,154.51605224609375,57468700,0.0,0.0,3M Company,MMM,Industrials
2025-10-31 00:00:00+00:00,153.78917872438578,172.11046247276303,147.8248186209513,165.78762817382812,74554100,0.0,0.0,3M Company,MMM,Industrials
2025-11-30 00:00:00+00:00,165.29971124314838,172.3699951171875,158.6682234177107,172.0500030517578,58772500,0.73,0.0,3M Company,MMM,Industrials
2025-12-31 00:00:00+00:00,170.67999267578125,174.69000244140625,158.4499969482422,160.10000610351562,52125000,0.0,0.0,3M Company,MMM,Industrials
2026-01-31 00:00:00+00:00,160.10000610351562,166.52999877929688,159.05999755859375,165.24000549316406,12971800,0.0,0.0,3M Company,MMM,Industrials
2016-01-31 00:00:00+00:00,170.26282121668618,173.2206117001752,149.10320236192356,165.33316040039062,376050,0.0,0.0,AMC Entertainment,AMC,Meme/Speculative
2016-02-29 00:00:00+00:00,164.27137681423477,191.42242355551417,146.22124043899808,182.2456817626953,505800,0.0,0.0,AMC Entertainment,AMC,Meme/Speculative
2016-03-31 00:00:00+00:00,182.24566295226947,228.72044532068745,181.86645849817504,213.96676635742188,761920,2.0,0.0,AMC Entertainment,AMC,Meme/Speculative
2016-04-30 00:00:00+00:00,212.9730298646188,225.50977515539816,199.36592070414565,215.41915893554688,455340,0.0,0.0,AMC Entertainment,AMC,Meme/Speculative
2016-05-31 00:00:00+00:00,215.49567489965048,231.7018191648025,211.44415141212207,219.7000732421875,405410,0.0,0.0,AMC Entertainment,AMC,Meme/Speculative
2016-06-30 00:00:00+00:00,218.62985351350903,223.1538543701172,198.2136263208352,212.5311584472656,389780,2.0,0.0,AMC Entertainment,AMC,Meme/Speculative
2016-07-31 00:00:00+00:00,213.07002971341217,241.859097182212,207.6047115124155,226.4639129638672,557820,0.0,0.0,AMC Entertainment,AMC,Meme/Speculative
2016-08-31 00:00:00+00:00,211.68447108888452,234.31534588408744,210.6068093888665,234.0844268798828,725290,0.0,0.0,AMC Entertainment,AMC,Meme/Speculative
2016-09-30 00:00:00+00:00,234.7043765935267,250.12404211897123,232.76723247564223,240.9032745361328,463140,2.0,0.0,AMC Entertainment,AMC,Meme/Speculative
2016-10-31 00:00:00+00:00,246.7921663501565,254.38574205038992,240.5933181932507,243.6927490234375,422060,0.0,0.0,AMC Entertainment,AMC,Meme/Speculative
2016-11-30 00:00:00+00:00,244.85503653361664,276.23674935354313,235.5567148246017,263.064208984375,680020,0.0,0.0,AMC Entertainment,AMC,Meme/Speculative
2016-12-31 00:00:00+00:00,265.0127864097481,276.70454404586127,245.52653539462352,262.28472900390625,1140990,2.0,0.0,AMC Entertainment,AMC,Meme/Speculative
2017-01-31 00:00:00+00:00,265.40252716284004,272.0278313152951,259.1669464111328,263.064208984375,738170,0.0,0.0,AMC Entertainment,AMC,Meme/Speculative
2017-02-28 00:00:00+00:00,261.11560104832506,263.8436744921135,237.34237651113943,244.3574066162109,3713500,0.0,0.0,AMC Entertainment,AMC,Meme/Speculative
2017-03-31 00:00:00+00:00,245.52658081054688,247.98443807289595,226.81977859808472,246.8072967529297,3451440,2.0,0.0,AMC Entertainment,AMC,Meme/Speculative
2017-04-30 00:00:00+00:00,249.94635009765625,251.9082523747179,235.03590039385867,237.7825164794922,2164660,0.0,0.0,AMC Entertainment,AMC,Meme/Speculative
2017-05-31 00:00:00+00:00,238.9596328991372,239.7443935983133,175.39404103597005,176.57118225097656,4611020,0.0,0.0,AMC Entertainment,AMC,Meme/Speculative
2017-06-30 00:00:00+00:00,177.36300431436567,202.5421738763396,175.383482893739,180.13429260253906,4668800,2.0,0.0,AMC Entertainment,AMC,Meme/Speculative
2017-07-31 00:00:00+00:00,181.3219753791546,186.86458541768164,155.5885212312495,161.52699279785156,3875480,0.0,0.0,AMC Entertainment,AMC,Meme/Speculative
2017-08-31 00:00:00+00:00,161.92290199719943,165.4859976401696,95.4117850963886,106.10106658935548,9200640,0.0,0.0,AMC Entertainment,AMC,Meme/Speculative
2017-09-30 00:00:00+00:00,104.51746791664368,141.8077164383622,104.51746791664368,118.1061553955078,7426930,2.0,0.0,AMC Entertainment,AMC,Meme/Speculative
2017-10-31 00:00:00+00:00,120.51648509745696,132.5681312061916,107.2596478238433,111.67859649658205,5115740,0.0,0.0,AMC Entertainment,AMC,Meme/Speculative
2017-11-30 00:00:00+00:00,113.28549114922166,131.7646809391931,86.77186080212245,114.49064636230467,8682170,0.0,0.0,AMC Entertainment,AMC,Meme/Speculative
2017-12-31 00:00:00+00:00,114.49064619881766,130.3808033427254,111.1496330442938,123.04689025878906,5486310,2.0,0.0,AMC Entertainment,AMC,Meme/Speculative
2018-01-31 00:00:00+00:00,123.8617712243811,127.52873155668183,101.04512920453854,104.3046417236328,4436990,0.0,0.0,AMC Entertainment,AMC,Meme/Speculative
2018-02-28 00:00:00+00:00,104.30464409722222,129.56593189424683,103.0823240492079,122.23202514648438,4000350,0.0,0.0,AMC Entertainment,AMC,Meme/Speculative
2018-03-31 00:00:00+00:00,129.97338618908898,131.03268924291424,111.02939001012732,115.98238372802734,3482360,2.0,0.0,AMC Entertainment,AMC,Meme/Speculative
2018-04-30 00:00:00+00:00,115.15687434327896,148.17679779495018,115.15687434327896,144.04931640625,3346240,0.0,0.0,AMC Entertainment,AMC,Meme/Speculative
2018-05-31 00:00:00+00:00,143.63655071723753,145.28755841936385,118.45886547260218,122.17362213134766,3629970,0.0,0.0,AMC Entertainment,AMC,Meme/Speculative
2018-06-30 00:00:00+00:00,122.58637085476435,146.87995932823003,118.87160971730026,133.07073974609375,3040710,2.0,0.0,AMC Entertainment,AMC,Meme/Speculative
2018-07-31 00:00:00+00:00,132.6522916279142,149.3907724577805,127.21226826652152,136.41844177246094,3206210,0.0,0.0,AMC Entertainment,AMC,Meme/Speculative
2018-08-31 00:00:00+00:00,139.76615672839392,163.61842627274362,129.72307959820995,159.4337921142578,4783470,0.0,0.0,AMC Entertainment,AMC,Meme/Speculative
2018-09-30 00:00:00+00:00,159.433805034687,188.71606400433708,156.25350611353863,186.8927154541016,4101890,17.5,0.0,AMC Entertainment,AMC,Meme/Speculative
2018-10-31 00:00:00+00:00,187.2573864274219,187.80439508430365,158.81321153429096,175.5879669189453,4179610,0.0,0.0,AMC Entertainment,AMC,Meme/Speculative
2018-11-30 00:00:00+00:00,175.58798512777616,181.24033449221355,118.88199156662324,124.44318389892578,4484630,0.0,0.0,AMC Entertainment,AMC,Meme/Speculative
2018-12-31 00:00:00+00:00,126.26654191730016,142.7130895274534,107.7742561369659,113.50497436523438,2685030,2.0,0.0,AMC Entertainment,AMC,Meme/Speculative
2019-01-31 00:00:00+00:00,111.00932516086569,136.3353469465796,109.9925883595203,135.4110565185547,2103930,0.0,0.0,AMC Entertainment,AMC,Meme/Speculative
2019-02-28 00:00:00+00:00,134.20944296149935,134.85647615014005,118.49623234363264,129.6803436279297,2658720,0.0,0.0,AMC Entertainment,AMC,Meme/Speculative
2019-03-31 00:00:00+00:00,144.74656594807456,152.51074361801147,132.581170117264,139.1399383544922,4044160,2.0,0.0,AMC Entertainment,AMC,Meme/Speculative
2019-04-30 00:00:00+00:00,140.0769086771108,159.94066244957733,136.1416417953196,142.04454040527344,3304970,0.0,0.0,AMC Entertainment,AMC,Meme/Speculative
2019-05-31 00:00:00+00:00,141.95082941006473,143.35628316660004,109.71910287303471,112.2489242553711,4136480,0.0,0.0,AMC Entertainment,AMC,Meme/Speculative
2019-06-30 00:00:00+00:00,111.87413301226631,113.18589259898192,88.54764590336639,89.02473449707031,4817910,2.0,0.0,AMC Entertainment,AMC,Meme/Speculative
2019-07-31 00:00:00+00:00,93.9864554786544,114.31043144912871,83.2996743941225,112.87916564941406,6801140,0.0,0.0,AMC Entertainment,AMC,Meme/Speculative
2019-08-31 00:00:00+00:00,111.63873461272723,119.17673313637526,99.80693908297611,106.00908660888672,5908840,0.0,0.0,AMC Entertainment,AMC,Meme/Speculative
2019-09-30 00:00:00+00:00,106.77242870365878,117.70009740297289,101.30165650413096,103.82449340820312,3771660,2.0,0.0,AMC Entertainment,AMC,Meme/Speculative
2019-10-31 00:00:00+00:00,104.30964735529402,106.25029195725298,85.19430417002584,90.91919708251952,5219300,0.0,0.0,AMC Entertainment,AMC,Meme/Speculative
2019-11-30 00:00:00+00:00,91.69545629094355,100.428359738827,72.48307476346123,81.30122375488281,7752300,2.0,0.0,AMC Entertainment,AMC,Meme/Speculative
2019-12-31 00:00:00+00:00,81.8975648797106,87.26463580983244,71.06402811157841,71.95854187011719,7275420,0.0,0.0,AMC Entertainment,AMC,Meme/Speculative
2020-01-31 00:00:00+00:00,72.55487636443185,75.53658430324968,62.11890138755418,64.80243682861328,6608580,0.0,0.0,AMC Entertainment,AMC,Meme/Speculative
2020-02-29 00:00:00+00:00,64.60365591123123,77.32561610072968,50.88780544078118,62.218292236328125,5801730,0.0,0.0,AMC Entertainment,AMC,Meme/Speculative
2020-03-31 00:00:00+00:00,62.71524089651666,62.8146334129209,19.5,31.600000381469727,12318290,0.3,0.0,AMC Entertainment,AMC,Meme/Speculative
2020-04-30 00:00:00+00:00,30.0,55.29999923706055,19.5,49.20000076293945,23082170,0.0,0.0,AMC Entertainment,AMC,Meme/Speculative
2020-05-31 00:00:00+00:00,46.20000076293945,64.0999984741211,38.09999847412109,51.29999923706055,22659740,0.0,0.0,AMC Entertainment,AMC,Meme/Speculative
2020-06-30 00:00:00+00:00,50.29999923706055,73.5,37.5,42.900001525878906,17007920,0.0,0.0,AMC Entertainment,AMC,Meme/Speculative
2020-07-31 00:00:00+00:00,42.59999847412109,48.20000076293945,38.09999847412109,40.400001525878906,8177990,0.0,0.0,AMC Entertainment,AMC,Meme/Speculative
2020-08-31 00:00:00+00:00,40.5,71.0,38.59999847412109,58.79999923706055,19674440,0.0,0.0,AMC Entertainment,AMC,Meme/Speculative
2020-09-30 00:00:00+00:00,57.900001525878906,77.0999984741211,43.59999847412109,47.09999847412109,14228780,0.0,0.0,AMC Entertainment,AMC,Meme/Speculative
2020-10-31 00:00:00+00:00,47.79999923706055,48.0,22.799999237060547,23.600000381469727,25042970,0.0,0.0,AMC Entertainment,AMC,Meme/Speculative
2020-11-30 00:00:00+00:00,23.0,50.0,21.100000381469727,42.70000076293945,56334630,0.0,0.0,AMC Entertainment,AMC,Meme/Speculative
2020-12-31 00:00:00+00:00,44.29999923706055,44.29999923706055,20.799999237060547,21.200000762939453,61387880,0.0,0.0,AMC Entertainment,AMC,Meme/Speculative
2021-01-31 00:00:00+00:00,22.0,203.6000061035156,19.100000381469727,132.60000610351562,461926050,0.0,0.0,AMC Entertainment,AMC,Meme/Speculative
2021-02-28 00:00:00+00:00,170.0,172.5,52.59999847412109,80.0999984741211,363385340,0.0,0.0,AMC Entertainment,AMC,Meme/Speculative
2021-03-31 00:00:00+00:00,88.5999984741211,145.39999389648438,75.0,102.0999984741211,247359070,0.0,0.0,AMC Entertainment,AMC,Meme/Speculative
2021-04-30 00:00:00+00:00,102.3000030517578,122.1999969482422,83.0999984741211,100.3000030517578,93774920,0.0,0.0,AMC Entertainment,AMC,Meme/Speculative
2021-05-31 00:00:00+00:00,101.0999984741211,367.2000122070313,89.30000305175781,261.20001220703125,342906800,0.0,0.0,AMC Entertainment,AMC,Meme/Speculative
2021-06-30 00:00:00+00:00,318.8999938964844,726.2000122070312,285.29998779296875,566.7999877929688,552009010,0.0,0.0,AMC Entertainment,AMC,Meme/Speculative
2021-07-31 00:00:00+00:00,568.5999755859375,577.0999755859375,311.5,370.2000122070313,207826270,0.0,0.0,AMC Entertainment,AMC,Meme/Speculative
2021-08-31 00:00:00+00:00,375.7999877929688,483.0,289.1000061035156,471.2999877929688,202968870,0.0,0.0,AMC Entertainment,AMC,Meme/Speculative
2021-09-30 00:00:00+00:00,471.6000061035156,527.9000244140625,337.3999938964844,380.6000061035156,140000590,0.0,0.0,AMC Entertainment,AMC,Meme/Speculative
2021-10-31 00:00:00+00:00,394.1000061035156,444.3999938964844,345.29998779296875,353.70001220703125,81216040,0.0,0.0,AMC Entertainment,AMC,Meme/Speculative
2021-11-30 00:00:00+00:00,356.5,459.5,327.5,339.3999938964844,73126990,0.0,0.0,AMC Entertainment,AMC,Meme/Speculative
2021-12-31 00:00:00+00:00,347.1000061035156,349.3999938964844,208.0,272.0,119254890,0.0,0.0,AMC Entertainment,AMC,Meme/Speculative
2022-01-31 00:00:00+00:00,274.20001220703125,281.29998779296875,134.0,160.60000610351562,96772890,0.0,0.0,AMC Entertainment,AMC,Meme/Speculative
2022-02-28 00:00:00+00:00,181.5,209.6000061035156,146.5,188.6000061035156,98367720,0.0,0.0,AMC Entertainment,AMC,Meme/Speculative
2022-03-31 00:00:00+00:00,190.0,343.29998779296875,129.0,246.3999938964844,151744010,0.0,0.0,AMC Entertainment,AMC,Meme/Speculative
2022-04-30 00:00:00+00:00,251.3000030517578,252.8000030517578,147.0,153.0,71012450,0.0,0.0,AMC Entertainment,AMC,Meme/Speculative
2022-05-31 00:00:00+00:00,151.0,161.3000030517578,97.0,143.39999389648438,106887090,0.0,0.0,AMC Entertainment,AMC,Meme/Speculative
2022-06-30 00:00:00+00:00,140.10000610351562,147.5,110.9000015258789,135.5,82007240,0.0,0.0,AMC Entertainment,AMC,Meme/Speculative
2022-07-31 00:00:00+00:00,134.8000030517578,183.6999969482422,121.5999984741211,145.60000610351562,71300270,0.0,0.0,AMC Entertainment,AMC,Meme/Speculative
2022-08-31 00:00:00+00:00,143.3000030517578,275.0,86.80000305175781,91.1999969482422,144542260,0.0,0.0,AMC Entertainment,AMC,Meme/Speculative
2022-09-30 00:00:00+00:00,90.3000030517578,107.5,68.0999984741211,69.69999694824219,54883410,0.0,0.0,AMC Entertainment,AMC,Meme/Speculative
2022-10-31 00:00:00+00:00,68.4000015258789,81.30000305175781,54.70000076293945,66.5999984741211,47378160,0.0,0.0,AMC Entertainment,AMC,Meme/Speculative
2022-11-30 00:00:00+00:00,67.5999984741211,83.5,50.5,72.30000305175781,55740010,0.0,0.0,AMC Entertainment,AMC,Meme/Speculative
2022-12-31 00:00:00+00:00,72.9000015258789,91.5,38.09999847412109,40.70000076293945,66011810,0.0,0.0,AMC Entertainment,AMC,Meme/Speculative
2023-01-31 00:00:00+00:00,41.400001525878906,65.5,37.70000076293945,53.5,59321450,0.0,0.0,AMC Entertainment,AMC,Meme/Speculative
2023-02-28 00:00:00+00:00,53.0,85.30000305175781,43.900001525878906,71.4000015258789,96052700,0.0,0.0,AMC Entertainment,AMC,Meme/Speculative
2023-03-31 00:00:00+00:00,68.0,71.0999984741211,40.59999847412109,50.09999847412109,64686880,0.0,0.0,AMC Entertainment,AMC,Meme/Speculative
2023-04-30 00:00:00+00:00,49.900001525878906,57.59999847412109,38.79999923706055,55.0,61025520,0.0,0.0,AMC Entertainment,AMC,Meme/Speculative
2023-05-31 00:00:00+00:00,55.29999923706055,61.09999847412109,43.79999923706055,45.0,35134810,0.0,0.0,AMC Entertainment,AMC,Meme/Speculative
2023-06-30 00:00:00+00:00,45.09999847412109,51.5,40.09999847412109,44.0,36096590,0.0,0.0,AMC Entertainment,AMC,Meme/Speculative
2023-07-31 00:00:00+00:00,43.900001525878906,62.29999923706055,41.70000076293945,49.70000076293945,78407850,0.0,0.0,AMC Entertainment,AMC,Meme/Speculative
2023-08-31 00:00:00+00:00,49.29999923706055,54.59999847412109,10.720000267028809,12.550000190734863,299686390,0.0,0.1,AMC Entertainment,AMC,Meme/Speculative
2023-09-30 00:00:00+00:00,12.68000030517578,13.760000228881836,7.050000190734863,7.989999771118164,560799100,0.0,0.0,AMC Entertainment,AMC,Meme/Speculative
2023-10-31 00:00:00+00:00,8.0600004196167,11.170000076293944,7.730000019073486,10.68000030517578,442297000,0.0,0.0,AMC Entertainment,AMC,Meme/Speculative
2023-11-30 00:00:00+00:00,10.760000228881836,11.43000030517578,6.519999980926514,6.650000095367432,439756200,0.0,0.0,AMC Entertainment,AMC,Meme/Speculative
2023-12-31 00:00:00+00:00,6.659999847412109,7.539999961853027,5.929999828338623,6.119999885559082,398239500,0.0,0.0,AMC Entertainment,AMC,Meme/Speculative
2024-01-31 00:00:00+00:00,6.090000152587891,6.329999923706055,3.9800000190734863,4.050000190734863,318279800,0.0,0.0,AMC Entertainment,AMC,Meme/Speculative
2024-02-29 00:00:00+00:00,4.099999904632568,5.099999904632568,3.5899999141693115,4.320000171661377,292717600,0.0,0.0,AMC Entertainment,AMC,Meme/Speculative
2024-03-31 00:00:00+00:00,4.340000152587891,4.900000095367432,3.650000095367432,3.7200000286102295,265836900,0.0,0.0,AMC Entertainment,AMC,Meme/Speculative
2024-04-30 00:00:00+00:00,3.740000009536743,3.7699999809265137,2.380000114440918,2.930000066757202,418892300,0.0,0.0,AMC Entertainment,AMC,Meme/Speculative
2024-05-31 00:00:00+00:00,2.9200000762939453,11.880000114440918,2.8399999141693115,4.329999923706055,2398532400,0.0,0.0,AMC Entertainment,AMC,Meme/Speculative
2024-06-30 00:00:00+00:00,5.440000057220459,5.960000038146973,4.329999923706055,4.980000019073486,943113400,0.0,0.0,AMC Entertainment,AMC,Meme/Speculative
2024-07-31 00:00:00+00:00,4.869999885559082,5.760000228881836,4.539999961853027,5.309999942779541,416702800,0.0,0.0,AMC Entertainment,AMC,Meme/Speculative
2024-08-31 00:00:00+00:00,5.300000190734863,5.440000057220459,4.409999847412109,4.820000171661377,222406800,0.0,0.0,AMC Entertainment,AMC,Meme/Speculative
2024-09-30 00:00:00+00:00,4.829999923706055,5.110000133514404,4.360000133514404,4.550000190734863,193193300,0.0,0.0,AMC Entertainment,AMC,Meme/Speculative
2024-10-31 00:00:00+00:00,4.619999885559082,4.650000095367432,4.03000020980835,4.389999866485596,152107700,0.0,0.0,AMC Entertainment,AMC,Meme/Speculative
2024-11-30 00:00:00+00:00,4.429999828338623,5.090000152587891,4.170000076293945,4.949999809265137,283874100,0.0,0.0,AMC Entertainment,AMC,Meme/Speculative
2024-12-31 00:00:00+00:00,5.019999980926514,5.559999942779541,3.869999885559082,3.9800000190734863,374213100,0.0,0.0,AMC Entertainment,AMC,Meme/Speculative
2025-01-31 00:00:00+00:00,4.0,4.130000114440918,3.0799999237060547,3.109999895095825,229986800,0.0,0.0,AMC Entertainment,AMC,Meme/Speculative
2025-02-28 00:00:00+00:00,3.0,3.7699999809265137,2.950000047683716,3.299999952316284,193643000,0.0,0.0,AMC Entertainment,AMC,Meme/Speculative
2025-03-31 00:00:00+00:00,3.309999942779541,3.390000104904175,2.789999961853028,2.869999885559082,163426900,0.0,0.0,AMC Entertainment,AMC,Meme/Speculative
2025-04-30 00:00:00+00:00,2.859999895095825,3.0,2.450000047683716,2.6700000762939453,175155100,0.0,0.0,AMC Entertainment,AMC,Meme/Speculative
2025-05-31 00:00:00+00:00,2.680000066757202,4.079999923706055,2.569999933242798,3.559999942779541,303038600,0.0,0.0,AMC Entertainment,AMC,Meme/Speculative
2025-06-30 00:00:00+00:00,3.5,3.559999942779541,2.930000066757202,3.0999999046325684,151730000,0.0,0.0,AMC Entertainment,AMC,Meme/Speculative
2025-07-31 00:00:00+00:00,2.9100000858306885,3.5999999046325684,2.789999961853028,2.900000095367432,303199400,0.0,0.0,AMC Entertainment,AMC,Meme/Speculative
2025-08-31 00:00:00+00:00,2.890000104904175,3.259999990463257,2.7799999713897705,2.809999942779541,234870900,0.0,0.0,AMC Entertainment,AMC,Meme/Speculative
2025-09-30 00:00:00+00:00,2.799999952316284,3.0799999237060547,2.6700000762939453,2.900000095367432,293071400,0.0,0.0,AMC Entertainment,AMC,Meme/Speculative
2025-10-31 00:00:00+00:00,2.9100000858306885,3.180000066757202,2.490000009536743,2.5899999141693115,609656600,0.0,0.0,AMC Entertainment,AMC,Meme/Speculative
2025-11-30 00:00:00+00:00,2.5899999141693115,2.640000104904175,2.049999952316284,2.450000047683716,376096900,0.0,0.0,AMC Entertainment,AMC,Meme/Speculative
2025-12-31 00:00:00+00:00,2.400000095367432,2.440000057220459,1.5399999618530271,1.559999942779541,478555300,0.0,0.0,AMC Entertainment,AMC,Meme/Speculative
2026-01-31 00:00:00+00:00,1.5700000524520874,1.649999976158142,1.440000057220459,1.4500000476837158,160742600,0.0,0.0,AMC Entertainment,AMC,Meme/Speculative
2016-01-31 00:00:00+00:00,2.1600000858306885,2.4600000381469727,1.75,2.200000047683716,232214900,0.0,0.0,Advanced Micro Devices,AMD,Semiconductors
2016-02-29 00:00:00+00:00,2.1700000762939453,2.190000057220459,1.809999942779541,2.140000104904175,192749800,0.0,0.0,Advanced Micro Devices,AMD,Semiconductors
2016-03-31 00:00:00+00:00,2.1600000858306885,2.9800000190734863,2.119999885559082,2.8499999046325684,333321700,0.0,0.0,Advanced Micro Devices,AMD,Semiconductors
2016-04-30 00:00:00+00:00,2.789999961853028,3.990000009536743,2.5999999046325684,3.549999952316284,472576300,0.0,0.0,Advanced Micro Devices,AMD,Semiconductors
2016-05-31 00:00:00+00:00,3.5799999237060547,4.710000038146973,3.450000047683716,4.570000171661377,394438600,0.0,0.0,Advanced Micro Devices,AMD,Semiconductors
2016-06-30 00:00:00+00:00,4.599999904632568,5.519999980926514,4.070000171661377,5.139999866485596,625642500,0.0,0.0,Advanced Micro Devices,AMD,Semiconductors
2016-07-31 00:00:00+00:00,5.090000152587891,7.159999847412109,4.820000171661377,6.860000133514404,700562400,0.0,0.0,Advanced Micro Devices,AMD,Semiconductors
2016-08-31 00:00:00+00:00,6.889999866485596,8.0,6.150000095367432,7.400000095367432,606398900,0.0,0.0,Advanced Micro Devices,AMD,Semiconductors
2016-09-30 00:00:00+00:00,7.179999828338623,7.639999866485596,5.659999847412109,6.909999847412109,1041904000,0.0,0.0,Advanced Micro Devices,AMD,Semiconductors
2016-10-31 00:00:00+00:00,6.949999809265137,7.53000020980835,6.239999771118164,7.230000019073486,869559700,0.0,0.0,Advanced Micro Devices,AMD,Semiconductors
2016-11-30 00:00:00+00:00,7.320000171661377,9.229999542236328,6.21999979019165,8.90999984741211,990277900,0.0,0.0,Advanced Micro Devices,AMD,Semiconductors
2016-12-31 00:00:00+00:00,8.920000076293945,12.420000076293944,8.260000228881836,11.34000015258789,1155647500,0.0,0.0,Advanced Micro Devices,AMD,Semiconductors
2017-01-31 00:00:00+00:00,11.420000076293944,11.6899995803833,9.420000076293944,10.369999885559082,878890400,0.0,0.0,Advanced Micro Devices,AMD,Semiconductors
2017-02-28 00:00:00+00:00,10.899999618530272,15.550000190734863,10.8100004196167,14.460000038146973,1571999700,0.0,0.0,Advanced Micro Devices,AMD,Semiconductors
2017-03-31 00:00:00+00:00,15.079999923706056,15.09000015258789,12.380000114440918,14.550000190734863,1733593200,0.0,0.0,Advanced Micro Devices,AMD,Semiconductors
2017-04-30 00:00:00+00:00,14.600000381469728,14.739999771118164,12.220000267028809,13.300000190734863,943383500,0.0,0.0,Advanced Micro Devices,AMD,Semiconductors
2017-05-31 00:00:00+00:00,13.43000030517578,13.630000114440918,9.850000381469728,11.1899995803833,1716437000,0.0,0.0,Advanced Micro Devices,AMD,Semiconductors
2017-06-30 00:00:00+00:00,11.25,14.670000076293944,10.56999969482422,12.479999542236328,2208152100,0.0,0.0,Advanced Micro Devices,AMD,Semiconductors
2017-07-31 00:00:00+00:00,12.56999969482422,15.649999618530272,12.130000114440918,13.609999656677246,1710461400,0.0,0.0,Advanced Micro Devices,AMD,Semiconductors
2017-08-31 00:00:00+00:00,13.720000267028809,13.93000030517578,11.859999656677246,13.0,1190382100,0.0,0.0,Advanced Micro Devices,AMD,Semiconductors
2017-09-30 00:00:00+00:00,13.119999885559082,14.239999771118164,12.039999961853027,12.75,1209201600,0.0,0.0,Advanced Micro Devices,AMD,Semiconductors
2017-10-31 00:00:00+00:00,12.800000190734863,14.40999984741211,10.649999618530272,10.989999771118164,1358068500,0.0,0.0,Advanced Micro Devices,AMD,Semiconductors
2017-11-30 00:00:00+00:00,11.25,12.270000457763672,10.65999984741211,10.890000343322754,1039199400,0.0,0.0,Advanced Micro Devices,AMD,Semiconductors
2017-12-31 00:00:00+00:00,10.8100004196167,11.1899995803833,9.699999809265137,10.279999732971191,795755000,0.0,0.0,Advanced Micro Devices,AMD,Semiconductors
2018-01-31 00:00:00+00:00,10.420000076293944,13.850000381469728,10.34000015258789,13.739999771118164,1335288900,0.0,0.0,Advanced Micro Devices,AMD,Semiconductors
2018-02-28 00:00:00+00:00,13.619999885559082,13.84000015258789,10.630000114440918,12.109999656677246,1103985800,0.0,0.0,Advanced Micro Devices,AMD,Semiconductors
2018-03-31 00:00:00+00:00,12.260000228881836,12.81999969482422,9.789999961853027,10.050000190734863,1483511900,0.0,0.0,Advanced Micro Devices,AMD,Semiconductors
2018-04-30 00:00:00+00:00,9.989999771118164,11.359999656677246,9.039999961853027,10.880000114440918,1163360900,0.0,0.0,Advanced Micro Devices,AMD,Semiconductors
2018-05-31 00:00:00+00:00,10.829999923706056,13.949999809265137,10.770000457763672,13.729999542236328,1020602700,0.0,0.0,Advanced Micro Devices,AMD,Semiconductors
2018-06-30 00:00:00+00:00,13.979999542236328,17.34000015258789,13.920000076293944,14.989999771118164,1632781900,0.0,0.0,Advanced Micro Devices,AMD,Semiconductors
2018-07-31 00:00:00+00:00,14.800000190734863,20.18000030517578,14.739999771118164,18.32999992370605,1456419400,0.0,0.0,Advanced Micro Devices,AMD,Semiconductors
2018-08-31 00:00:00+00:00,18.34000015258789,27.299999237060547,18.0,25.170000076293945,2201119100,0.0,0.0,Advanced Micro Devices,AMD,Semiconductors
2018-09-30 00:00:00+00:00,25.6200008392334,34.13999938964844,25.56999969482422,30.88999938964844,3063055900,0.0,0.0,Advanced Micro Devices,AMD,Semiconductors
2018-10-31 00:00:00+00:00,30.690000534057617,31.90999984741211,16.170000076293945,18.209999084472656,2655213100,0.0,0.0,Advanced Micro Devices,AMD,Semiconductors
2018-11-30 00:00:00+00:00,18.40999984741211,22.21999931335449,17.18000030517578,21.299999237060547,2140346900,0.0,0.0,Advanced Micro Devices,AMD,Semiconductors
2018-12-31 00:00:00+00:00,22.479999542236328,23.75,16.030000686645508,18.459999084472656,1981674300,0.0,0.0,Advanced Micro Devices,AMD,Semiconductors
2019-01-31 00:00:00+00:00,18.010000228881836,25.13999938964844,16.940000534057617,24.40999984741211,2311913200,0.0,0.0,Advanced Micro Devices,AMD,Semiconductors
2019-02-28 00:00:00+00:00,24.61000061035156,25.520000457763672,22.270000457763672,23.530000686645508,1301360800,0.0,0.0,Advanced Micro Devices,AMD,Semiconductors
2019-03-31 00:00:00+00:00,23.96999931335449,28.11000061035156,21.040000915527344,25.520000457763672,1499160400,0.0,0.0,Advanced Micro Devices,AMD,Semiconductors
2019-04-30 00:00:00+00:00,26.420000076293945,29.950000762939453,25.82999992370605,27.6299991607666,1275793800,0.0,0.0,Advanced Micro Devices,AMD,Semiconductors
2019-05-31 00:00:00+00:00,28.950000762939453,29.670000076293945,26.030000686645508,27.40999984741211,1675142900,0.0,0.0,Advanced Micro Devices,AMD,Semiconductors
2019-06-30 00:00:00+00:00,28.75,34.29999923706055,27.290000915527344,30.3700008392334,1578411200,0.0,0.0,Advanced Micro Devices,AMD,Semiconductors
2019-07-31 00:00:00+00:00,31.790000915527344,34.86000061035156,30.100000381469727,30.450000762939453,1155469400,0.0,0.0,Advanced Micro Devices,AMD,Semiconductors
2019-08-31 00:00:00+00:00,30.5,35.54999923706055,27.649999618530277,31.450000762939453,1645871800,0.0,0.0,Advanced Micro Devices,AMD,Semiconductors
2019-09-30 00:00:00+00:00,30.82999992370605,32.04999923706055,28.350000381469727,28.989999771118164,1012749700,0.0,0.0,Advanced Micro Devices,AMD,Semiconductors
2019-10-31 00:00:00+00:00,29.049999237060547,34.34000015258789,27.43000030517578,33.93000030517578,1067281800,0.0,0.0,Advanced Micro Devices,AMD,Semiconductors
2019-11-30 00:00:00+00:00,34.369998931884766,41.790000915527344,34.099998474121094,39.150001525878906,1202279900,0.0,0.0,Advanced Micro Devices,AMD,Semiconductors
2019-12-31 00:00:00+00:00,39.31999969482422,47.310001373291016,37.150001525878906,45.86000061035156,982440800,0.0,0.0,Advanced Micro Devices,AMD,Semiconductors
2020-01-31 00:00:00+00:00,46.86000061035156,52.810001373291016,46.09999847412109,47.0,1227882000,0.0,0.0,Advanced Micro Devices,AMD,Semiconductors
2020-02-29 00:00:00+00:00,46.400001525878906,59.27000045776367,41.040000915527344,45.47999954223633,1283146900,0.0,0.0,Advanced Micro Devices,AMD,Semiconductors
2020-03-31 00:00:00+00:00,47.41999816894531,50.20000076293945,36.75,45.47999954223633,2095887300,0.0,0.0,Advanced Micro Devices,AMD,Semiconductors
2020-04-30 00:00:00+00:00,44.18000030517578,58.630001068115234,41.70000076293945,52.38999938964844,1714615700,0.0,0.0,Advanced Micro Devices,AMD,Semiconductors
2020-05-31 00:00:00+00:00,51.06999969482422,56.97999954223633,49.09000015258789,53.79999923706055,1192698100,0.0,0.0,Advanced Micro Devices,AMD,Semiconductors
2020-06-30 00:00:00+00:00,53.310001373291016,59.0,48.41999816894531,52.61000061035156,1174606200,0.0,0.0,Advanced Micro Devices,AMD,Semiconductors
2020-07-31 00:00:00+00:00,52.630001068115234,78.95999908447266,51.59999847412109,77.43000030517578,1563684800,0.0,0.0,Advanced Micro Devices,AMD,Semiconductors
2020-08-31 00:00:00+00:00,78.19000244140625,92.63999938964844,76.0999984741211,90.81999969482422,1220335300,0.0,0.0,Advanced Micro Devices,AMD,Semiconductors
2020-09-30 00:00:00+00:00,91.91999816894533,94.27999877929688,73.8499984741211,81.98999786376953,1168263000,0.0,0.0,Advanced Micro Devices,AMD,Semiconductors
2020-10-31 00:00:00+00:00,83.05999755859375,88.72000122070312,74.2300033569336,75.29000091552734,1181118000,0.0,0.0,Advanced Micro Devices,AMD,Semiconductors
2020-11-30 00:00:00+00:00,75.8499984741211,92.73999786376952,73.76000213623047,92.66000366210938,907041400,0.0,0.0,Advanced Micro Devices,AMD,Semiconductors
2020-12-31 00:00:00+00:00,92.25,97.9800033569336,89.02999877929688,91.70999908447266,848701400,0.0,0.0,Advanced Micro Devices,AMD,Semiconductors
2021-01-31 00:00:00+00:00,92.11000061035156,99.2300033569336,85.0199966430664,85.63999938964844,997848700,0.0,0.0,Advanced Micro Devices,AMD,Semiconductors
2021-02-28 00:00:00+00:00,86.83000183105469,94.22000122070312,79.36000061035156,84.51000213623047,734954400,0.0,0.0,Advanced Micro Devices,AMD,Semiconductors
2021-03-31 00:00:00+00:00,85.37000274658203,86.94999694824219,73.86000061035156,78.5,1008228800,0.0,0.0,Advanced Micro Devices,AMD,Semiconductors
2021-04-30 00:00:00+00:00,80.16000366210938,89.19999694824219,77.94000244140625,81.62000274658203,986273800,0.0,0.0,Advanced Micro Devices,AMD,Semiconductors
2021-05-31 00:00:00+00:00,81.97000122070312,82.0,72.5,80.08000183105469,892921300,0.0,0.0,Advanced Micro Devices,AMD,Semiconductors
2021-06-30 00:00:00+00:00,81.01000213623047,94.33999633789062,78.95999908447266,93.93000030517578,812057600,0.0,0.0,Advanced Micro Devices,AMD,Semiconductors
2021-07-31 00:00:00+00:00,94.04000091552734,106.97000122070312,84.23999786376953,106.19000244140624,1138187300,0.0,0.0,Advanced Micro Devices,AMD,Semiconductors
2021-08-31 00:00:00+00:00,105.93000030517578,122.48999786376952,101.9800033569336,110.72000122070312,1998312900,0.0,0.0,Advanced Micro Devices,AMD,Semiconductors
2021-09-30 00:00:00+00:00,111.3000030517578,111.8499984741211,99.51000213623048,102.9000015258789,867104200,0.0,0.0,Advanced Micro Devices,AMD,Semiconductors
2021-10-31 00:00:00+00:00,102.5999984741211,128.0800018310547,99.81999969482422,120.2300033569336,930236100,0.0,0.0,Advanced Micro Devices,AMD,Semiconductors
2021-11-30 00:00:00+00:00,119.4499969482422,164.4600067138672,118.12999725341795,158.3699951171875,1373609400,0.0,0.0,Advanced Micro Devices,AMD,Semiconductors
2021-12-31 00:00:00+00:00,160.3699951171875,160.8800048828125,130.60000610351562,143.89999389648438,1175493900,0.0,0.0,Advanced Micro Devices,AMD,Semiconductors
2022-01-31 00:00:00+00:00,145.13999938964844,152.4199981689453,99.3499984741211,114.25,1638612600,0.0,0.0,Advanced Micro Devices,AMD,Semiconductors
2022-02-28 00:00:00+00:00,116.75,132.9600067138672,104.26000213623048,123.33999633789062,2293656000,0.0,0.0,Advanced Micro Devices,AMD,Semiconductors
2022-03-31 00:00:00+00:00,122.33000183105467,125.66999816894533,100.08000183105467,109.33999633789062,2460278900,0.0,0.0,Advanced Micro Devices,AMD,Semiconductors
2022-04-30 00:00:00+00:00,110.4800033569336,111.41999816894533,84.0199966430664,85.5199966430664,1719017900,0.0,0.0,Advanced Micro Devices,AMD,Semiconductors
2022-05-31 00:00:00+00:00,85.66000366210938,104.5500030517578,83.2699966430664,101.86000061035156,2898334400,0.0,0.0,Advanced Micro Devices,AMD,Semiconductors
2022-06-30 00:00:00+00:00,102.12999725341795,109.56999969482422,75.4800033569336,76.47000122070312,2030987200,0.0,0.0,Advanced Micro Devices,AMD,Semiconductors
2022-07-31 00:00:00+00:00,75.19000244140625,94.80999755859376,71.5999984741211,94.47000122070312,1633255900,0.0,0.0,Advanced Micro Devices,AMD,Semiconductors
2022-08-31 00:00:00+00:00,95.58999633789062,104.58999633789062,83.72000122070312,84.87000274658203,1801038400,0.0,0.0,Advanced Micro Devices,AMD,Semiconductors
2022-09-30 00:00:00+00:00,82.3499984741211,85.68000030517578,62.83000183105469,63.36000061035156,1677508600,0.0,0.0,Advanced Micro Devices,AMD,Semiconductors
2022-10-31 00:00:00+00:00,64.45999908447266,70.29000091552734,54.56999969482422,60.060001373291016,1961500500,0.0,0.0,Advanced Micro Devices,AMD,Semiconductors
2022-11-30 00:00:00+00:00,61.4900016784668,79.16000366210938,58.02999877929688,77.62999725341797,1681532600,0.0,0.0,Advanced Micro Devices,AMD,Semiconductors
2022-12-31 00:00:00+00:00,78.30999755859375,79.2300033569336,61.959999084472656,64.7699966430664,1149724900,0.0,0.0,Advanced Micro Devices,AMD,Semiconductors
2023-01-31 00:00:00+00:00,66.0,77.08000183105469,60.04999923706055,75.1500015258789,1081467000,0.0,0.0,Advanced Micro Devices,AMD,Semiconductors
2023-02-28 00:00:00+00:00,78.47000122070312,88.94000244140625,75.91999816894531,78.58000183105469,1145820100,0.0,0.0,Advanced Micro Devices,AMD,Semiconductors
2023-03-31 00:00:00+00:00,78.55000305175781,102.43000030517578,76.6500015258789,98.01000213623048,1656082900,0.0,0.0,Advanced Micro Devices,AMD,Semiconductors
2023-04-30 00:00:00+00:00,96.6999969482422,97.2699966430664,83.76000213623047,89.37000274658203,895569200,0.0,0.0,Advanced Micro Devices,AMD,Semiconductors
2023-05-31 00:00:00+00:00,91.02999877929688,130.7899932861328,81.0199966430664,118.20999908447266,1763501900,0.0,0.0,Advanced Micro Devices,AMD,Semiconductors
2023-06-30 00:00:00+00:00,117.29000091552734,132.8300018310547,107.08000183105467,113.91000366210938,1542984600,0.0,0.0,Advanced Micro Devices,AMD,Semiconductors
2023-07-31 00:00:00+00:00,115.16000366210938,122.12000274658205,108.5500030517578,114.4000015258789,1141976800,0.0,0.0,Advanced Micro Devices,AMD,Semiconductors
2023-08-31 00:00:00+00:00,114.26000213623048,119.5,99.58000183105467,105.72000122070312,1571438600,0.0,0.0,Advanced Micro Devices,AMD,Semiconductors
2023-09-30 00:00:00+00:00,107.0,111.81999969482422,94.45999908447266,102.81999969482422,1044490600,0.0,0.0,Advanced Micro Devices,AMD,Semiconductors
2023-10-31 00:00:00+00:00,102.20999908447266,111.30999755859376,93.12000274658205,98.5,1160990100,0.0,0.0,Advanced Micro Devices,AMD,Semiconductors
2023-11-30 00:00:00+00:00,98.58000183105467,125.7300033569336,98.5,121.16000366210938,1116347700,0.0,0.0,Advanced Micro Devices,AMD,Semiconductors
2023-12-31 00:00:00+00:00,119.87999725341795,151.0500030517578,116.37000274658205,147.41000366210938,1280195500,0.0,0.0,Advanced Micro Devices,AMD,Semiconductors
2024-01-31 00:00:00+00:00,144.27999877929688,184.9199981689453,133.74000549316406,167.69000244140625,1956510100,0.0,0.0,Advanced Micro Devices,AMD,Semiconductors
2024-02-29 00:00:00+00:00,169.27000427246094,193.0,161.80999755859375,192.52999877929688,1271419300,0.0,0.0,Advanced Micro Devices,AMD,Semiconductors
2024-03-31 00:00:00+00:00,197.91000366210935,227.3000030517578,172.0,180.4900054931641,1528117700,0.0,0.0,Advanced Micro Devices,AMD,Semiconductors
2024-04-30 00:00:00+00:00,180.10000610351562,187.2400054931641,145.2899932861328,158.3800048828125,1243116700,0.0,0.0,Advanced Micro Devices,AMD,Semiconductors
2024-05-31 00:00:00+00:00,148.11000061035156,174.5500030517578,141.16000366210938,166.89999389648438,1119411100,0.0,0.0,Advanced Micro Devices,AMD,Semiconductors
2024-06-30 00:00:00+00:00,170.82000732421875,171.0800018310547,153.33999633789062,162.2100067138672,959157900,0.0,0.0,Advanced Micro Devices,AMD,Semiconductors
2024-07-31 00:00:00+00:00,161.25,187.27999877929688,134.0500030517578,144.47999572753906,1243397700,0.0,0.0,Advanced Micro Devices,AMD,Semiconductors
2024-08-31 00:00:00+00:00,145.0,162.0399932861328,121.83000183105467,148.55999755859375,1101975100,0.0,0.0,Advanced Micro Devices,AMD,Semiconductors
2024-09-30 00:00:00+00:00,146.41000366210938,168.72999572753906,132.11000061035156,164.0800018310547,659948700,0.0,0.0,Advanced Micro Devices,AMD,Semiconductors
2024-10-31 00:00:00+00:00,164.47999572753906,174.0500030517578,143.3300018310547,144.07000732421875,900788500,0.0,0.0,Advanced Micro Devices,AMD,Semiconductors
2024-11-30 00:00:00+00:00,144.44000244140625,150.7100067138672,132.9600067138672,137.17999267578125,611536700,0.0,0.0,Advanced Micro Devices,AMD,Semiconductors
2024-12-31 00:00:00+00:00,137.9199981689453,144.1199951171875,117.9000015258789,120.79000091552734,814343000,0.0,0.0,Advanced Micro Devices,AMD,Semiconductors
2025-01-31 00:00:00+00:00,122.29000091552734,131.7100067138672,112.8000030517578,115.9499969482422,779088400,0.0,0.0,Advanced Micro Devices,AMD,Semiconductors
2025-02-28 00:00:00+00:00,113.87999725341795,119.8499984741211,98.69000244140624,99.86000061035156,798519600,0.0,0.0,Advanced Micro Devices,AMD,Semiconductors
2025-03-31 00:00:00+00:00,101.5199966430664,115.9000015258789,94.7300033569336,102.73999786376952,721274200,0.0,0.0,Advanced Micro Devices,AMD,Semiconductors
2025-04-30 00:00:00+00:00,102.16000366210938,104.19000244140624,76.4800033569336,97.3499984741211,936362700,0.0,0.0,Advanced Micro Devices,AMD,Semiconductors
2025-05-31 00:00:00+00:00,99.2699966430664,122.5199966430664,96.4499969482422,110.7300033569336,910142900,0.0,0.0,Advanced Micro Devices,AMD,Semiconductors
2025-06-30 00:00:00+00:00,111.05999755859376,147.75,111.01000213623048,141.89999389648438,1075783700,0.0,0.0,Advanced Micro Devices,AMD,Semiconductors
2025-07-31 00:00:00+00:00,138.77000427246094,182.5,133.5,176.30999755859375,1186301600,0.0,0.0,Advanced Micro Devices,AMD,Semiconductors
2025-08-31 00:00:00+00:00,170.16000366210938,186.6499938964844,157.8000030517578,162.6300048828125,1305775000,0.0,0.0,Advanced Micro Devices,AMD,Semiconductors
2025-09-30 00:00:00+00:00,158.4199981689453,165.10000610351562,149.22000122070312,161.7899932861328,915555100,0.0,0.0,Advanced Micro Devices,AMD,Semiconductors
2025-10-31 00:00:00+00:00,160.92999267578125,267.0799865722656,160.49000549316406,256.1199951171875,1759727400,0.0,0.0,Advanced Micro Devices,AMD,Semiconductors
2025-11-30 00:00:00+00:00,259.3299865722656,263.510009765625,194.27999877929688,217.52999877929688,1050767500,0.0,0.0,Advanced Micro Devices,AMD,Semiconductors
2025-12-31 00:00:00+00:00,213.8800048828125,225.97999572753903,197.52999877929688,214.16000366210935,599995500,0.0,0.0,Advanced Micro Devices,AMD,Semiconductors
2026-01-31 00:00:00+00:00,218.8999938964844,234.0200042724609,203.3300018310547,204.67999267578125,165561200,0.0,0.0,Advanced Micro Devices,AMD,Semiconductors
2016-01-31 00:00:00+00:00,36.32305178332868,37.96862192407068,34.13111648772049,37.78203201293945,768542000,0.0,0.0,Alphabet,GOOGL,Technology
2016-02-29 00:00:00+00:00,38.273814549313805,40.21365848984623,33.84477677313804,35.592071533203125,1352946000,0.0,0.0,Alphabet,GOOGL,Technology
2016-03-31 00:00:00+00:00,35.79454555119767,38.574048330382446,34.93603783013441,37.85895156860352,853314000,0.0,0.0,Alphabet,GOOGL,Technology
2016-04-30 00:00:00+00:00,37.574110386910114,39.25093120393672,34.8963349082586,35.128570556640625,933228000,0.0,0.0,Alphabet,GOOGL,Technology
2016-05-31 00:00:00+00:00,35.32906625697301,37.391479150204965,34.93851280156946,37.16171646118164,682046000,0.0,0.0,Alphabet,GOOGL,Technology
2016-06-30 00:00:00+00:00,37.1428566650963,37.28676974672431,33.380785019414105,34.91271209716797,839330000,0.0,0.0,Alphabet,GOOGL,Technology
2016-07-31 00:00:00+00:00,34.9906242245258,39.895559434781816,34.687911825710025,39.270286560058594,653244000,0.0,0.0,Alphabet,GOOGL,Technology
2016-08-31 00:00:00+00:00,39.03853465586516,40.388834781018886,38.957644831751125,39.19633865356445,577080000,0.0,0.0,Alphabet,GOOGL,Technology
2016-09-30 00:00:00+00:00,39.30204388492984,40.645890488382086,38.88122866671199,39.90151596069336,630896000,0.0,0.0,Alphabet,GOOGL,Technology
2016-10-31 00:00:00+00:00,39.82657511978412,41.63541491643057,39.512946770206256,40.19131851196289,707820000,0.0,0.0,Alphabet,GOOGL,Technology
2016-11-30 00:00:00+00:00,40.2394607782912,40.49601719627724,36.900694008931225,38.50308609008789,967068000,0.0,0.0,Alphabet,GOOGL,Technology
2016-12-31 00:00:00+00:00,38.635583087431,40.90592691181696,37.38552572575792,39.32537078857422,687126000,0.0,0.0,Alphabet,GOOGL,Technology
2017-01-31 00:00:00+00:00,39.73080209555945,43.02491586305554,39.54570391709154,40.701961517333984,736654000,0.0,0.0,Alphabet,GOOGL,Technology
2017-02-28 00:00:00+00:00,40.891036827172215,42.36937010447496,40.29802466313232,41.92969131469727,529816000,0.0,0.0,Alphabet,GOOGL,Technology
2017-03-31 00:00:00+00:00,42.24977427038242,43.39313698551303,40.90592847074578,42.072113037109375,691002000,0.0,0.0,Alphabet,GOOGL,Technology
2017-04-30 00:00:00+00:00,42.11926014978814,46.444078228433774,41.41706458510465,45.87934875488281,574432000,0.0,0.0,Alphabet,GOOGL,Technology
2017-05-31 00:00:00+00:00,45.86098930958472,49.60519549656907,45.6947458504112,48.9843864440918,707186000,0.0,0.0,Alphabet,GOOGL,Technology
2017-06-30 00:00:00+00:00,49.17643570727521,50.05231231589667,46.13144286001968,46.13541030883789,881706000,0.0,0.0,Alphabet,GOOGL,Technology
2017-07-31 00:00:00+00:00,46.31108282492581,49.93222601384906,45.42229810592332,46.92047882080078,838172000,0.0,0.0,Alphabet,GOOGL,Technology
2017-08-31 00:00:00+00:00,47.0351148046934,47.50109615115193,45.58556793169205,47.4038314819336,656924000,0.0,0.0,Alphabet,GOOGL,Technology
2017-09-30 00:00:00+00:00,47.51449339200041,48.42461612640098,45.8788502316786,48.320899963378906,592524000,0.0,0.0,Alphabet,GOOGL,Technology
2017-10-31 00:00:00+00:00,48.41668313550626,52.78219286366731,47.73681856095381,51.26466369628906,737076000,0.0,0.0,Alphabet,GOOGL,Technology
2017-11-30 00:00:00+00:00,51.42742644008691,53.5950529373588,51.04730052943399,51.41998291015625,573720000,0.0,0.0,Alphabet,GOOGL,Technology
2017-12-31 00:00:00+00:00,51.13414430633142,53.91711575078112,49.74017521185432,52.275020599365234,598810000,0.0,0.0,Alphabet,GOOGL,Technology
2018-01-31 00:00:00+00:00,52.25617025270984,59.45080826013059,52.25617025270984,58.667728424072266,657748000,0.0,0.0,Alphabet,GOOGL,Technology
2018-02-28 00:00:00+00:00,58.35856029058407,58.92726519390588,49.47616537961925,54.78208541870117,1026814000,0.0,0.0,Alphabet,GOOGL,Technology
2018-03-31 00:00:00+00:00,55.06097854323342,58.46624715991599,48.83104636258187,51.46812057495117,1042336000,0.0,0.0,Alphabet,GOOGL,Technology
2018-04-30 00:00:00+00:00,50.99569171418106,54.46398840232525,49.33970488229298,50.54708099365234,984928000,0.0,0.0,Alphabet,GOOGL,Technology
2018-05-31 00:00:00+00:00,50.4339378597422,55.48825358868528,50.01658840256139,54.58755493164063,740734000,0.0,0.0,Alphabet,GOOGL,Technology
2018-06-30 00:00:00+00:00,55.22622379588706,59.62399575518171,54.88877722932603,56.03610610961914,803684000,0.0,0.0,Alphabet,GOOGL,Technology
2018-07-31 00:00:00+00:00,55.34930137258343,64.08777191306355,54.9150821847872,60.90084457397461,835654000,0.0,0.0,Alphabet,GOOGL,Technology
2018-08-31 00:00:00+00:00,61.49089606736952,63.12107012121891,59.74855710834635,61.12813568115234,685718000,0.0,0.0,Alphabet,GOOGL,Technology
2018-09-30 00:00:00+00:00,60.66761072255692,60.933106536119695,57.14324585743304,59.901405334472656,718518000,0.0,0.0,Alphabet,GOOGL,Technology
2018-10-31 00:00:00+00:00,60.19518521004482,60.76686413751253,49.982345526254335,54.12009048461914,1130942000,0.0,0.0,Alphabet,GOOGL,Technology
2018-11-30 00:00:00+00:00,54.160779049904754,55.080325652955466,49.734721132277805,55.06643295288086,786236000,0.0,0.0,Alphabet,GOOGL,Technology
2018-12-31 00:00:00+00:00,56.18349452309173,56.32442795943838,48.516422384460746,51.85619354248047,857436000,0.0,0.0,Alphabet,GOOGL,Technology
2019-01-31 00:00:00+00:00,50.97484617397945,55.96067443398866,50.73515968820897,55.87234115600586,697168000,0.0,0.0,Alphabet,GOOGL,Technology
2019-02-28 00:00:00+00:00,55.693696121679096,57.26730791642464,54.26945856973418,55.90509796142578,652174000,0.0,0.0,Alphabet,GOOGL,Technology
2019-03-31 00:00:00+00:00,56.12592723769561,61.358392835207184,56.08623201715626,58.40322494506836,663738000,0.0,0.0,Alphabet,GOOGL,Technology
2019-04-30 00:00:00+00:00,58.931726317742886,64.36221430461391,58.706427581389065,59.498443603515625,647446000,0.0,0.0,Alphabet,GOOGL,Technology
2019-05-31 00:00:00+00:00,59.42599220102296,59.51283754539804,54.753794181505,54.91011428833008,742726000,0.0,0.0,Alphabet,GOOGL,Technology
2019-06-30 00:00:00+00:00,52.946449828100434,55.90608999377315,50.96641158625489,53.7339973449707,712452000,0.0,0.0,Alphabet,GOOGL,Technology
2019-07-31 00:00:00+00:00,54.63916313596366,62.94391091786699,54.35580452486069,60.45323181152344,715104000,0.0,0.0,Alphabet,GOOGL,Technology
2019-08-31 00:00:00+00:00,60.42494580862854,61.351443824494446,56.70902440596299,59.080108642578125,586310000,0.0,0.0,Alphabet,GOOGL,Technology
2019-09-30 00:00:00+00:00,58.64935686645036,61.93305035535258,57.749160872894805,60.5991325378418,517072000,0.0,0.0,Alphabet,GOOGL,Technology
2019-10-31 00:00:00+00:00,60.66612306571231,64.47484407974726,57.720878923332165,62.46800231933594,603634000,0.0,0.0,Alphabet,GOOGL,Technology
2019-11-30 00:00:00+00:00,62.81539142602444,66.19583908399201,62.51317428532236,64.71552276611328,528780000,0.0,0.0,Alphabet,GOOGL,Technology
2019-12-31 00:00:00+00:00,64.63960041458883,67.83992851181304,63.37366781140592,66.46727752685547,559106000,0.0,0.0,Alphabet,GOOGL,Technology
2020-01-31 00:00:00+00:00,66.91491076451707,74.46634490630905,66.81963000871814,71.10176849365234,673594000,0.0,0.0,Alphabet,GOOGL,Technology
2020-02-29 00:00:00+00:00,72.53445879410422,75.96305477198614,62.93498452971546,66.4603500366211,830656000,0.0,0.0,Alphabet,GOOGL,Technology
2020-03-31 00:00:00+00:00,67.06279499656021,69.8814980608443,50.06522244779054,57.66181945800781,1570716000,0.0,0.0,Alphabet,GOOGL,Technology
2020-04-30 00:00:00+00:00,55.778546811008695,67.49750400441403,53.35089831480392,66.83004760742188,1124224000,0.0,0.0,Alphabet,GOOGL,Technology
2020-05-31 00:00:00+00:00,65.70801754388526,71.713647949531,64.31456381571466,71.13849639892578,725130000,0.0,0.0,Alphabet,GOOGL,Technology
2020-06-30 00:00:00+00:00,70.75043231360314,73.2361474446459,67.07569949381947,70.37078857421875,814160000,0.0,0.0,Alphabet,GOOGL,Technology
2020-07-31 00:00:00+00:00,70.42638389298779,78.75743169114544,70.17875084186853,73.83959197998047,822998000,0.0,0.0,Alphabet,GOOGL,Technology
2020-08-31 00:00:00+00:00,73.9909441597244,82.01978600785452,72.65255421158827,80.8655014038086,614564000,0.0,0.0,Alphabet,GOOGL,Technology
2020-09-30 00:00:00+00:00,80.99602062020955,85.65779065315286,69.58175518077466,72.73046112060547,836634000,0.0,0.0,Alphabet,GOOGL,Technology
2020-10-31 00:00:00+00:00,73.62670420280419,83.4355865281123,71.12410260316045,80.19953155517578,854920000,0.0,0.0,Alphabet,GOOGL,Technology
2020-11-30 00:00:00+00:00,80.56824749297716,90.1632451235662,80.00103633038269,87.06217956542969,631912000,0.0,0.0,Alphabet,GOOGL,Technology
2020-12-31 00:00:00+00:00,87.67058926121352,91.50013942106152,84.06482215164931,86.974853515625,608630000,0.0,0.0,Alphabet,GOOGL,Technology
2021-01-31 00:00:00+00:00,87.34006802820913,95.87957377976775,84.1690528949986,90.68283081054688,791662000,0.0,0.0,Alphabet,GOOGL,Technology
2021-02-28 00:00:00+00:00,91.537869114529,106.45266255650846,91.537869114529,100.3373794555664,678324000,0.0,0.0,Alphabet,GOOGL,Technology
2021-03-31 00:00:00+00:00,101.63210667965502,104.89444552557276,98.95233642673432,102.35264587402344,756694000,0.0,0.0,Alphabet,GOOGL,Technology
2021-04-30 00:00:00+00:00,103.82801379599192,120.65733132905795,103.78732089156456,116.79254913330078,702352000,0.0,0.0,Alphabet,GOOGL,Technology
2021-05-31 00:00:00+00:00,117.35876574374358,118.55672483396802,108.85850395774958,116.95879364013672,603480000,0.0,0.0,Alphabet,GOOGL,Technology
2021-06-30 00:00:00+00:00,117.83169739325494,122.17240182650193,115.60253582286344,121.17394256591795,544936000,0.0,0.0,Alphabet,GOOGL,Technology
2021-07-31 00:00:00+00:00,120.81217357840106,137.2599079039197,120.62012792060024,133.71617126464844,610808000,0.0,0.0,Alphabet,GOOGL,Technology
2021-08-31 00:00:00+00:00,134.10375968033432,144.87586650188038,132.31974039561504,143.61241149902344,461586000,0.0,0.0,Alphabet,GOOGL,Technology
2021-09-30 00:00:00+00:00,143.91264203896188,145.15723608656572,132.55444295249788,132.6735382080078,590840000,0.0,0.0,Alphabet,GOOGL,Technology
2021-10-31 00:00:00+00:00,133.43925271047587,147.5352558412774,130.0672375051425,146.93580627441406,720758000,0.0,0.0,Alphabet,GOOGL,Technology
2021-11-30 00:00:00+00:00,146.93578052178322,149.83440281847206,140.53961906199348,140.83340454101562,608378000,0.0,0.0,Alphabet,GOOGL,Technology
2021-12-31 00:00:00+00:00,142.92016563047554,147.98189902251838,138.27623682243168,143.7657470703125,619694000,0.0,0.0,Alphabet,GOOGL,Technology
2022-01-31 00:00:00+00:00,143.9672057510473,145.38650621065128,123.56637755178818,134.28883361816406,767206000,0.0,0.0,Alphabet,GOOGL,Technology
2022-02-28 00:00:00+00:00,136.56267283391475,150.41003482370965,124.01646653856334,134.04421997070312,928126000,0.0,0.0,Alphabet,GOOGL,Technology
2022-03-31 00:00:00+00:00,133.86704226332247,142.71519472589625,124.33555942411138,138.02462768554688,729162000,0.0,0.0,Alphabet,GOOGL,Technology
2022-04-30 00:00:00+00:00,138.4538680484704,142.63432431956434,111.89109321295378,113.2537841796875,761152000,0.0,0.0,Alphabet,GOOGL,Technology
2022-05-31 00:00:00+00:00,112.55456335153876,121.93321721937868,101.12045104597232,112.90890502929688,850450000,0.0,0.0,Alphabet,GOOGL,Technology
2022-06-30 00:00:00+00:00,113.99370154703936,118.4520163103312,104.25823751720216,108.14588165283205,770754000,0.0,0.0,Alphabet,GOOGL,Technology
2022-07-31 00:00:00+00:00,107.12360957404448,118.78747686308,103.2895719046994,115.44772338867188,789529700,0.0,20.0,Alphabet,GOOGL,Technology
2022-08-31 00:00:00+00:00,114.4353523994771,121.511890161635,106.99160404194176,107.408447265625,515852700,0.0,0.0,Alphabet,GOOGL,Technology
2022-09-30 00:00:00+00:00,107.46800272981824,110.78295884863972,94.84337972533169,94.93270874023438,613278900,0.0,0.0,Alphabet,GOOGL,Technology
2022-10-31 00:00:00+00:00,96.03438493049777,104.03395702844,91.1115937849124,93.80126190185548,681488300,0.0,0.0,Alphabet,GOOGL,Technology
2022-11-30 00:00:00+00:00,94.73422363455774,100.28229409060886,82.71503040774212,100.232666015625,716522700,0.0,0.0,Alphabet,GOOGL,Technology
2022-12-31 00:00:00+00:00,100.26243983174288,101.48321929784336,85.29552938926575,87.56836700439453,603127800,0.0,0.0,Alphabet,GOOGL,Technology
2023-01-31 00:00:00+00:00,88.91815210738409,99.5676974204637,84.2236299964327,98.0987777709961,672897800,0.0,0.0,Alphabet,GOOGL,Technology
2023-02-28 00:00:00+00:00,97.96976188272887,107.36876090901448,87.91573789556128,89.38463592529297,952580200,0.0,0.0,Alphabet,GOOGL,Technology
2023-03-31 00:00:00+00:00,89.30523306552612,105.7906724373006,88.74942886454899,102.9521255493164,859933900,0.0,0.0,Alphabet,GOOGL,Technology
2023-04-30 00:00:00+00:00,101.62217211579193,108.35132454892717,101.16562258542722,106.53504180908205,604106300,0.0,0.0,Alphabet,GOOGL,Technology
2023-05-31 00:00:00+00:00,106.03879433997652,125.48189991592048,102.93227756090717,121.94859313964844,820611200,0.0,0.0,Alphabet,GOOGL,Technology
2023-06-30 00:00:00+00:00,121.89896868299527,128.07233317524708,115.22935421985996,118.80235290527344,656851900,0.0,0.0,Alphabet,GOOGL,Technology
2023-07-31 00:00:00+00:00,118.34581546548606,132.73707431896543,114.48498846913382,131.7247314453125,708341900,0.0,0.0,Alphabet,GOOGL,Technology
2023-08-31 00:00:00+00:00,129.79927708428264,136.9651434659,125.4322628444653,135.14886474609375,593329000,0.0,0.0,Alphabet,GOOGL,Technology
2023-09-30 00:00:00+00:00,136.4291897075704,138.11642627515133,126.26596037420376,129.87867736816406,477599300,0.0,0.0,Alphabet,GOOGL,Technology
2023-10-31 00:00:00+00:00,130.22603966262653,140.16099905970523,119.30853665872228,123.1495132446289,680747700,0.0,0.0,Alphabet,GOOGL,Technology
2023-11-30 00:00:00+00:00,123.13959750160885,138.37448040468396,122.79222366961514,131.53614807128906,535233300,0.0,0.0,Alphabet,GOOGL,Technology
2023-12-31 00:00:00+00:00,130.8711700439453,141.6100606070835,126.94086915840349,138.64247131347656,619995600,0.0,0.0,Alphabet,GOOGL,Technology
2024-01-31 00:00:00+00:00,137.51100529289818,152.62678991300623,134.1364906048939,139.04937744140625,581871000,0.0,0.0,Alphabet,GOOGL,Technology
2024-02-29 00:00:00+00:00,141.0542328791591,148.31933219973374,134.3945422616018,137.42169189453125,647623800,0.0,0.0,Alphabet,GOOGL,Technology
2024-03-31 00:00:00+00:00,137.39190716020826,151.11820364195134,129.69009277405854,149.7981719970703,672715700,0.0,0.0,Alphabet,GOOGL,Technology
2024-04-30 00:00:00+00:00,149.5599671303415,173.39983456886753,148.47815275024013,161.55929565429688,659848400,0.0,0.0,Alphabet,GOOGL,Technology
2024-05-31 00:00:00+00:00,163.0679131791334,177.42937906819694,161.82731855961745,171.2064208984375,542386500,0.0,0.0,Alphabet,GOOGL,Technology
2024-06-30 00:00:00+00:00,171.24611844022382,184.86674877735996,169.8764773378859,180.99151611328125,460108700,0.2,0.0,Alphabet,GOOGL,Technology
2024-07-31 00:00:00+00:00,181.86592606220148,190.53046286697955,163.0165774179734,170.44900512695312,526128300,0.0,0.0,Alphabet,GOOGL,Technology
2024-08-31 00:00:00+00:00,169.1672144988525,172.94304963161613,153.94465019728176,162.3408966064453,550739500,0.0,0.0,Alphabet,GOOGL,Technology
2024-09-30 00:00:00+00:00,160.69146292560666,165.31236092462515,146.47778778010462,165.01388549804688,532543100,0.2,0.0,Alphabet,GOOGL,Technology
2024-10-31 00:00:00+00:00,166.8446002669535,181.1023590425056,158.9346838265827,170.24734497070312,569309100,0.0,0.0,Alphabet,GOOGL,Technology
2024-11-30 00:00:00+00:00,169.2126171068855,181.57000052707397,162.87471698401734,168.09823608398438,529919300,0.0,0.0,Alphabet,GOOGL,Technology
2024-12-31 00:00:00+00:00,167.91916912565142,200.6342160179093,167.72018043971005,188.5615081787109,645610200,0.2,0.0,Alphabet,GOOGL,Technology
2025-01-31 00:00:00+00:00,189.90623605246924,204.67837101004093,186.62907690279675,203.2240753173828,500334600,0.0,0.0,Alphabet,GOOGL,Technology
2025-02-28 00:00:00+00:00,199.9070748720424,206.2422592489475,166.11942092343116,169.61572265625,629376900,0.0,0.0,Alphabet,GOOGL,Technology
2025-03-31 00:00:00+00:00,171.25927958138345,174.28741777289434,150.24509161947617,154.21412658691406,732152300,0.2,0.0,Alphabet,GOOGL,Technology
2025-04-30 00:00:00+00:00,153.1969250530925,165.6425750916004,140.14298415460087,158.3626708984375,842648300,0.0,0.0,Alphabet,GOOGL,Technology
2025-05-31 00:00:00+00:00,160.00810878606782,176.28319020253377,147.43284488902702,171.2670440673828,942494200,0.0,0.0,Alphabet,GOOGL,Technology
2025-06-30 00:00:00+00:00,167.37778881652682,180.9496789906673,161.7494257286143,175.95741271972656,847382400,0.21,0.0,Alphabet,GOOGL,Technology
2025-07-31 00:00:00+00:00,175.46818749328466,197.64381545602905,172.50278095171484,191.60317993164065,860114400,0.0,0.0,Alphabet,GOOGL,Technology
2025-08-31 00:00:00+00:00,188.73762721302063,214.31800279201352,187.5295072444748,212.5807037353516,617570900,0.0,0.0,Alphabet,GOOGL,Technology
2025-09-30 00:00:00+00:00,208.11761422314743,255.83265939150547,205.88107328271496,242.94110107421875,829465500,0.21,0.0,Alphabet,GOOGL,Technology
2025-10-31 00:00:00+00:00,240.59263270567308,291.3993974290424,235.6858257251368,281.0061950683594,729575900,0.0,0.0,Alphabet,GOOGL,Technology
2025-11-30 00:00:00+00:00,281.9955439895644,328.6150374741804,270.52305035910666,319.970703125,855278300,0.0,0.0,Alphabet,GOOGL,Technology
2025-12-31 00:00:00+00:00,317.49233426982363,322.9487461411032,296.1199951171875,313.0,678208700,0.21,0.0,Alphabet,GOOGL,Technology
2026-01-31 00:00:00+00:00,316.8999938964844,330.32000732421875,310.3299865722656,325.44000244140625,160388400,0.0,0.0,Alphabet,GOOGL,Technology
2016-01-31 00:00:00+00:00,30.624000549316406,31.902999877929688,27.358999252319336,29.350000381469727,1942936000,0.0,0.0,Amazon,AMZN,Technology
2016-02-29 00:00:00+00:00,28.90749931335449,29.09000015258789,23.700000762939453,27.625999450683597,2482896000,0.0,0.0,Amazon,AMZN,Technology
2016-03-31 00:00:00+00:00,27.81450080871582,30.16200065612793,26.929000854492188,29.68199920654297,1880190000,0.0,0.0,Amazon,AMZN,Technology
2016-04-30 00:00:00+00:00,29.52449989318848,33.499000549316406,29.262500762939453,32.97949981689453,1569284000,0.0,0.0,Amazon,AMZN,Technology
2016-05-31 00:00:00+00:00,33.19599914550781,36.21149826049805,32.79999923706055,36.13949966430664,1812290000,0.0,0.0,Amazon,AMZN,Technology
2016-06-30 00:00:00+00:00,36.04499816894531,36.57500076293945,34.10599899291992,35.78099822998047,1490818000,0.0,0.0,Amazon,AMZN,Technology
2016-07-31 00:00:00+00:00,35.86600112915039,38.29999923706055,35.82699966430664,37.94049835205078,1372710000,0.0,0.0,Amazon,AMZN,Technology
2016-08-31 00:00:00+00:00,37.993499755859375,38.749000549316406,37.51750183105469,38.45800018310547,1000008000,0.0,0.0,Amazon,AMZN,Technology
2016-09-30 00:00:00+00:00,38.54499816894531,41.997501373291016,37.79999923706055,41.865501403808594,1346714000,0.0,0.0,Amazon,AMZN,Technology
2016-10-31 00:00:00+00:00,41.79999923706055,42.36050033569336,38.730499267578125,39.49100112915039,1541276000,0.0,0.0,Amazon,AMZN,Technology
2016-11-30 00:00:00+00:00,39.95000076293945,40.04199981689453,35.505001068115234,37.52849960327149,2201718000,0.0,0.0,Amazon,AMZN,Technology
2016-12-31 00:00:00+00:00,37.62049865722656,39.12300109863281,36.834999084472656,37.493499755859375,1473204000,0.0,0.0,Amazon,AMZN,Technology
2017-01-31 00:00:00+00:00,37.89599990844727,42.19200134277344,37.3849983215332,41.17399978637695,1412280000,0.0,0.0,Amazon,AMZN,Technology
2017-02-28 00:00:00+00:00,41.46049880981445,43.042999267578125,40.150001525878906,42.25199890136719,1434966000,0.0,0.0,Amazon,AMZN,Technology
2017-03-31 00:00:00+00:00,42.65250015258789,44.51750183105469,41.67499923706055,44.32699966430664,1214214000,0.0,0.0,Amazon,AMZN,Technology
2017-04-30 00:00:00+00:00,44.400001525878906,47.47949981689453,44.2244987487793,46.2495002746582,1470794000,0.0,0.0,Amazon,AMZN,Technology
2017-05-31 00:00:00+00:00,46.38999938964844,50.060001373291016,46.38999938964844,49.73099899291992,1524040000,0.0,0.0,Amazon,AMZN,Technology
2017-06-30 00:00:00+00:00,49.929500579833984,50.84999847412109,46.34999847412109,48.400001525878906,1922708000,0.0,0.0,Amazon,AMZN,Technology
2017-07-31 00:00:00+00:00,48.63949966430664,54.16550064086914,47.54999923706055,49.38899993896485,1576248000,0.0,0.0,Amazon,AMZN,Technology
2017-08-31 00:00:00+00:00,49.80550003051758,50.31999969482422,46.81650161743164,49.02999877929688,1547836000,0.0,0.0,Amazon,AMZN,Technology
2017-09-30 00:00:00+00:00,49.209999084472656,50.0,46.587501525878906,48.067501068115234,1185836000,0.0,0.0,Amazon,AMZN,Technology
2017-10-31 00:00:00+00:00,48.20000076293945,56.13949966430664,47.51850128173828,55.26399993896485,1666682000,0.0,0.0,Amazon,AMZN,Technology
2017-11-30 00:00:00+00:00,55.27000045776367,60.670501708984375,54.34349822998047,58.837501525878906,1543300000,0.0,0.0,Amazon,AMZN,Technology
2017-12-31 00:00:00+00:00,58.602500915527344,59.73899841308594,56.23699951171875,58.4734992980957,1155204000,0.0,0.0,Amazon,AMZN,Technology
2018-01-31 00:00:00+00:00,58.59999847412109,73.62899780273438,58.5255012512207,72.54450225830078,1927424000,0.0,0.0,Amazon,AMZN,Technology
2018-02-28 00:00:00+00:00,72.25,76.43499755859375,63.29650115966797,75.62249755859375,2755680000,0.0,0.0,Amazon,AMZN,Technology
2018-03-31 00:00:00+00:00,75.68000030517578,80.87699890136719,68.26000213623047,72.36699676513672,2608002000,0.0,0.0,Amazon,AMZN,Technology
2018-04-30 00:00:00+00:00,70.88099670410156,81.90499877929688,67.64399719238281,78.30650329589844,2598392000,0.0,0.0,Amazon,AMZN,Technology
2018-05-31 00:00:00+00:00,78.16100311279297,81.75,77.3010025024414,81.48100280761719,1432310000,0.0,0.0,Amazon,AMZN,Technology
2018-06-30 00:00:00+00:00,81.85150146484375,88.15499877929688,81.75450134277344,84.98999786376953,1718826000,0.0,0.0,Amazon,AMZN,Technology
2018-07-31 00:00:00+00:00,84.13500213623047,94.00250244140624,83.90299987792969,88.87200164794922,1950422000,0.0,0.0,Amazon,AMZN,Technology
2018-08-31 00:00:00+00:00,89.19999694824219,101.27850341796876,88.8010025024414,100.635498046875,1931516000,0.0,0.0,Amazon,AMZN,Technology
2018-09-30 00:00:00+00:00,101.3249969482422,102.5250015258789,93.25,100.1500015258789,1888910000,0.0,0.0,Amazon,AMZN,Technology
2018-10-31 00:00:00+00:00,101.09950256347656,101.65950012207033,73.81800079345703,79.90049743652344,3664416000,0.0,0.0,Amazon,AMZN,Technology
2018-11-30 00:00:00+00:00,81.17649841308594,89.19999694824219,71.0,84.50849914550781,2785800000,0.0,0.0,Amazon,AMZN,Technology
2018-12-31 00:00:00+00:00,88.4729995727539,88.91699981689453,65.3499984741211,75.09850311279297,3096254000,0.0,0.0,Amazon,AMZN,Technology
2019-01-31 00:00:00+00:00,73.26000213623047,86.82050323486328,73.04650115966797,85.9365005493164,2680034000,0.0,0.0,Amazon,AMZN,Technology
2019-02-28 00:00:00+00:00,81.94400024414062,83.65299987792969,78.33799743652344,81.99150085449219,1618738000,0.0,0.0,Amazon,AMZN,Technology
2019-03-31 00:00:00+00:00,82.75650024414062,91.1875,79.32849884033203,89.0374984741211,2016644000,0.0,0.0,Amazon,AMZN,Technology
2019-04-30 00:00:00+00:00,90.00550079345703,97.81700134277344,89.9365005493164,96.32599639892578,1624784000,0.0,0.0,Amazon,AMZN,Technology
2019-05-31 00:00:00+00:00,96.65450286865234,98.22000122070312,88.63500213623047,88.75350189208984,1964288000,0.0,0.0,Amazon,AMZN,Technology
2019-06-30 00:00:00+00:00,88.00050354003906,96.76000213623048,83.5999984741211,94.68150329589844,1494930000,0.0,0.0,Amazon,AMZN,Technology
2019-07-31 00:00:00+00:00,96.14900207519533,101.79000091552734,92.47200012207033,93.33899688720705,1462976000,0.0,0.0,Amazon,AMZN,Technology
2019-08-31 00:00:00+00:00,93.58599853515624,94.89600372314452,87.17549896240234,88.81449890136719,1595424000,0.0,0.0,Amazon,AMZN,Technology
2019-09-30 00:00:00+00:00,88.5,92.68299865722656,85.46099853515625,86.79550170898438,1223458000,0.0,0.0,Amazon,AMZN,Technology
2019-10-31 00:00:00+00:00,87.30000305175781,89.94249725341797,84.25299835205078,88.83300018310547,1407210000,0.0,0.0,Amazon,AMZN,Technology
2019-11-30 00:00:00+00:00,89.40049743652344,91.2344970703125,86.135498046875,90.04000091552734,1041524000,0.0,0.0,Amazon,AMZN,Technology
2019-12-31 00:00:00+00:00,90.22000122070312,95.06999969482422,86.75,92.39199829101562,1362992000,0.0,0.0,Amazon,AMZN,Technology
2020-01-31 00:00:00+00:00,93.75,102.78600311279295,90.76699829101562,100.43599700927734,1693966000,0.0,0.0,Amazon,AMZN,Technology
2020-02-29 00:00:00+00:00,100.52999877929688,109.29750061035156,90.55650329589844,94.1875,1850202000,0.0,0.0,Amazon,AMZN,Technology
2020-03-31 00:00:00+00:00,95.32450103759766,99.81649780273438,81.30149841308594,97.48600006103516,3276182000,0.0,0.0,Amazon,AMZN,Technology
2020-04-30 00:00:00+00:00,96.64849853515624,123.75,94.4574966430664,123.6999969482422,2492196000,0.0,0.0,Amazon,AMZN,Technology
2020-05-31 00:00:00+00:00,116.83999633789062,126.27249908447266,112.81900024414062,122.11849975585938,1651688000,0.0,0.0,Amazon,AMZN,Technology
2020-06-30 00:00:00+00:00,122.4000015258789,139.8000030517578,121.85649871826172,137.9409942626953,1756366000,0.0,0.0,Amazon,AMZN,Technology
2020-07-31 00:00:00+00:00,137.89950561523438,167.21449279785156,137.6999969482422,158.23399353027344,2550040000,0.0,0.0,Amazon,AMZN,Technology
2020-08-31 00:00:00+00:00,159.02549743652344,174.75,153.64999389648438,172.54800415039062,1670332000,0.0,0.0,Amazon,AMZN,Technology
2020-09-30 00:00:00+00:00,174.47900390625,177.6125030517578,143.5500030517578,157.43649291992188,2317986000,0.0,0.0,Amazon,AMZN,Technology
2020-10-31 00:00:00+00:00,160.39999389648438,174.81199645996094,150.9499969482422,151.8074951171875,2324522000,0.0,0.0,Amazon,AMZN,Technology
2020-11-30 00:00:00+00:00,153.08700561523438,168.33999633789062,147.50599670410156,158.40199279785156,1816210000,0.0,0.0,Amazon,AMZN,Technology
2020-12-31 00:00:00+00:00,159.4250030517578,167.53250122070312,153.64100646972656,162.84649658203125,1551124000,0.0,0.0,Amazon,AMZN,Technology
2021-01-31 00:00:00+00:00,163.5,168.1945037841797,154.3000030517578,160.30999755859375,1430578000,0.0,0.0,Amazon,AMZN,Technology
2021-02-28 00:00:00+00:00,162.1179962158203,171.6999969482422,151.8350067138672,154.64649963378906,1442140000,0.0,0.0,Amazon,AMZN,Technology
2021-03-31 00:00:00+00:00,156.39450073242188,159.10000610351562,144.0500030517578,154.70399475097656,1563760000,0.0,0.0,Amazon,AMZN,Technology
2021-04-30 00:00:00+00:00,155.89700317382812,177.6999969482422,155.77749633789062,173.37100219726562,1536792000,0.0,0.0,Amazon,AMZN,Technology
2021-05-31 00:00:00+00:00,174.2364959716797,174.33250427246094,156.36849975585938,161.15350341796875,1503678000,0.0,0.0,Amazon,AMZN,Technology
2021-06-30 00:00:00+00:00,162.1750030517578,176.2429962158203,158.61000061035156,172.00799560546875,1340220000,0.0,0.0,Amazon,AMZN,Technology
2021-07-31 00:00:00+00:00,171.73049926757812,188.6540069580078,165.3489990234375,166.37950134277344,1674586000,0.0,0.0,Amazon,AMZN,Technology
2021-08-31 00:00:00+00:00,167.65499877929688,173.62899780273438,158.78799438476562,173.5395050048828,1256964000,0.0,0.0,Amazon,AMZN,Technology
2021-09-30 00:00:00+00:00,174.82000732421875,177.49949645996094,163.69949340820312,164.2519989013672,1250554000,0.0,0.0,Amazon,AMZN,Technology
2021-10-31 00:00:00+00:00,164.45050048828125,173.9499969482422,158.8125,168.6215057373047,1273466000,0.0,0.0,Amazon,AMZN,Technology
2021-11-30 00:00:00+00:00,168.08999633789062,188.1074981689453,164.17750549316406,175.35350036621094,1515990000,0.0,0.0,Amazon,AMZN,Technology
2021-12-31 00:00:00+00:00,177.25,177.99400329589844,165.19500732421875,166.7169952392578,1287634000,0.0,0.0,Amazon,AMZN,Technology
2022-01-31 00:00:00+00:00,167.5500030517578,171.39999389648438,135.3520050048828,149.57350158691406,1524654000,0.0,0.0,Amazon,AMZN,Technology
2022-02-28 00:00:00+00:00,150.0,163.83450317382812,138.33299255371094,153.56300354003906,1689604000,0.0,0.0,Amazon,AMZN,Technology
2022-03-31 00:00:00+00:00,152.7324981689453,170.8314971923828,133.57249450683594,162.99749755859375,1628486000,0.0,0.0,Amazon,AMZN,Technology
2022-04-30 00:00:00+00:00,164.14950561523438,168.39450073242188,121.625,124.28150177001952,1465008000,0.0,0.0,Amazon,AMZN,Technology
2022-05-31 00:00:00+00:00,122.4010009765625,126.22049713134766,101.26000213623048,120.20950317382812,2258476000,0.0,0.0,Amazon,AMZN,Technology
2022-06-30 00:00:00+00:00,122.25599670410156,128.99000549316406,101.43000030517578,106.20999908447266,1767601100,0.0,20.0,Amazon,AMZN,Technology
2022-07-31 00:00:00+00:00,106.29000091552734,137.64999389648438,105.8499984741211,134.9499969482422,1337852600,0.0,0.0,Amazon,AMZN,Technology
2022-08-31 00:00:00+00:00,134.9600067138672,146.57000732421875,126.73999786376952,126.7699966430664,1170449000,0.0,0.0,Amazon,AMZN,Technology
2022-09-30 00:00:00+00:00,126.0,136.49000549316406,112.05999755859376,113.0,1210487600,0.0,0.0,Amazon,AMZN,Technology
2022-10-31 00:00:00+00:00,113.58000183105467,123.0,97.66000366210938,102.44000244140624,1459311500,0.0,0.0,Amazon,AMZN,Technology
2022-11-30 00:00:00+00:00,103.98999786376952,104.58000183105467,85.87000274658203,96.54000091552734,2035133200,0.0,0.0,Amazon,AMZN,Technology
2022-12-31 00:00:00+00:00,96.98999786376952,97.2300033569336,81.69000244140625,84.0,1549193300,0.0,0.0,Amazon,AMZN,Technology
2023-01-31 00:00:00+00:00,85.45999908447266,103.48999786376952,81.43000030517578,103.12999725341795,1523798600,0.0,0.0,Amazon,AMZN,Technology
2023-02-28 00:00:00+00:00,102.52999877929688,114.0,92.31999969482422,94.2300033569336,1364102000,0.0,0.0,Amazon,AMZN,Technology
2023-03-31 00:00:00+00:00,93.87000274658205,103.48999786376952,88.12000274658203,103.29000091552734,1349240300,0.0,0.0,Amazon,AMZN,Technology
2023-04-30 00:00:00+00:00,102.3000030517578,110.86000061035156,97.70999908447266,105.4499969482422,1224234500,0.0,0.0,Amazon,AMZN,Technology
2023-05-31 00:00:00+00:00,104.9499969482422,122.91999816894533,101.1500015258789,120.58000183105467,1433039100,0.0,0.0,Amazon,AMZN,Technology
2023-06-30 00:00:00+00:00,120.69000244140624,131.49000549316406,119.93000030517578,130.36000061035156,1242936000,0.0,0.0,Amazon,AMZN,Technology
2023-07-31 00:00:00+00:00,130.82000732421875,136.64999389648438,125.91999816894533,133.67999267578125,1058873500,0.0,0.0,Amazon,AMZN,Technology
2023-08-31 00:00:00+00:00,133.5500030517578,143.6300048828125,126.41000366210938,138.00999450683594,1210688300,0.0,0.0,Amazon,AMZN,Technology
2023-09-30 00:00:00+00:00,139.4600067138672,145.86000061035156,123.04000091552734,127.12000274658205,1120505300,0.0,0.0,Amazon,AMZN,Technology
2023-10-31 00:00:00+00:00,127.27999877929688,134.47999572753906,118.3499984741211,133.08999633789062,1224668600,0.0,0.0,Amazon,AMZN,Technology
2023-11-30 00:00:00+00:00,133.9600067138672,149.25999450683594,133.7100067138672,146.08999633789062,1026039500,0.0,0.0,Amazon,AMZN,Technology
2023-12-31 00:00:00+00:00,146.0,155.6300048828125,142.80999755859375,151.94000244140625,931322200,0.0,0.0,Amazon,AMZN,Technology
2024-01-31 00:00:00+00:00,151.5399932861328,161.72999572753906,144.0500030517578,155.1999969482422,954015000,0.0,0.0,Amazon,AMZN,Technology
2024-02-29 00:00:00+00:00,155.8699951171875,177.22000122070312,155.6199951171875,176.75999450683594,1045002200,0.0,0.0,Amazon,AMZN,Technology
2024-03-31 00:00:00+00:00,176.75,181.6999969482422,171.47000122070312,180.3800048828125,702056800,0.0,0.0,Amazon,AMZN,Technology
2024-04-30 00:00:00+00:00,180.7899932861328,189.7700042724609,166.32000732421875,175.0,917138300,0.0,0.0,Amazon,AMZN,Technology
2024-05-31 00:00:00+00:00,181.63999938964844,191.6999969482422,173.8699951171875,176.44000244140625,892274700,0.0,0.0,Amazon,AMZN,Technology
2024-06-30 00:00:00+00:00,177.6999969482422,199.83999633789065,175.9199981689453,193.25,810555700,0.0,0.0,Amazon,AMZN,Technology
2024-07-31 00:00:00+00:00,193.4900054931641,201.1999969482422,176.8000030517578,186.97999572753903,868061100,0.0,0.0,Amazon,AMZN,Technology
2024-08-31 00:00:00+00:00,189.2899932861328,190.6000061035156,151.61000061035156,178.5,971023900,0.0,0.0,Amazon,AMZN,Technology
2024-09-30 00:00:00+00:00,177.5500030517578,195.3699951171875,171.16000366210938,186.3300018310547,764950500,0.0,0.0,Amazon,AMZN,Technology
2024-10-31 00:00:00+00:00,184.8999938964844,195.6100006103516,180.25,186.3999938964844,733878800,0.0,0.0,Amazon,AMZN,Technology
2024-11-30 00:00:00+00:00,199.0,215.8999938964844,194.30999755859372,207.88999938964844,905835300,0.0,0.0,Amazon,AMZN,Technology
2024-12-31 00:00:00+00:00,209.9600067138672,233.0,209.50999450683597,219.38999938964844,760891000,0.0,0.0,Amazon,AMZN,Technology
2025-01-31 00:00:00+00:00,222.02999877929688,241.7700042724609,216.1999969482422,237.67999267578125,652577000,0.0,0.0,Amazon,AMZN,Technology
2025-02-28 00:00:00+00:00,234.05999755859372,242.5200042724609,204.16000366210935,212.27999877929688,783613700,0.0,0.0,Amazon,AMZN,Technology
2025-03-31 00:00:00+00:00,213.3500061035156,214.00999450683597,184.3999938964844,190.25999450683597,966721800,0.0,0.0,Amazon,AMZN,Technology
2025-04-30 00:00:00+00:00,187.8600006103516,198.33999633789065,161.3800048828125,184.4199981689453,1313093300,0.0,0.0,Amazon,AMZN,Technology
2025-05-31 00:00:00+00:00,190.6300048828125,214.83999633789065,183.8500061035156,205.00999450683597,937262700,0.0,0.0,Amazon,AMZN,Technology
2025-06-30 00:00:00+00:00,204.97999572753903,223.82000732421875,202.67999267578125,219.38999938964844,870687900,0.0,0.0,Amazon,AMZN,Technology
2025-07-31 00:00:00+00:00,219.5,236.52999877929688,217.92999267578125,234.1100006103516,856016400,0.0,0.0,Amazon,AMZN,Technology
2025-08-31 00:00:00+00:00,217.2100067138672,234.0800018310547,211.4199981689453,229.0,877658700,0.0,0.0,Amazon,AMZN,Technology
2025-09-30 00:00:00+00:00,223.5200042724609,238.8500061035156,216.47000122070312,219.57000732421875,965100000,0.0,0.0,Amazon,AMZN,Technology
2025-10-31 00:00:00+00:00,217.3600006103516,250.5,211.02999877929688,244.22000122070312,1196876800,0.0,0.0,Amazon,AMZN,Technology
2025-11-30 00:00:00+00:00,255.3600006103516,258.6000061035156,215.17999267578125,233.22000122070312,902272800,0.0,0.0,Amazon,AMZN,Technology
2025-12-31 00:00:00+00:00,233.22000122070312,238.97000122070312,220.9900054931641,230.82000732421875,787960400,0.0,0.0,Amazon,AMZN,Technology
2026-01-31 00:00:00+00:00,231.33999633789065,246.41000366210935,224.6999969482422,246.2899932861328,236632500,0.0,0.0,Amazon,AMZN,Technology
2016-01-31 00:00:00+00:00,22.31466290023333,22.891860656347266,20.83107423588885,21.9471435546875,3712231200,0.0,0.0,Apple,AAPL,Technology
2016-02-29 00:00:00+00:00,21.750990934463992,22.417611528318208,20.989452487457992,21.91888999938965,3243450400,0.13,0.0,Apple,AAPL,Technology
2016-03-31 00:00:00+00:00,22.136511405643443,25.031373749204025,22.08437139689242,24.70720672607422,2984198400,0.0,0.0,Apple,AAPL,Technology
2016-04-30 00:00:00+00:00,24.659599417281587,25.477957186166464,20.971314276778763,21.250144958496094,3489534800,0.0,0.0,Apple,AAPL,Technology
2016-05-31 00:00:00+00:00,21.302286940878098,22.973745694747908,20.405650573264623,22.77532768249512,3602686000,0.1425,0.0,Apple,AAPL,Technology
2016-06-30 00:00:00+00:00,22.58375383837703,23.238319722918742,20.868633322549066,21.803735733032227,3117990800,0.0,0.0,Apple,AAPL,Technology
2016-07-31 00:00:00+00:00,21.778653190981583,23.84498828315612,21.523209846255547,23.76744270324707,2743118400,0.0,0.0,Apple,AAPL,Technology
2016-08-31 00:00:00+00:00,23.81306429495329,25.276635566731414,23.719551556938992,24.32958984375,2520514000,0.1425,0.0,Apple,AAPL,Technology
2016-09-30 00:00:00+00:00,24.338757853910355,26.64101578835884,23.51095630876392,25.923288345336918,3872062400,0.0,0.0,Apple,AAPL,Technology
2016-10-31 00:00:00+00:00,25.84530973507185,27.216579556472453,25.746707205006047,26.03564453125,2747657200,0.0,0.0,Apple,AAPL,Technology
2016-11-30 00:00:00+00:00,26.017300502834686,26.08838546407353,23.9889257484387,25.473249435424805,2886220000,0.1425,0.0,Apple,AAPL,Technology
2016-12-31 00:00:00+00:00,25.438677685452912,27.20188840474824,24.95004633243658,26.6948184967041,2435086800,0.0,0.0,Apple,AAPL,Technology
2017-01-31 00:00:00+00:00,26.690214009824704,28.22063324997716,26.45050894700677,27.969406127929688,2252488000,0.0,0.0,Apple,AAPL,Technology
2017-02-28 00:00:00+00:00,29.278556486970555,31.82450678958705,29.27394755326044,31.711095809936523,2299874400,0.1425,0.0,Apple,AAPL,Technology
2017-03-31 00:00:00+00:00,31.919433300142533,33.44953677121335,31.724992360753312,33.25508499145508,2246513600,0.0,0.0,Apple,AAPL,Technology
2017-04-30 00:00:00+00:00,33.26666418375753,33.6717670406043,32.42174646432778,33.252784729003906,1493216400,0.0,0.0,Apple,AAPL,Technology
2017-05-31 00:00:00+00:00,33.58842632860497,36.41175451441379,33.396303914887014,35.507568359375,2615927200,0.1575,0.0,Apple,AAPL,Technology
2017-06-30 00:00:00+00:00,35.602867151791905,36.256008278069466,33.05299094416554,33.476036071777344,2736712400,0.0,0.0,Apple,AAPL,Technology
2017-07-31 00:00:00+00:00,33.675935987269554,35.79346849541717,33.10179898298428,34.57082748413086,1688047600,0.0,0.0,Apple,AAPL,Technology
2017-08-31 00:00:00+00:00,34.6568261623864,38.391226728073406,34.496441898908664,38.26988220214844,2644276000,0.1575,0.0,Apple,AAPL,Technology
2017-09-30 00:00:00+00:00,38.45658906275644,38.48925835218027,34.80693372856288,35.96437454223633,2721496400,0.0,0.0,Apple,AAPL,Technology
2017-10-31 00:00:00+00:00,35.99703695947117,39.5883293386976,35.57699262348722,39.44598388671875,2017165200,0.0,0.0,Apple,AAPL,Technology
2017-11-30 00:00:00+00:00,39.63967348374911,41.12612915039063,38.568568962463466,40.245880126953125,2402653600,0.1575,0.0,Apple,AAPL,Technology
2017-12-31 00:00:00+00:00,39.80090498652369,41.498800974754296,38.98358590362124,39.63228988647461,2124735200,0.0,0.0,Apple,AAPL,Technology
2018-01-31 00:00:00+00:00,39.850080130528944,42.17795940098775,38.57140312952726,39.21073913574219,2638717600,0.0,0.0,Apple,AAPL,Technology
2018-02-28 00:00:00+00:00,39.14985597618095,42.47219365504508,35.328442140260165,41.88432693481445,3711577200,0.1575,0.0,Apple,AAPL,Technology
2018-03-31 00:00:00+00:00,41.9830867683372,43.149414857195474,38.78509521484375,39.452919006347656,2854910800,0.0,0.0,Apple,AAPL,Technology
2018-04-30 00:00:00+00:00,39.18483628313078,42.07714620383334,37.77161170591066,38.8603401184082,2664617200,0.0,0.0,Apple,AAPL,Technology
2018-05-31 00:00:00+00:00,39.1307567565656,44.86432142541709,38.86268970628452,44.11129760742188,2483905200,0.1825,0.0,Apple,AAPL,Technology
2018-06-30 00:00:00+00:00,44.37568294540412,45.84157404796199,42.661943988297445,43.69586181640625,2110498000,0.0,0.0,Apple,AAPL,Technology
2018-07-31 00:00:00+00:00,43.39135019489264,46.25703425997813,43.296926646605975,44.918601989746094,1574765600,0.0,0.0,Apple,AAPL,Technology
2018-08-31 00:00:00+00:00,47.005324226036834,54.21501801386973,46.57570522201476,53.92128753662109,2801275600,0.1825,0.0,Apple,AAPL,Technology
2018-09-30 00:00:00+00:00,54.10604873471917,54.40452504393614,51.000547999297495,53.47359085083008,2715888000,0.0,0.0,Apple,AAPL,Technology
2018-10-31 00:00:00+00:00,53.99709354812719,55.30467004984194,48.81888083132153,51.843841552734375,3158994000,0.0,0.0,Apple,AAPL,Technology
2018-11-30 00:00:00+00:00,51.88884582940752,52.67292229880161,40.47212735959221,42.44986343383789,3845305600,0.1825,0.0,Apple,AAPL,Technology
2018-12-31 00:00:00+00:00,43.84758772569843,43.9616864680013,34.8455748772734,37.49604034423828,3595690000,0.0,0.0,Apple,AAPL,Technology
2019-01-31 00:00:00+00:00,36.81856395762742,40.17262992339802,33.75450611274441,39.5640983581543,3312349600,0.0,0.0,Apple,AAPL,Technology
2019-02-28 00:00:00+00:00,39.68770283999932,41.98496889280759,39.44286042612328,41.33562469482422,1890162400,0.1825,0.0,Apple,AAPL,Technology
2019-03-31 00:00:00+00:00,41.60540008239329,47.19400154727684,40.464278397663925,45.34625625610352,2603925600,0.0,0.0,Apple,AAPL,Technology
2019-04-30 00:00:00+00:00,45.74970624309231,49.7698605357806,44.97145644390192,47.90540313720703,2024470800,0.0,0.0,Apple,AAPL,Technology
2019-05-31 00:00:00+00:00,50.10410016180052,51.40038799568491,41.93575718621863,41.95492935180664,2957826400,0.1925,0.0,Apple,AAPL,Technology
2019-06-30 00:00:00+00:00,42.08194583387988,48.30558497818896,40.80462897423978,47.43086242675781,2060874800,0.0,0.0,Apple,AAPL,Technology
2019-07-31 00:00:00+00:00,48.68900763847218,53.05058230898032,47.54829273986113,51.054325103759766,1895406800,0.0,0.0,Apple,AAPL,Technology
2019-08-31 00:00:00+00:00,51.26041812620774,52.250159983136925,46.15115233297481,50.21390914916992,2724326400,0.1925,0.0,Apple,AAPL,Technology
2019-09-30 00:00:00+00:00,49.65821832852433,54.46695317394256,49.12658900103214,53.87759399414063,2170268400,0.0,0.0,Apple,AAPL,Technology
2019-10-31 00:00:00+00:00,54.14219583604213,60.07914334791978,51.75107147751879,59.84099960327149,2433210800,0.0,0.0,Apple,AAPL,Technology
2019-11-30 00:00:00+00:00,60.02863474954351,64.66287788127046,59.93722552071114,64.48191833496094,1793326000,0.1925,0.0,Apple,AAPL,Technology
2019-12-31 00:00:00+00:00,64.48674166082677,70.9288905053271,61.83748995422204,70.85167694091797,2388794800,0.0,0.0,Apple,AAPL,Technology
2020-01-31 00:00:00+00:00,71.47661470907116,79.10343121061821,70.63453932655295,74.67839813232422,2934370400,0.0,0.0,Apple,AAPL,Technology
2020-02-29 00:00:00+00:00,73.42132267544993,79.13881418044723,62.00359989656375,66.11266326904297,3019279200,0.1925,0.0,Apple,AAPL,Technology
2020-03-31 00:00:00+00:00,68.26998589980724,73.52301148955354,51.420160868327166,61.50054931640625,6280072400,0.0,0.0,Apple,AAPL,Technology
2020-04-30 00:00:00+00:00,59.61651236600977,71.23268410942524,57.294741195546685,71.0561294555664,3265299200,0.0,0.0,Apple,AAPL,Technology
2020-05-31 00:00:00+00:00,69.23013078154854,78.63036319231934,69.13339146359068,77.10257720947266,2805936000,0.205,0.0,Apple,AAPL,Technology
2020-06-30 00:00:00+00:00,77.05647972394512,90.3046443458434,76.92552407487342,88.4664535522461,3243375600,0.0,0.0,Apple,AAPL,Technology
2020-07-31 00:00:00+00:00,88.54405984735594,103.22540332463862,86.47301863518351,103.0750503540039,3020283200,0.0,0.0,Apple,AAPL,Technology
2020-08-31 00:00:00+00:00,104.95688173530397,127.30262091946506,104.6586032735747,125.39793395996094,4070061100,0.205,4.0,Apple,AAPL,Technology
2020-09-30 00:00:00+00:00,129.01296330050218,134.0856323103623,100.1900993363633,112.54135131835938,3885245100,0.0,0.0,Apple,AAPL,Technology
2020-10-31 00:00:00+00:00,114.31969839365316,121.85097185102632,104.6796974682271,105.78752136230467,2894666500,0.0,0.0,Apple,AAPL,Technology
2020-11-30 00:00:00+00:00,106.03045798084732,118.75144452373826,104.2909784116254,115.8895034790039,2123077300,0.205,0.0,Apple,AAPL,Technology
2020-12-31 00:00:00+00:00,117.79745659658984,135.10545188425303,116.8240043652282,129.16738891601562,2322189600,0.0,0.0,Apple,AAPL,Technology
2021-01-31 00:00:00+00:00,129.97534605093776,141.23819854253642,123.02489875437408,128.45680236816406,2240262000,0.0,0.0,Apple,AAPL,Technology
2021-02-28 00:00:00+00:00,130.19924214528973,134.42013141912292,115.41923371769596,118.21723175048828,1833855600,0.205,0.0,Apple,AAPL,Technology
2021-03-31 00:00:00+00:00,120.64472644599832,125.49001767022229,113.29394800099358,119.08489227294922,2650418200,0.0,0.0,Apple,AAPL,Technology
2021-04-30 00:00:00+00:00,120.5570011392304,133.63052788949472,119.41635431579364,128.16127014160156,1889857500,0.0,0.0,Apple,AAPL,Technology
2021-05-31 00:00:00+00:00,128.7267036427075,130.70577838338053,119.38482206893003,121.68952178955078,1711934900,0.22,0.0,Apple,AAPL,Technology
2021-06-30 00:00:00+00:00,122.1484865589402,134.18952666784298,120.2441902802076,133.7500762939453,1606590000,0.0,0.0,Apple,AAPL,Technology
2021-07-31 00:00:00+00:00,133.39850004575504,146.48442546002198,132.5781758729055,142.4414520263672,1919035100,0.0,0.0,Apple,AAPL,Technology
2021-08-31 00:00:00+00:00,142.92974528711127,150.11723565003402,141.32478577627035,148.49371337890625,1461542800,0.22,0.0,Apple,AAPL,Technology
2021-09-30 00:00:00+00:00,149.4717585326363,153.8043695479327,138.16574008474765,138.3906707763672,1797835100,0.0,0.0,Apple,AAPL,Technology
2021-10-31 00:00:00+00:00,138.7818766539813,149.80427504242536,135.23167212302508,146.50827026367188,1565079200,0.0,0.0,Apple,AAPL,Technology
2021-11-30 00:00:00+00:00,145.71610716586716,162.2954127503928,144.44981083290466,161.90367126464844,1691029000,0.22,0.0,Apple,AAPL,Technology
2021-12-31 00:00:00+00:00,164.0388470193993,178.38785718223016,154.55777460571244,173.92153930664062,2444766700,0.0,0.0,Apple,AAPL,Technology
2022-01-31 00:00:00+00:00,174.17621628400974,179.18120100693088,151.52141035514546,171.18887329101562,2108446000,0.0,0.0,Apple,AAPL,Technology
2022-02-28 00:00:00+00:00,170.43467612383174,173.2408912177467,149.0666116347653,161.9333953857422,1627516300,0.22,0.0,Apple,AAPL,Technology
2022-03-31 00:00:00+00:00,161.5215128724912,176.14375060919454,147.20328761828517,171.24024963378906,2180800100,0.0,0.0,Apple,AAPL,Technology
2022-04-30 00:00:00+00:00,170.67141928049864,175.0453912102986,152.38137914765707,154.6075439453125,1687795600,0.0,0.0,Apple,AAPL,Technology
2022-05-31 00:00:00+00:00,153.68569876055605,163.26712367160144,130.24188557508393,146.18203735351562,2401040300,0.23,0.0,Apple,AAPL,Technology
2022-06-30 00:00:00+00:00,147.2231497888729,149.03030331750014,126.73565254208258,134.2784881591797,1749099800,0.0,0.0,Apple,AAPL,Technology
2022-07-31 00:00:00+00:00,133.6106148417446,160.70795024668809,133.23741100607202,159.60794067382812,1447125400,0.0,0.0,Apple,AAPL,Technology
2022-08-31 00:00:00+00:00,158.13470710792794,173.24465231523857,154.54820976951913,154.62689208984375,1510239600,0.23,0.0,Apple,AAPL,Technology
2022-09-30 00:00:00+00:00,154.05645479166745,161.55074810883656,135.72391020279727,135.9206085205078,2084722800,0.0,0.0,Apple,AAPL,Technology
2022-10-31 00:00:00+00:00,135.93042173003832,154.90227649289278,132.1537703856876,150.81088256835938,1868139700,0.0,0.0,Apple,AAPL,Technology
2022-11-30 00:00:00+00:00,152.52221012298716,152.88610277414685,132.38284296255216,145.82998657226562,1724847700,0.23,0.0,Apple,AAPL,Technology
2022-12-31 00:00:00+00:00,146.00734541476766,148.67701012513257,123.99931454878694,127.99896240234376,1675731200,0.0,0.0,Apple,AAPL,Technology
2023-01-31 00:00:00+00:00,128.34378830008248,145.04185173584784,122.32459400935494,142.1455078125,1443652500,0.0,0.0,Apple,AAPL,Technology
2023-02-28 00:00:00+00:00,141.83030751885846,155.04101372137666,139.2196980441436,145.44088745117188,1307198900,0.23,0.0,Apple,AAPL,Technology
2023-03-31 00:00:00+00:00,144.86867310742886,162.79595111857384,141.977792498003,162.69728088378906,1520266600,0.0,0.0,Apple,AAPL,Technology
2023-04-30 00:00:00+00:00,162.07570339841976,167.58117930762924,157.64567781550258,167.41343688964844,969776400,0.0,0.0,Apple,AAPL,Technology
2023-05-31 00:00:00+00:00,167.01878932487827,177.1990114284393,162.11516752574818,175.1241912841797,1275364700,0.24,0.0,Apple,AAPL,Technology
2023-06-30 00:00:00+00:00,175.56877944546235,192.14755478947328,174.8080101004683,191.6436767578125,1297383300,0.0,0.0,Apple,AAPL,Technology
2023-07-31 00:00:00+00:00,191.45594020037944,195.85258285437448,184.3620645421884,194.09393310546875,996114000,0.0,0.0,Apple,AAPL,Technology
2023-08-31 00:00:00+00:00,193.88645666636083,194.37057034188453,170.12709527960956,185.8675079345703,1322657800,0.24,0.0,Apple,AAPL,Technology
2023-09-30 00:00:00+00:00,187.47023078000296,187.95499277883357,165.83333655703308,169.3850860595703,1337823000,0.0,0.0,Apple,AAPL,Technology
2023-10-31 00:00:00+00:00,169.39494849088058,180.39642899359671,163.90411730631092,168.9497528076172,1172816900,0.0,0.0,Apple,AAPL,Technology
2023-11-30 00:00:00+00:00,169.1773175299865,191.12501116236683,168.3066925856151,188.17291259765625,1099651600,0.24,0.0,Apple,AAPL,Technology
2023-12-31 00:00:00+00:00,188.5493613565116,197.75242887078264,185.69628894913777,190.72874450683597,1063181200,0.0,0.0,Apple,AAPL,Technology
2024-01-31 00:00:00+00:00,185.39909638597567,194.542744606446,178.48440937769652,182.67483520507807,1187490800,0.0,0.0,Apple,AAPL,Technology
2024-02-29 00:00:00+00:00,182.2686867903897,189.2626108824053,177.57299331125648,179.2874755859375,1161553500,0.24,0.0,Apple,AAPL,Technology
2024-03-31 00:00:00+00:00,178.09718827908785,179.06925444803085,167.12666995146384,170.09246826171875,1433151800,0.0,0.0,Apple,AAPL,Technology
2024-04-30 00:00:00+00:00,169.80480748103986,176.91679662448954,162.7523325602016,168.9517822265625,1246144100,0.0,0.0,Apple,AAPL,Technology
2024-05-31 00:00:00+00:00,168.20783263565716,191.69798625592665,167.74163446478235,190.9530792236328,1336511300,0.25,0.0,Apple,AAPL,Technology
2024-06-30 00:00:00+00:00,191.5986571441052,218.71451985221407,190.8537269722117,209.1991271972656,1717952100,0.0,0.0,Apple,AAPL,Technology
2024-07-31 00:00:00+00:00,210.6591990639401,235.6296207097681,210.49034773322808,220.58181762695312,1153099800,0.0,0.0,Apple,AAPL,Technology
2024-08-31 00:00:00+00:00,222.8563674568929,231.6164859430432,194.67774819155971,227.71841430664065,1122667000,0.25,0.0,Apple,AAPL,Technology
2024-09-30 00:00:00+00:00,227.2709519194148,231.7855458971276,212.7227974671536,231.69601440429688,1232097700,0.0,0.0,Apple,AAPL,Technology
2024-10-31 00:00:00+00:00,228.2355040411627,236.160903320606,220.0913701443905,224.6457061767578,930736000,0.0,0.0,Apple,AAPL,Technology
2024-11-30 00:00:00+00:00,219.73336072670745,236.7392786802237,218.48041626355015,236.26144409179688,891588300,0.25,0.0,Apple,AAPL,Technology
2024-12-31 00:00:00+00:00,236.20171450499868,258.9289141129315,236.0922091638524,249.29251098632807,977916100,0.0,0.0,Apple,AAPL,Technology
2025-01-31 00:00:00+00:00,247.8092203593721,247.9784683255357,218.39225670760808,234.93743896484372,1200176400,0.0,0.0,Apple,AAPL,Technology
2025-02-28 00:00:00+00:00,228.9545099800506,249.14803959700345,224.68381655532255,241.01583862304688,862272300,0.25,0.0,Apple,AAPL,Technology
2025-03-31 00:00:00+00:00,240.96599177281345,243.1983635012748,207.7097381833997,221.37301635742188,1115239500,0.0,0.0,Apple,AAPL,Technology
2025-04-30 00:00:00+00:00,219.0609113529448,224.4225869866718,168.63336050772435,211.7758331298828,1607318600,0.0,0.0,Apple,AAPL,Technology
2025-05-31 00:00:00+00:00,208.3674918385056,213.82881264887996,192.591430858442,200.4280242919922,1195728200,0.26,0.0,Apple,AAPL,Technology
2025-06-30 00:00:00+00:00,199.85921507319503,206.95427439094752,194.6601549995936,204.7389373779297,1100409300,0.0,0.0,Apple,AAPL,Technology
2025-07-31 00:00:00+00:00,206.23578409144605,215.77570049162512,205.70689884063933,207.1339111328125,1079935600,0.0,0.0,Apple,AAPL,Technology
2025-08-31 00:00:00+00:00,210.4269720875647,234.89229562265464,201.07666267114303,231.9151763916016,1218079100,0.26,0.0,Apple,AAPL,Technology
2025-09-30 00:00:00+00:00,229.02798202980685,257.3505275669758,225.73117543382176,254.38340759277344,1265536400,0.0,0.0,Apple,AAPL,Technology
2025-10-31 00:00:00+00:00,254.7929996074261,277.05143573891627,243.76369637579657,270.108154296875,1097142200,0.0,0.0,Apple,AAPL,Technology
2025-11-30 00:00:00+00:00,270.15812755648943,280.3800048828125,265.32000732421875,278.8500061035156,877578200,0.26,0.0,Apple,AAPL,Technology
2025-12-31 00:00:00+00:00,278.010009765625,288.6199951171875,266.95001220703125,271.8599853515625,924528800,0.0,0.0,Apple,AAPL,Technology
2026-01-31 00:00:00+00:00,272.260009765625,277.8399963378906,255.6999969482422,259.0400085449219,234511300,0.0,0.0,Apple,AAPL,Technology
2016-01-31 00:00:00+00:00,4322.775973739866,4473.8134765625,4168.747521655216,4473.8134765625,36751356,0.0,0.0,AstraZeneca,AZN.L,Pharma
2016-02-29 00:00:00+00:00,4492.754581702116,4527.6478270942325,3790.125103370154,4095.72900390625,72614540,131.0,0.0,AstraZeneca,AZN.L,Pharma
2016-03-31 00:00:00+00:00,4105.202104894217,4152.571952649102,3792.073632840574,3921.707275390625,60600226,0.0,0.0,AstraZeneca,AZN.L,Pharma
2016-04-30 00:00:00+00:00,3921.706742474247,4230.357541382348,3892.2878815980553,3917.219482421875,50556158,0.0,0.0,AstraZeneca,AZN.L,Pharma
2016-05-31 00:00:00+00:00,3925.695543002704,4082.167941655662,3762.4204564902666,4004.478759765625,47934081,0.0,0.0,AstraZeneca,AZN.L,Pharma
2016-06-30 00:00:00+00:00,4016.446046975507,4512.654357221244,3669.8997930360906,4490.14306640625,66738096,0.0,0.0,AstraZeneca,AZN.L,Pharma
2016-07-31 00:00:00+00:00,4506.597689755217,5116.429402293398,4432.799443712823,5052.0966796875,60553041,0.0,0.0,AstraZeneca,AZN.L,Pharma
2016-08-31 00:00:00+00:00,5054.090340426329,5489.892167014637,4785.467790047773,4808.40771484375,57992734,68.7,0.0,AstraZeneca,AZN.L,Pharma
2016-09-30 00:00:00+00:00,4811.898832149106,5194.7191069094415,4751.528063714814,4990.93017578125,49069135,0.0,0.0,AstraZeneca,AZN.L,Pharma
2016-10-31 00:00:00+00:00,5008.883121877169,5142.744212507106,4490.241107345053,4576.01708984375,58312599,0.0,0.0,AstraZeneca,AZN.L,Pharma
2016-11-30 00:00:00+00:00,4571.031378563414,4707.4347603645965,4104.252680157974,4138.66259765625,64543118,0.0,0.0,AstraZeneca,AZN.L,Pharma
2016-12-31 00:00:00+00:00,4081.811102175245,4492.32646223405,3985.5629822948913,4425.9111328125,59916640,0.0,0.0,AstraZeneca,AZN.L,Pharma
2017-01-31 00:00:00+00:00,4420.923226655778,4720.956440279675,4125.6959407920685,4183.0458984375,74407939,0.0,0.0,AstraZeneca,AZN.L,Pharma
2017-02-28 00:00:00+00:00,4248.873761533877,4742.306872427113,4139.160773387215,4633.35693359375,56827409,150.2,0.0,AstraZeneca,AZN.L,Pharma
2017-03-31 00:00:00+00:00,4643.832646965713,5041.448926639768,4590.455260218981,4901.24072265625,52545866,0.0,0.0,AstraZeneca,AZN.L,Pharma
2017-04-30 00:00:00+00:00,4901.2418292447655,5022.887812693833,4510.638775498419,4626.87158203125,40199827,0.0,0.0,AstraZeneca,AZN.L,Pharma
2017-05-31 00:00:00+00:00,4629.36577131658,5378.704117099489,4584.432265626158,5315.78955078125,56755117,0.0,0.0,AstraZeneca,AZN.L,Pharma
2017-06-30 00:00:00+00:00,5343.725365282438,5507.349941278594,5099.286935267313,5123.23193359375,26767470,0.0,0.0,AstraZeneca,AZN.L,Pharma
2017-07-31 00:00:00+00:00,5136.201370478646,5267.734717922328,4250.236858742775,4479.7099609375,64974792,0.0,0.0,AstraZeneca,AZN.L,Pharma
2017-08-31 00:00:00+00:00,4461.750696180556,4789.730046118153,4345.68264982126,4582.67431640625,45598505,68.9,0.0,AstraZeneca,AZN.L,Pharma
2017-09-30 00:00:00+00:00,4573.695917322895,5038.149347181978,4521.3068110139775,4944.400390625,55854460,0.0,0.0,AstraZeneca,AZN.L,Pharma
2017-10-31 00:00:00+00:00,4961.8617025125495,5268.277660885986,4940.407700178911,5021.234375,43735149,0.0,0.0,AstraZeneca,AZN.L,Pharma
2017-11-30 00:00:00+00:00,5059.15400419041,5228.688901108298,4765.782412798304,4766.7802734375,49000299,0.0,0.0,AstraZeneca,AZN.L,Pharma
2017-12-31 00:00:00+00:00,4774.763739785734,5114.036364891501,4662.0052257525085,5110.044921875,42500462,0.0,0.0,AstraZeneca,AZN.L,Pharma
2018-01-31 00:00:00+00:00,5115.0336869108105,5208.8326725971765,4864.072545213855,4876.046875,52366677,0.0,0.0,AstraZeneca,AZN.L,Pharma
2018-02-28 00:00:00+00:00,4879.539783429377,5038.198751799543,4534.776971640137,4766.10205078125,58318143,133.59999,0.0,AstraZeneca,AZN.L,Pharma
2018-03-31 00:00:00+00:00,4760.615107168795,4949.26106879472,4706.215012613932,4886.37841796875,53614657,0.0,0.0,AstraZeneca,AZN.L,Pharma
2018-04-30 00:00:00+00:00,4836.471286267224,5221.253571674779,4821.998304397267,5203.287109375,45256342,0.0,0.0,AstraZeneca,AZN.L,Pharma
2018-05-31 00:00:00+00:00,5196.30016437488,5512.710359236649,5141.402640548406,5410.900390625,56799655,0.0,0.0,AstraZeneca,AZN.L,Pharma
2018-06-30 00:00:00+00:00,5433.857140437615,5472.784478512021,5150.385961210393,5243.212890625,43496253,0.0,0.0,AstraZeneca,AZN.L,Pharma
2018-07-31 00:00:00+00:00,5204.285594402801,5889.006489784275,5100.478309308979,5795.181640625,49498487,0.0,0.0,AstraZeneca,AZN.L,Pharma
2018-08-31 00:00:00+00:00,5772.225597115023,6111.290654711038,5716.329931640625,5784.86376953125,48367048,68.4,0.0,AstraZeneca,AZN.L,Pharma
2018-09-30 00:00:00+00:00,5804.828174168073,5990.504339340648,5526.316874551328,5979.52197265625,46614901,0.0,0.0,AstraZeneca,AZN.L,Pharma
2018-10-31 00:00:00+00:00,5946.580097819011,6086.334802551779,5508.347573870462,5979.52197265625,56233884,0.0,0.0,AstraZeneca,AZN.L,Pharma
2018-11-30 00:00:00+00:00,5913.637948209842,6420.749532511477,5709.994135854632,6106.29931640625,59269868,0.0,0.0,AstraZeneca,AZN.L,Pharma
2018-12-31 00:00:00+00:00,6165.196788138004,6207.123986645417,5679.04885381952,5862.72705078125,45674349,0.0,0.0,AstraZeneca,AZN.L,Pharma
2019-01-31 00:00:00+00:00,5846.754296345608,6078.34912109375,5302.707799295775,5522.32373046875,59651294,0.0,0.0,AstraZeneca,AZN.L,Pharma
2019-02-28 00:00:00+00:00,5539.294252402123,6290.976079031698,5522.323987076688,6129.6943359375,48044419,146.8,0.0,AstraZeneca,AZN.L,Pharma
2019-03-31 00:00:00+00:00,6206.578062484845,6530.085659123563,6019.861356379253,6159.6484375,59348414,0.0,0.0,AstraZeneca,AZN.L,Pharma
2019-04-30 00:00:00+00:00,6050.814160078312,6289.4516612650805,5617.472108620604,5635.44482421875,61190639,0.0,0.0,AstraZeneca,AZN.L,Pharma
2019-05-31 00:00:00+00:00,5660.406243905069,6093.749287104563,5628.454753376764,5824.1572265625,45972751,0.0,0.0,AstraZeneca,AZN.L,Pharma
2019-06-30 00:00:00+00:00,5793.204997785319,6535.07853152463,5730.30049677524,6459.193359375,43563797,0.0,0.0,AstraZeneca,AZN.L,Pharma
2019-07-31 00:00:00+00:00,6483.157749977275,7338.161333009061,6281.463112528908,7189.0859375,46859732,0.0,0.0,AstraZeneca,AZN.L,Pharma
2019-08-31 00:00:00+00:00,7150.14465824359,7468.4173975329395,7044.305271560557,7307.6455078125,47435477,71.9,0.0,AstraZeneca,AZN.L,Pharma
2019-09-30 00:00:00+00:00,7396.518149828255,7572.269087369739,6746.440288059552,7125.90185546875,54241318,0.0,0.0,AstraZeneca,AZN.L,Pharma
2019-10-31 00:00:00+00:00,7056.999069654004,8216.242337522463,6660.562000181119,7490.38525390625,46778127,0.0,0.0,AstraZeneca,AZN.L,Pharma
2019-11-30 00:00:00+00:00,7531.327069946207,7600.229664827251,7146.560366819151,7447.44677734375,35275120,0.0,0.0,AstraZeneca,AZN.L,Pharma
2019-12-31 00:00:00+00:00,7440.456032187879,7812.928689000775,7003.075792995272,7596.23583984375,49475563,0.0,0.0,AstraZeneca,AZN.L,Pharma
2020-01-31 00:00:00+00:00,7584.252139258322,7936.7529956346,7385.534250456712,7413.49462890625,32634051,0.0,0.0,AstraZeneca,AZN.L,Pharma
2020-02-29 00:00:00+00:00,7408.501576435924,7808.933467229707,6680.853946195058,6785.72607421875,51568395,146.4,0.0,AstraZeneca,AZN.L,Pharma
2020-03-31 00:00:00+00:00,6991.476044267119,7582.75494457246,5863.85145394945,7093.3525390625,97089508,0.0,0.0,AstraZeneca,AZN.L,Pharma
2020-04-30 00:00:00+00:00,7118.32148710322,8624.48608075733,6858.6378739964,8192.01171875,53167411,0.0,0.0,AstraZeneca,AZN.L,Pharma
2020-05-31 00:00:00+00:00,8269.916030341765,9323.63245831764,8230.15494293979,8693.4013671875,49856277,0.0,0.0,AstraZeneca,AZN.L,Pharma
2020-06-30 00:00:00+00:00,8738.346574394353,9525.47498839905,8091.136406169027,8440.708984375,56103075,0.0,0.0,AstraZeneca,AZN.L,Pharma
2020-07-31 00:00:00+00:00,8511.622830063126,10107.675114840396,8399.758143998932,8519.6142578125,46143909,0.0,0.0,AstraZeneca,AZN.L,Pharma
2020-08-31 00:00:00+00:00,8472.669107274616,8787.990372053187,8160.704060817791,8187.67333984375,33755347,69.6,0.0,AstraZeneca,AZN.L,Pharma
2020-09-30 00:00:00+00:00,8264.585909941434,8837.93267171187,7920.977153093632,8469.353515625,39897415,0.0,0.0,AstraZeneca,AZN.L,Pharma
2020-10-31 00:00:00+00:00,8389.443636092805,8490.935623670934,7757.1640625,7757.1640625,35578920,0.0,0.0,AstraZeneca,AZN.L,Pharma
2020-11-30 00:00:00+00:00,7818.094482045018,8788.98797622012,7635.302544341216,7796.11962890625,57135139,0.0,0.0,AstraZeneca,AZN.L,Pharma
2020-12-31 00:00:00+00:00,7989.898573717948,8196.662583856867,7187.8116464540935,7315.6669921875,64935142,0.0,0.0,AstraZeneca,AZN.L,Pharma
2021-01-31 00:00:00+00:00,7416.551762351897,8004.882096411477,7357.618706495118,7482.4765625,61660415,0.0,0.0,AstraZeneca,AZN.L,Pharma
2021-02-28 00:00:00+00:00,7476.483380989443,7527.425351922036,6888.484261454396,6938.43701171875,55903671,137.4,0.0,AstraZeneca,AZN.L,Pharma
2021-03-31 00:00:00+00:00,7018.361283004455,7414.985712854362,6729.63391641522,7165.22265625,79068093,0.0,0.0,AstraZeneca,AZN.L,Pharma
2021-04-30 00:00:00+00:00,7128.257760089468,8640.538499162412,7038.34238594052,7707.708984375,51089943,0.0,0.0,AstraZeneca,AZN.L,Pharma
2021-05-31 00:00:00+00:00,7820.602470578959,8165.276605097297,6493.657553796469,7949.48046875,49430155,0.0,0.0,AstraZeneca,AZN.L,Pharma
2021-06-30 00:00:00+00:00,7927.502048048057,8735.736391129032,7862.561999677592,8733.73828125,51108112,0.0,0.0,AstraZeneca,AZN.L,Pharma
2021-07-31 00:00:00+00:00,8741.730532378404,8802.672882375555,8134.305317540322,8260.1884765625,117312959,0.0,0.0,AstraZeneca,AZN.L,Pharma
2021-08-31 00:00:00+00:00,8263.184475418102,8766.403330730374,8097.981470965064,8508.626953125,53397108,64.8,0.0,AstraZeneca,AZN.L,Pharma
2021-09-30 00:00:00+00:00,8536.60162961458,8990.20950852241,8022.047993995528,8765.40234375,53154874,0.0,0.0,AstraZeneca,AZN.L,Pharma
2021-10-31 00:00:00+00:00,8740.425931286116,9141.077696437382,8599.5478820696,9086.125,29186551,0.0,0.0,AstraZeneca,AZN.L,Pharma
2021-11-30 00:00:00+00:00,9169.054122594182,9514.754153196838,8143.941257452838,8268.8330078125,50473708,0.0,0.0,AstraZeneca,AZN.L,Pharma
2021-12-31 00:00:00+00:00,8295.810306316906,8712.44946604956,8083.313631109696,8670.486328125,40069581,0.0,0.0,AstraZeneca,AZN.L,Pharma
2022-01-31 00:00:00+00:00,8618.53258904203,8889.295811015483,8246.8532803449,8609.5380859375,44124118,0.0,0.0,AstraZeneca,AZN.L,Pharma
2022-02-28 00:00:00+00:00,8492.6406048008,9167.056480532789,8206.88751469289,9052.6171875,56455247,145.29999,0.0,AstraZeneca,AZN.L,Pharma
2022-03-31 00:00:00+00:00,9188.5204358196,10254.768745335015,8320.132359833762,10068.8994140625,71155820,0.0,0.0,AstraZeneca,AZN.L,Pharma
2022-04-30 00:00:00+00:00,10170.828148494504,10992.249506804666,10071.221187492349,10680.4677734375,51411208,0.0,0.0,AstraZeneca,AZN.L,Pharma
2022-05-31 00:00:00+00:00,10490.602741797022,10784.395142507852,9757.1201431573,10434.640625,55637565,0.0,0.0,AstraZeneca,AZN.L,Pharma
2022-06-30 00:00:00+00:00,10392.67120482526,11046.2099609375,9392.3781484375,10746.421875,55091498,0.0,0.0,AstraZeneca,AZN.L,Pharma
2022-07-31 00:00:00+00:00,10800.3828125,11281.66533102281,10524.57826008334,10700.455078125,47328610,0.0,0.0,AstraZeneca,AZN.L,Pharma
2022-08-31 00:00:00+00:00,10610.516520031308,11532.682007242054,10423.58615243183,10569.2939453125,43545973,76.4,0.0,AstraZeneca,AZN.L,Pharma
2022-09-30 00:00:00+00:00,10613.26533326368,10655.240147247428,9777.796512299072,9937.6943359375,54583444,0.0,0.0,AstraZeneca,AZN.L,Pharma
2022-10-31 00:00:00+00:00,9799.7822265625,10311.458447808478,9493.189280571874,10247.4990234375,40725177,0.0,0.0,AstraZeneca,AZN.L,Pharma
2022-11-30 00:00:00+00:00,10279.476529085818,11344.802784437175,10279.476529085818,11158.919921875,38737639,0.0,0.0,AstraZeneca,AZN.L,Pharma
2022-12-31 00:00:00+00:00,11192.8994140625,11406.762607250548,11036.99761011208,11210.88671875,33898411,0.0,0.0,AstraZeneca,AZN.L,Pharma
2023-01-31 00:00:00+00:00,11310.823484677096,11878.462355427046,10534.413820205127,10583.28515625,56429173,0.0,0.0,AstraZeneca,AZN.L,Pharma
2023-02-28 00:00:00+00:00,10579.287410513436,11672.593331352637,10178.458269920162,10874.640625,56146577,162.8,0.0,AstraZeneca,AZN.L,Pharma
2023-03-31 00:00:00+00:00,10868.644285123024,12822.13268993082,10552.799377909763,11226.4677734375,50819182,0.0,0.0,AstraZeneca,AZN.L,Pharma
2023-04-30 00:00:00+00:00,11254.453168325756,12385.895947752284,11166.496518342392,11740.2138671875,35739149,0.0,0.0,AstraZeneca,AZN.L,Pharma
2023-05-31 00:00:00+00:00,11720.22383983645,12179.99640423098,11458.353376259647,11664.2509765625,33523367,0.0,0.0,AstraZeneca,AZN.L,Pharma
2023-06-30 00:00:00+00:00,11630.268062249956,11928.121632543103,11130.513138572443,11270.4453125,37580081,0.0,0.0,AstraZeneca,AZN.L,Pharma
2023-07-31 00:00:00+00:00,10932.611815559028,11258.4512570085,10015.064717364488,11190.4853515625,52776779,0.0,0.0,AstraZeneca,AZN.L,Pharma
2023-08-31 00:00:00+00:00,11034.561764937816,11206.477410682346,10575.467982164218,10695.416015625,42397687,71.8,0.0,AstraZeneca,AZN.L,Pharma
2023-09-30 00:00:00+00:00,10739.397767335126,11305.154062879452,10361.55827461436,11097.2431640625,41260921,0.0,0.0,AstraZeneca,AZN.L,Pharma
2023-10-31 00:00:00+00:00,11055.26047909532,11299.156329719388,10057.688458786406,10245.6083984375,49290245,0.0,0.0,AstraZeneca,AZN.L,Pharma
2023-11-30 00:00:00+00:00,10293.588544060203,10595.459040520793,9773.8109656521,10121.662109375,47587603,0.0,0.0,AstraZeneca,AZN.L,Pharma
2023-12-31 00:00:00+00:00,10183.635143686262,10707.410602509692,9944.73778049088,10595.458984375,39391693,0.0,0.0,AstraZeneca,AZN.L,Pharma
2024-01-31 00:00:00+00:00,10627.444767189238,11017.278097407376,10337.568835112215,10495.5009765625,51943167,0.0,0.0,AstraZeneca,AZN.L,Pharma
2024-02-29 00:00:00+00:00,10543.481680324185,10647.436455106052,9456.946823854068,9980.2646484375,79192336,156.0,0.0,AstraZeneca,AZN.L,Pharma
2024-03-31 00:00:00+00:00,10043.24759657118,10777.045284770673,9997.98408661234,10675.0732421875,54447623,0.0,0.0,AstraZeneca,AZN.L,Pharma
2024-04-30 00:00:00+00:00,10807.03828688614,12484.577928777862,10414.758306304922,12166.6650390625,51880048,0.0,0.0,AstraZeneca,AZN.L,Pharma
2024-05-31 00:00:00+00:00,12110.680454385953,12446.587979274578,11854.750684762896,12186.66015625,44029836,0.0,0.0,AstraZeneca,AZN.L,Pharma
2024-06-30 00:00:00+00:00,12300.628695528916,12700.519017302484,12084.68787967763,12300.6279296875,42030180,0.0,0.0,AstraZeneca,AZN.L,Pharma
2024-07-31 00:00:00+00:00,12276.634328975677,12568.553865788845,11536.837803171642,12508.5703125,34020863,0.0,0.0,AstraZeneca,AZN.L,Pharma
2024-08-31 00:00:00+00:00,12618.54065644206,13327.16190514587,12194.65811954107,13271.173828125,34978148,77.600006,0.0,AstraZeneca,AZN.L,Pharma
2024-09-30 00:00:00+00:00,13291.16999631619,13385.15023662576,11439.56351422002,11797.48828125,50140362,0.0,0.0,AstraZeneca,AZN.L,Pharma
2024-10-31 00:00:00+00:00,11803.485868210331,12201.401623074707,10895.67983059438,11039.6494140625,35537209,0.0,0.0,AstraZeneca,AZN.L,Pharma
2024-11-30 00:00:00+00:00,11065.643526512316,11339.585551014026,9667.941396208224,10609.740234375,80112843,0.0,0.0,AstraZeneca,AZN.L,Pharma
2024-12-31 00:00:00+00:00,10593.743987395184,10801.69916698042,10081.853026582,10465.771484375,43886770,0.0,0.0,AstraZeneca,AZN.L,Pharma
2025-01-31 00:00:00+00:00,10403.784985190792,11435.564949154012,10311.804568254644,11341.5849609375,56144325,0.0,0.0,AstraZeneca,AZN.L,Pharma
2025-02-28 00:00:00+00:00,11245.605569905108,12207.153167606462,10939.671000254191,11967.169921875,67666085,168.0,0.0,AstraZeneca,AZN.L,Pharma
2025-03-31 00:00:00+00:00,11969.169247534968,12143.157536109498,11109.229596333233,11365.2119140625,51262792,0.0,0.0,AstraZeneca,AZN.L,Pharma
2025-04-30 00:00:00+00:00,11303.215428226307,11551.19886488325,9572.84047301967,10607.263671875,61418576,0.0,0.0,AstraZeneca,AZN.L,Pharma
2025-05-31 00:00:00+00:00,10655.260705318951,10901.243801109811,9650.3302076108,10719.255859375,50124896,0.0,0.0,AstraZeneca,AZN.L,Pharma
2025-06-30 00:00:00+00:00,10805.250510354112,11085.23048787398,10102.299064614226,10401.2783203125,44724025,0.0,0.0,AstraZeneca,AZN.L,Pharma
2025-07-31 00:00:00+00:00,10445.275412430825,11553.197900166406,10111.298375637003,11103.2294921875,55939296,0.0,0.0,AstraZeneca,AZN.L,Pharma
2025-08-31 00:00:00+00:00,11107.22948131342,12126.0,10810.0,11850.0,46032826,76.700005,0.0,AstraZeneca,AZN.L,Pharma
2025-09-30 00:00:00+00:00,11842.0,12462.0,10784.0,12436.0,45318291,0.0,0.0,AstraZeneca,AZN.L,Pharma
2025-10-31 00:00:00+00:00,12720.0,12972.0,12356.0,12470.0,44988746,0.0,0.0,AstraZeneca,AZN.L,Pharma
2025-11-30 00:00:00+00:00,12546.0,14206.0,12240.0,13974.0,41141190,0.0,0.0,AstraZeneca,AZN.L,Pharma
2025-12-31 00:00:00+00:00,13966.0,15474.3603515625,13362.0,13790.0,48644607,0.0,0.0,AstraZeneca,AZN.L,Pharma
2026-01-31 00:00:00+00:00,13722.0,14312.0,13278.0,14186.0,12375744,0.0,0.0,AstraZeneca,AZN.L,Pharma
2016-01-31 00:00:00+00:00,521.6846584743923,534.0317082554102,476.04331854932775,514.2105712890625,159175445,0.0,0.0,BAE Systems,BA.L,Defence
2016-02-29 00:00:00+00:00,518.1965921997789,518.1965921997789,453.8207285302393,511.2208251953125,157295460,0.0,0.0,BAE Systems,BA.L,Defence
2016-03-31 00:00:00+00:00,510.7226422154973,513.9613293558359,486.8058077306695,499.7607727050781,141119235,0.0,0.0,BAE Systems,BA.L,Defence
2016-04-30 00:00:00+00:00,499.7607727050781,517.6984475840693,474.4026484642371,475.76123046875,115355991,12.5,0.0,BAE Systems,BA.L,Defence
2016-05-31 00:00:00+00:00,474.9637545130704,495.8960960271467,467.9863226524376,486.4267272949219,115002059,0.0,0.0,BAE Systems,BA.L,Defence
2016-06-30 00:00:00+00:00,486.2272716253732,532.4588717544838,463.30157808518,528.2913208007812,196854759,0.0,0.0,BAE Systems,BA.L,Defence
2016-07-31 00:00:00+00:00,533.275063333358,546.2333344372995,465.9897743168105,529.2880859375,160293614,0.0,0.0,BAE Systems,BA.L,Defence
2016-08-31 00:00:00+00:00,532.7767590760958,542.7444998217027,513.3397009878447,537.7606201171875,145747346,0.0,0.0,BAE Systems,BA.L,Defence
2016-09-30 00:00:00+00:00,538.7575161787715,555.7284820105677,514.8178743928358,522.3106689453125,181813779,0.0,0.0,BAE Systems,BA.L,Defence
2016-10-31 00:00:00+00:00,524.3041700504909,552.2139642262308,520.8154540900789,540.8350830078125,164497134,8.6,0.0,BAE Systems,BA.L,Defence
2016-11-30 00:00:00+00:00,541.8319445426749,629.5618564381319,530.3672395224883,598.6571655273438,234516765,0.0,0.0,BAE Systems,BA.L,Defence
2016-12-31 00:00:00+00:00,597.1616648798404,609.1247562635813,578.7185027611437,589.6846313476562,161955208,0.0,0.0,BAE Systems,BA.L,Defence
2017-01-31 00:00:00+00:00,589.6847448461955,617.1003159990195,578.7184706225837,580.2138671875,167467379,0.0,0.0,BAE Systems,BA.L,Defence
2017-02-28 00:00:00+00:00,585.1984695631036,632.5528407505581,578.2199528902897,628.066650390625,168479042,0.0,0.0,BAE Systems,BA.L,Defence
2017-03-31 00:00:00+00:00,629.0634835406777,654.9836344463355,627.5680869870944,640.5281982421875,210834511,0.0,0.0,BAE Systems,BA.L,Defence
2017-04-30 00:00:00+00:00,645.5127842219796,651.4943858985281,614.233122572387,625.20166015625,160749394,12.700001,0.0,BAE Systems,BA.L,Defence
2017-05-31 00:00:00+00:00,627.1958882474489,675.058106557044,622.7087952472684,671.069580078125,156540958,0.0,0.0,BAE Systems,BA.L,Defence
2017-06-30 00:00:00+00:00,673.5627176313258,680.3779174499738,629.8531631415668,631.68310546875,117344899,0.0,0.0,BAE Systems,BA.L,Defence
2017-07-31 00:00:00+00:00,634.1757522546764,635.1728839406114,562.6486516280894,605.2589721679688,184981567,0.0,0.0,BAE Systems,BA.L,Defence
2017-08-31 00:00:00+00:00,622.7088816333484,626.1988433398603,568.863702837899,608.748779296875,198445428,0.0,0.0,BAE Systems,BA.L,Defence
2017-09-30 00:00:00+00:00,605.7577227127454,637.1671473124815,584.2334579003838,629.6886596679688,191638223,0.0,0.0,BAE Systems,BA.L,Defence
2017-10-31 00:00:00+00:00,630.6859753795505,632.68023933332,583.1562180007337,591.8822021484375,202903268,8.8,0.0,BAE Systems,BA.L,Defence
2017-11-30 00:00:00+00:00,593.8769630353476,595.8715120295889,532.5446763666404,550.4955444335938,199857939,0.0,0.0,BAE Systems,BA.L,Defence
2017-12-31 00:00:00+00:00,552.4900935076286,574.9287993202747,544.0131938206746,571.438232421875,143645016,0.0,0.0,BAE Systems,BA.L,Defence
2018-01-31 00:00:00+00:00,575.2279349257111,596.7691128964232,561.4655172395194,592.3809814453125,250584968,0.0,0.0,BAE Systems,BA.L,Defence
2018-02-28 00:00:00+00:00,592.3809413041474,605.5448944854559,554.4846126590155,577.8209228515625,252069350,0.0,0.0,BAE Systems,BA.L,Defence
2018-03-31 00:00:00+00:00,576.225060092249,608.337329489748,558.4736938476562,579.8153686523438,180283604,0.0,0.0,BAE Systems,BA.L,Defence
2018-04-30 00:00:00+00:00,572.4356647267296,620.0400379386198,567.0503571221922,610.66357421875,190738081,13.0,0.0,BAE Systems,BA.L,Defence
2018-05-31 00:00:00+00:00,607.4717079647992,654.3537860637326,607.4717079647992,651.1618041992188,203214760,0.0,0.0,BAE Systems,BA.L,Defence
2018-06-30 00:00:00+00:00,652.7576484301476,658.1440925252937,607.4716780551043,645.1766967773438,171148487,0.0,0.0,BAE Systems,BA.L,Defence
2018-07-31 00:00:00+00:00,641.1866982194188,678.4930886567671,629.6158529751426,632.4088134765625,198134258,0.0,0.0,BAE Systems,BA.L,Defence
2018-08-31 00:00:00+00:00,631.2119075585168,642.3836491993615,603.6812068620272,604.4791870117188,142202420,0.0,0.0,BAE Systems,BA.L,Defence
2018-09-30 00:00:00+00:00,605.0776260959896,641.9849093465424,600.4892460218338,621.237060546875,191381556,0.0,0.0,BAE Systems,BA.L,Defence
2018-10-31 00:00:00+00:00,619.8404097093488,621.2368594040163,505.4098746329069,524.5647583007812,301522276,9.0,0.0,BAE Systems,BA.L,Defence
2018-11-30 00:00:00+00:00,522.9683347246233,542.5223970060068,484.9580147673794,490.1457824707031,231814933,0.0,0.0,BAE Systems,BA.L,Defence
2018-12-31 00:00:00+00:00,492.5401902267981,501.02022164954826,440.4627967432024,458.1211853027344,225322727,0.0,0.0,BAE Systems,BA.L,Defence
2019-01-31 00:00:00+00:00,454.928805029696,520.1751203030232,452.3349066311384,510.5976257324219,190483539,0.0,0.0,BAE Systems,BA.L,Defence
2019-02-28 00:00:00+00:00,513.7900933232695,528.9545189818647,458.4205017397253,464.9052429199219,171884927,0.0,0.0,BAE Systems,BA.L,Defence
2019-03-31 00:00:00+00:00,467.299547518239,489.048402074324,450.040260072057,481.7655334472656,179435268,0.0,0.0,BAE Systems,BA.L,Defence
2019-04-30 00:00:00+00:00,484.1599006791788,513.1915483980746,481.7655449491551,490.87115478515625,160724688,13.2,0.0,BAE Systems,BA.L,Defence
2019-05-31 00:00:00+00:00,487.2786889863404,491.8690739945018,438.4809563300633,451.4537658691406,204920797,0.0,0.0,BAE Systems,BA.L,Defence
2019-06-30 00:00:00+00:00,449.4579258665986,499.95207635270987,448.4600174919153,493.3658752441406,173533976,0.0,0.0,BAE Systems,BA.L,Defence
2019-07-31 00:00:00+00:00,496.5592055043591,558.6290474439434,482.1893350321469,556.8328247070312,163835922,0.0,0.0,BAE Systems,BA.L,Defence
2019-08-31 00:00:00+00:00,552.4419807763721,570.0052861338825,530.6875828888908,544.4588012695312,162694555,0.0,0.0,BAE Systems,BA.L,Defence
2019-09-30 00:00:00+00:00,544.259275907023,589.5642398816149,544.259275907023,563.0198974609375,183283749,0.0,0.0,BAE Systems,BA.L,Defence
2019-10-31 00:00:00+00:00,559.8266610450663,578.2860226886023,530.7776119233386,575.0921630859375,149069730,9.4,0.0,BAE Systems,BA.L,Defence
2019-11-30 00:00:00+00:00,576.4894836962559,588.4663816285749,5.6830514712128055,572.297607421875,137119569,0.0,0.0,BAE Systems,BA.L,Defence
2019-12-31 00:00:00+00:00,571.0998215628974,586.0708636994414,540.1594431774198,563.7141723632812,139653303,0.0,0.0,BAE Systems,BA.L,Defence
2020-01-31 00:00:00+00:00,567.5067205918427,647.5525633851468,564.9716982804191,630.1860961914062,137293949,0.0,0.0,BAE Systems,BA.L,Defence
2020-02-29 00:00:00+00:00,633.9787115605078,671.5064268520795,599.2455463591352,607.2301635742188,189593317,0.0,0.0,BAE Systems,BA.L,Defence
2020-03-31 00:00:00+00:00,617.2110344779934,625.9941026452987,427.7759079960866,486.6624755859375,318915013,0.0,0.0,BAE Systems,BA.L,Defence
2020-04-30 00:00:00+00:00,489.9561047299762,561.7178189923076,480.0751462726924,502.0328674316406,174117618,0.0,0.0,BAE Systems,BA.L,Defence
2020-05-31 00:00:00+00:00,504.22863249347705,523.1920453020929,484.7781451100077,497.3418884277344,176325080,0.0,0.0,BAE Systems,BA.L,Defence
2020-06-30 00:00:00+00:00,497.6413634154099,586.1988625047692,473.0886364170327,482.3707580566406,230174697,0.0,0.0,BAE Systems,BA.L,Defence
2020-07-31 00:00:00+00:00,487.660573846232,508.6201375078637,464.8045689388609,489.2574462890625,166228495,0.0,0.0,BAE Systems,BA.L,Defence
2020-08-31 00:00:00+00:00,488.25942107029664,544.8938646306125,479.7757641292965,500.367919921875,123719153,13.799999,0.0,BAE Systems,BA.L,Defence
2020-09-30 00:00:00+00:00,507.356369057663,538.504571202025,478.7039186469747,485.5924682617188,145264000,0.0,0.0,BAE Systems,BA.L,Defence
2020-10-31 00:00:00+00:00,480.10162716627184,501.69268913383047,395.3226795045316,396.4210815429688,160044518,9.4,0.0,BAE Systems,BA.L,Defence
2020-11-30 00:00:00+00:00,398.0187177975111,531.2033454641037,395.7360408016645,503.2650451660156,263187945,0.0,0.0,BAE Systems,BA.L,Defence
2020-12-31 00:00:00+00:00,501.26797597382057,534.2198393754942,476.7038028339798,488.087158203125,159716044,0.0,0.0,BAE Systems,BA.L,Defence
2021-01-31 00:00:00+00:00,495.2766922380371,510.6541795755396,458.1309717110791,461.4261779785156,159159072,0.0,0.0,BAE Systems,BA.L,Defence
2021-02-28 00:00:00+00:00,463.6229089949482,506.06092890691696,455.9341236740984,483.1943359375,156023633,0.0,0.0,BAE Systems,BA.L,Defence
2021-03-31 00:00:00+00:00,482.894790187585,516.046330858368,407.6945708248405,509.6556701660156,186033164,0.0,0.0,BAE Systems,BA.L,Defence
2021-04-30 00:00:00+00:00,522.4370588457886,529.8262459041713,488.4195838737808,505.5991821289063,143886720,14.300001,0.0,BAE Systems,BA.L,Defence
2021-05-31 00:00:00+00:00,507.7965171459168,532.3673422955108,495.1116584601484,527.7727661132812,153870479,0.0,0.0,BAE Systems,BA.L,Defence
2021-06-30 00:00:00+00:00,526.7739269936601,545.35196173369,514.0460698871777,525.5753784179688,108861860,0.0,0.0,BAE Systems,BA.L,Defence
2021-07-31 00:00:00+00:00,525.9748940004388,586.3032750455393,520.9808831615863,575.3163452148438,126279068,0.0,0.0,BAE Systems,BA.L,Defence
2021-08-31 00:00:00+00:00,578.9120081737058,589.2996880774427,560.3341149592305,565.5279541015625,119900639,0.0,0.0,BAE Systems,BA.L,Defence
2021-09-30 00:00:00+00:00,566.326985906379,573.5184306736235,547.1497398646436,564.329345703125,167680917,0.0,0.0,BAE Systems,BA.L,Defence
2021-10-31 00:00:00+00:00,564.1296046625109,600.8858774312066,549.0388671734656,551.2366333007812,150104079,9.9,0.0,BAE Systems,BA.L,Defence
2021-11-30 00:00:00+00:00,553.0347900390625,577.0103201778668,535.0530877524418,547.6402587890625,187130633,0.0,0.0,BAE Systems,BA.L,Defence
2021-12-31 00:00:00+00:00,548.6393187046256,564.2232916051488,516.8717470475949,549.2387084960938,108607808,0.0,0.0,BAE Systems,BA.L,Defence
2022-01-31 00:00:00+00:00,549.837968096358,612.773727533537,532.4557122019473,576.6107788085938,159959227,0.0,0.0,BAE Systems,BA.L,Defence
2022-02-28 00:00:00+00:00,576.8104970918888,755.2280928650442,565.222395809798,718.865234375,190046255,0.0,0.0,BAE Systems,BA.L,Defence
2022-03-31 00:00:00+00:00,713.8702802574322,765.617575215308,682.9020247349666,713.0712280273438,332486973,0.0,0.0,BAE Systems,BA.L,Defence
2022-04-30 00:00:00+00:00,719.4646667378552,776.4484632882128,714.5888883220739,739.3914184570312,179597303,15.2,0.0,BAE Systems,BA.L,Defence
2022-05-31 00:00:00+00:00,747.3848640132536,781.7565691790097,722.0057735340297,777.56005859375,209186841,0.0,0.0,BAE Systems,BA.L,Defence
2022-06-30 00:00:00+00:00,791.3486720473205,841.6672757769397,744.1475756539593,837.7105712890625,211904528,0.0,0.0,BAE Systems,BA.L,Defence
2022-07-31 00:00:00+00:00,840.3083267576957,846.7200413449672,747.7845482563528,786.352783203125,208772667,0.0,0.0,BAE Systems,BA.L,Defence
2022-08-31 00:00:00+00:00,786.1529237636477,822.5230378494707,756.7771305800776,760.3741455078125,160914753,0.0,0.0,BAE Systems,BA.L,Defence
2022-09-30 00:00:00+00:00,757.3766014342144,856.1043762421582,752.9801957126441,789.1504516601562,159488822,0.0,0.0,BAE Systems,BA.L,Defence
2022-10-31 00:00:00+00:00,789.3502971854466,854.1959796204206,775.162030346301,813.834716796875,154391372,10.400001,0.0,BAE Systems,BA.L,Defence
2022-11-30 00:00:00+00:00,817.0325994378304,826.2262172031873,701.7127004088488,822.029052734375,187427104,0.0,0.0,BAE Systems,BA.L,Defence
2022-12-31 00:00:00+00:00,818.4315498586082,871.9944047193111,797.0463787374687,855.406005859375,111197513,0.0,0.0,BAE Systems,BA.L,Defence
2023-01-31 00:00:00+00:00,859.2032647988962,879.7890311926075,819.8307068071582,856.205322265625,148222868,0.0,0.0,BAE Systems,BA.L,Defence
2023-02-28 00:00:00+00:00,855.8056462924727,925.577218295994,828.0248879117852,897.3767700195312,176323172,0.0,0.0,BAE Systems,BA.L,Defence
2023-03-31 00:00:00+00:00,888.3829590459893,991.179615834488,877.9901531257246,981.91796875,235228756,0.0,0.0,BAE Systems,BA.L,Defence
2023-04-30 00:00:00+00:00,978.3204738186672,1036.4489450606088,978.3204738186672,1013.461181640625,125351324,16.599998,0.0,BAE Systems,BA.L,Defence
2023-05-31 00:00:00+00:00,1015.4601009274938,1022.9561909601478,921.5100694526412,944.2979125976562,154964525,0.0,0.0,BAE Systems,BA.L,Defence
2023-06-30 00:00:00+00:00,944.697792046794,973.2825490975928,902.720112398152,926.5074462890624,125495029,0.0,0.0,BAE Systems,BA.L,Defence
2023-07-31 00:00:00+00:00,929.505768819572,942.2990213462958,882.9305070456005,932.904052734375,116962999,0.0,0.0,BAE Systems,BA.L,Defence
2023-08-31 00:00:00+00:00,979.4792142030924,1035.949095492233,953.0932101538018,1006.9646606445312,151060432,0.0,0.0,BAE Systems,BA.L,Defence
2023-09-30 00:00:00+00:00,1011.4622695506358,1064.4340675073036,997.269775390625,997.269775390625,149546510,0.0,0.0,BAE Systems,BA.L,Defence
2023-10-31 00:00:00+00:00,1019.9576949241496,1113.0275857344918,968.0852948446536,1103.5316162109375,127307529,11.5,0.0,BAE Systems,BA.L,Defence
2023-11-30 00:00:00+00:00,1108.029697331166,1128.52103628696,1033.561337324502,1049.5545654296875,151489947,0.0,0.0,BAE Systems,BA.L,Defence
2023-12-31 00:00:00+00:00,1054.05277971211,1112.5278701747875,1012.0705847431432,1110.0289306640625,100831602,0.0,0.0,BAE Systems,BA.L,Defence
2024-01-31 00:00:00+00:00,1115.0268234198238,1200.1407587266265,1113.430454961742,1176.500732421875,132036197,0.0,0.0,BAE Systems,BA.L,Defence
2024-02-29 00:00:00+00:00,1178.999664319688,1266.46244767151,1165.005686476776,1241.4732666015625,148618746,0.0,0.0,BAE Systems,BA.L,Defence
2024-03-31 00:00:00+00:00,1251.468878125,1377.4153365191291,1234.4760660677912,1348.927490234375,125524269,0.0,0.0,BAE Systems,BA.L,Defence
2024-04-30 00:00:00+00:00,1353.9255809483002,1388.1055691547344,1261.4645897518744,1337.619873046875,168130895,18.5,0.0,BAE Systems,BA.L,Defence
2024-05-31 00:00:00+00:00,1332.6213201700004,1406.100453008709,1321.1245243157966,1391.6046142578125,118268992,0.0,0.0,BAE Systems,BA.L,Defence
2024-06-30 00:00:00+00:00,1402.101526810507,1414.847904326966,1271.638671875,1271.638671875,123795296,0.0,0.0,BAE Systems,BA.L,Defence
2024-07-31 00:00:00+00:00,1264.6406227857908,1348.6167031136004,1226.6514313476564,1284.6348876953125,97698215,0.0,0.0,BAE Systems,BA.L,Defence
2024-08-31 00:00:00+00:00,1234.1492384793048,1379.607963534024,1234.1492384793048,1362.61279296875,150575802,0.0,0.0,BAE Systems,BA.L,Defence
2024-09-30 00:00:00+00:00,1362.112985497918,1363.1127014505769,1219.6532887468434,1273.13818359375,133572097,0.0,0.0,BAE Systems,BA.L,Defence
2024-10-31 00:00:00+00:00,1277.1369494003748,1344.1181065801363,1237.648252183809,1249.761962890625,118590967,12.4,0.0,BAE Systems,BA.L,Defence
2024-11-30 00:00:00+00:00,1251.7616591096582,1416.730178661809,1210.269499314735,1226.766357421875,127571520,0.0,0.0,BAE Systems,BA.L,Defence
2024-12-31 00:00:00+00:00,1237.7642239635209,1263.7593433905197,1129.7847736177623,1148.28125,130095505,0.0,0.0,BAE Systems,BA.L,Defence
2025-01-31 00:00:00+00:00,1150.2809666508351,1268.258474963162,1126.7853833402105,1223.766845703125,152090739,0.0,0.0,BAE Systems,BA.L,Defence
2025-02-28 00:00:00+00:00,1216.7681698338176,1419.729483855648,1170.2770512155537,1406.2320556640625,204483177,0.0,0.0,BAE Systems,BA.L,Defence
2025-03-31 00:00:00+00:00,1589.697209570373,1707.67473113886,1530.2085520811756,1585.1981201171875,267738425,0.0,0.0,BAE Systems,BA.L,Defence
2025-04-30 00:00:00+00:00,1571.7006420875118,1770.8721202807455,1393.734552378965,1741.874267578125,173990636,20.6,0.0,BAE Systems,BA.L,Defence
2025-05-31 00:00:00+00:00,1746.373928059347,1934.3603642741648,1621.3829372821715,1901.36279296875,112868478,0.0,0.0,BAE Systems,BA.L,Defence
2025-06-30 00:00:00+00:00,1934.8603314029328,1998.3557425767451,1798.370175579268,1862.865478515625,187685547,0.0,0.0,BAE Systems,BA.L,Defence
2025-07-31 00:00:00+00:00,1864.3653719887343,1939.8599853515625,1746.524007108407,1816.368896484375,104312802,0.0,0.0,BAE Systems,BA.L,Defence
2025-08-31 00:00:00+00:00,1842.8670125247927,1857.8658447265625,1674.8791189364913,1790.8707275390625,77640058,0.0,0.0,BAE Systems,BA.L,Defence
2025-09-30 00:00:00+00:00,1790.87074048853,2072.850429888853,1746.3739711365058,2036.85302734375,124844852,0.0,0.0,BAE Systems,BA.L,Defence
2025-10-31 00:00:00+00:00,2043.8524731682344,2071.8503345498784,1831.3677978515625,1871.0,111798839,13.500001,0.0,BAE Systems,BA.L,Defence
2025-11-30 00:00:00+00:00,1883.5,1892.5,1617.0,1650.5,142555081,0.0,0.0,BAE Systems,BA.L,Defence
2025-12-31 00:00:00+00:00,1630.0,1741.10498046875,1588.0,1714.0,131886519,0.0,0.0,BAE Systems,BA.L,Defence
2026-01-31 00:00:00+00:00,1713.5,2069.0,1711.5,2050.0,37884828,0.0,0.0,BAE Systems,BA.L,Defence
2016-01-31 00:00:00+00:00,12.25673614232178,12.5137578832298,10.393325255545246,11.357159614562988,2123247200,0.0,0.0,Bank of America,BAC,Financials
2016-02-29 00:00:00+00:00,11.284871093941408,11.31699880975252,8.827097243396349,10.055987358093262,3571160300,0.0,0.0,Bank of America,BAC,Financials
2016-03-31 00:00:00+00:00,10.152371604009105,11.31168784059884,10.136307357652152,10.900500297546388,2415683100,0.05,0.0,Bank of America,BAC,Financials
2016-04-30 00:00:00+00:00,10.860188076467107,12.335624498049537,10.279687156983396,11.738998413085938,2023974200,0.0,0.0,Bank of America,BAC,Financials
2016-05-31 00:00:00+00:00,11.755125809288833,12.214687277172906,11.126251185603593,11.92443561553955,1742193700,0.0,0.0,Bank of America,BAC,Financials
2016-06-30 00:00:00+00:00,11.811179412687164,12.1185925016945,9.748267395448726,10.7352294921875,2285807400,0.05,0.0,Bank of America,BAC,Financials
2016-07-31 00:00:00+00:00,10.670510016056024,11.892078873292142,10.071860775803778,11.722190856933594,1701679800,0.0,0.0,Bank of America,BAC,Financials
2016-08-31 00:00:00+00:00,11.746462904100197,13.199056931388649,11.39859652408682,13.11778163909912,1813474400,0.075,0.0,Bank of America,BAC,Financials
2016-09-30 00:00:00+00:00,13.125911890212524,13.125911890212524,12.036828885557483,12.719537734985352,1825500700,0.0,0.0,Bank of America,BAC,Financials
2016-10-31 00:00:00+00:00,12.670770485404658,13.898025690973489,12.597622873734926,13.410375595092772,1723132300,0.0,0.0,Bank of America,BAC,Financials
2016-11-30 00:00:00+00:00,13.459139364374336,17.286061433069747,13.231568313045251,17.228958129882812,3121614500,0.075,0.0,Bank of America,BAC,Financials
2016-12-31 00:00:00+00:00,17.473690719742716,19.08075119264467,17.14738512078349,18.028417587280277,2442427700,0.0,0.0,Bank of America,BAC,Financials
2017-01-31 00:00:00+00:00,18.43629184649863,19.211269366637843,17.95499912534572,18.468921661376957,1917358300,0.0,0.0,Bank of America,BAC,Financials
2017-02-28 00:00:00+00:00,18.738127981660785,20.35334643029057,18.313934645449045,20.13309097290039,1866619200,0.0,0.0,Bank of America,BAC,Financials
2017-03-31 00:00:00+00:00,20.759053041105613,21.11089834248921,18.13245962350553,19.302562713623047,2336311300,0.075,0.0,Bank of America,BAC,Financials
2017-04-30 00:00:00+00:00,19.35165739131044,19.924431245356743,18.21428964722071,19.097999572753903,1824451100,0.0,0.0,Bank of America,BAC,Financials
2017-05-31 00:00:00+00:00,19.245284969393776,19.891700424876657,18.134550781670804,18.39725112915039,1637101600,0.075,0.0,Bank of America,BAC,Financials
2017-06-30 00:00:00+00:00,18.454715479396,20.252571437627164,18.11813103168627,19.91598892211914,1768824400,0.0,0.0,Bank of America,BAC,Financials
2017-07-31 00:00:00+00:00,20.08017459309828,20.613784971121195,19.382381250470942,19.801055908203125,1385076400,0.0,0.0,Bank of America,BAC,Financials
2017-08-31 00:00:00+00:00,19.94062169535645,20.81081046831671,18.980118587048583,19.712554931640625,1354317600,0.12,0.0,Bank of America,BAC,Financials
2017-09-30 00:00:00+00:00,19.72081339546866,21.156557432409357,18.7719002781308,20.909008026123047,1481992500,0.0,0.0,Bank of America,BAC,Financials
2017-10-31 00:00:00+00:00,21.00802537330292,23.087378249346656,20.72748205374448,22.60054397583008,1380163100,0.0,0.0,Bank of America,BAC,Financials
2017-11-30 00:00:00+00:00,22.806828621844648,23.79896398106832,21.296829709048485,23.343204498291016,1350989400,0.12,0.0,Bank of America,BAC,Financials
2017-12-31 00:00:00+00:00,23.409492269909784,24.884501880613435,22.78800132469094,24.461889266967773,1494582400,0.0,0.0,Bank of America,BAC,Financials
2018-01-31 00:00:00+00:00,24.652473674920557,26.8898429604172,24.53646253986801,26.51694869995117,1413714500,0.0,0.0,Bank of America,BAC,Financials
2018-02-28 00:00:00+00:00,26.51695650540865,27.221308706433703,24.1387067705493,26.59981155395508,1705884000,0.0,0.0,Bank of America,BAC,Financials
2018-03-31 00:00:00+00:00,26.67467614277452,27.489801834025307,24.129479317400595,24.944610595703125,1488464200,0.12,0.0,Bank of America,BAC,Financials
2018-04-30 00:00:00+00:00,24.78656965251425,25.926085117640707,23.913217978326244,24.886383056640625,1471183500,0.0,0.0,Bank of America,BAC,Financials
2018-05-31 00:00:00+00:00,24.886383403204924,26.08412230648281,23.64704753060419,24.25312042236328,1414580700,0.12,0.0,Bank of America,BAC,Financials
2018-06-30 00:00:00+00:00,24.6289443618966,25.39728954724082,23.392909646897625,23.54323387145996,1377574500,0.0,0.0,Bank of America,BAC,Financials
2018-07-31 00:00:00+00:00,23.45136929858496,26.26585339412554,23.07553875791349,25.78982162475586,1313220000,0.0,0.0,Bank of America,BAC,Financials
2018-08-31 00:00:00+00:00,26.073771914332404,26.650038715300283,25.18850804451012,25.83157730102539,1076260100,0.0,0.0,Bank of America,BAC,Financials
2018-09-30 00:00:00+00:00,25.814871027915363,26.325693222726414,24.68926265298045,24.722829818725582,1036676400,0.15,0.0,Bank of America,BAC,Financials
2018-10-31 00:00:00+00:00,24.90744738024944,25.838958553664764,21.718484761126096,23.077991485595703,1818210500,0.0,0.0,Bank of America,BAC,Financials
2018-11-30 00:00:00+00:00,23.304575240526145,24.43749923281166,22.473770683305048,23.833274841308597,1119395300,0.0,0.0,Bank of America,BAC,Financials
2018-12-31 00:00:00+00:00,24.32840266212853,24.37036361364139,19.122543797732657,20.793434143066406,1812967100,0.15,0.0,Bank of America,BAC,Financials
2019-01-31 00:00:00+00:00,20.320860192674367,25.08040142876968,20.26178818201989,24.02553367614746,1644923700,0.0,0.0,Bank of America,BAC,Financials
2019-02-28 00:00:00+00:00,24.13525322674399,25.06425621003388,23.510769115190197,24.665603637695312,972624100,0.15,0.0,Bank of America,BAC,Financials
2019-03-31 00:00:00+00:00,24.877653515737677,25.56469532709196,22.570553166277183,23.40178871154785,1240842800,0.0,0.0,Bank of America,BAC,Financials
2019-04-30 00:00:00+00:00,23.664732547391925,26.43833902876361,23.622323278976538,25.937908172607425,1226771800,0.0,0.0,Bank of America,BAC,Financials
2019-05-31 00:00:00+00:00,25.92093601106252,26.200841346649096,22.46029015541393,22.562074661254883,1063985700,0.0,0.0,Bank of America,BAC,Financials
2019-06-30 00:00:00+00:00,22.553592521162734,24.960910842853306,22.3924343940718,24.73065948486328,987172300,0.15,0.0,Bank of America,BAC,Financials
2019-07-31 00:00:00+00:00,25.13999355823676,26.4873862506691,24.611274664263764,26.163330078125,963999300,0.0,0.0,Bank of America,BAC,Financials
2019-08-31 00:00:00+00:00,26.052477088408576,26.49592390838151,22.351399363730764,23.460020065307617,1359301200,0.0,0.0,Bank of America,BAC,Financials
2019-09-30 00:00:00+00:00,23.20418056263521,26.02674924993036,22.692513036017896,25.039587020874023,1202361900,0.18,0.0,Bank of America,BAC,Financials
2019-10-31 00:00:00+00:00,25.271360314153743,27.666296339941475,23.31420269226461,26.84222984313965,1206828400,0.0,0.0,Bank of America,BAC,Financials
2019-11-30 00:00:00+00:00,27.211346998359463,28.842308273770836,26.928074373208744,28.60195541381836,847433200,0.0,0.0,Bank of America,BAC,Financials
2019-12-31 00:00:00+00:00,28.71355286605253,30.8295246599154,27.940984962265457,30.397972106933597,941699200,0.18,0.0,Bank of America,BAC,Financials
2020-01-31 00:00:00+00:00,30.5101786909348,30.78635923189642,28.02448577388265,28.33519554138184,995093800,0.0,0.0,Bank of America,BAC,Financials
2020-02-29 00:00:00+00:00,28.481921494296813,30.596492556949617,23.907554167309797,24.598024368286133,1072992000,0.0,0.0,Bank of America,BAC,Financials
2020-03-31 00:00:00+00:00,24.46856057460368,25.67688557049176,15.591295462302051,18.44028663635254,2826499000,0.18,0.0,Bank of America,BAC,Financials
2020-04-30 00:00:00+00:00,17.3111095547013,21.99284162600883,16.94629935789367,20.889724731445312,1636723300,0.0,0.0,Bank of America,BAC,Financials
2020-05-31 00:00:00+00:00,20.307763908851395,22.731148061841896,17.458772334380633,20.95052528381348,1447488500,0.0,0.0,Bank of America,BAC,Financials
2020-06-30 00:00:00+00:00,21.089502199489125,25.37369159281863,20.13451816290878,20.77301406860352,1801797500,0.18,0.0,Bank of America,BAC,Financials
2020-07-31 00:00:00+00:00,21.01792405062449,22.1199848468208,19.583491856611985,21.76137351989746,1388503300,0.0,0.0,Bank of America,BAC,Financials
2020-08-31 00:00:00+00:00,21.89257475037749,24.271631809728795,21.59519246705852,22.51357650756836,1145115700,0.0,0.0,Bank of America,BAC,Financials
2020-09-30 00:00:00+00:00,22.37362911411677,23.5687692876492,20.21312348379641,21.217172622680664,1290916600,0.18,0.0,Bank of America,BAC,Financials
2020-10-31 00:00:00+00:00,21.37570957952269,22.7496748449906,20.36284987387644,20.873680114746094,1296966100,0.0,0.0,Bank of America,BAC,Financials
2020-11-30 00:00:00+00:00,21.04102605402772,25.629713807997973,20.49496376967611,24.80180549621582,1286428200,0.0,0.0,Bank of America,BAC,Financials
2020-12-31 00:00:00+00:00,25.31264090847017,27.07449716034768,24.93866087475261,26.861791610717773,1027329000,0.18,0.0,Bank of America,BAC,Financials
2021-01-31 00:00:00+00:00,26.99473497003567,30.45990925482324,26.223708515063816,26.27688217163086,1085862900,0.0,0.0,Bank of America,BAC,Financials
2021-02-28 00:00:00+00:00,26.47185512150565,32.817299249611864,26.205983457362457,30.76122665405273,949913300,0.0,0.0,Bank of America,BAC,Financials
2021-03-31 00:00:00+00:00,31.47908075990001,35.598774295606226,31.23093593803717,34.458763122558594,1378848200,0.18,0.0,Bank of America,BAC,Financials
2021-04-30 00:00:00+00:00,34.58344798118181,36.63191074777227,33.31874504351245,36.097537994384766,1029977500,0.0,0.0,Bank of America,BAC,Financials
2021-05-31 00:00:00+00:00,36.40034772480585,38.52897287997147,35.42954996944882,37.75411605834961,823509600,0.0,0.0,Bank of America,BAC,Financials
2021-06-30 00:00:00+00:00,38.25286812409937,38.896870908366765,34.42494139463062,36.87555313110352,984580900,0.18,0.0,Bank of America,BAC,Financials
2021-07-31 00:00:00+00:00,37.17070109570268,37.29591464946226,32.65404195804785,34.30867004394531,1060522600,0.0,0.0,Bank of America,BAC,Financials
2021-08-31 00:00:00+00:00,34.3444447394826,38.31551067343925,33.58420931558797,37.34063720703125,997266200,0.0,0.0,Bank of America,BAC,Financials
2021-09-30 00:00:00+00:00,37.34064043758904,39.59063596040616,34.48447936799832,38.16127014160156,1022318600,0.21,0.0,Bank of America,BAC,Financials
2021-10-31 00:00:00+00:00,38.1882352538833,43.53709887965668,38.053391859710615,42.95277404785156,917220900,0.0,0.0,Bank of America,BAC,Financials
2021-11-30 00:00:00+00:00,43.24044756674269,43.77083962585358,39.87830088364669,39.97718811035156,895399100,0.0,0.0,Bank of America,BAC,Financials
2021-12-31 00:00:00+00:00,40.65141058711324,41.09999601449534,38.57076295247102,40.18766021728516,1060922000,0.21,0.0,Bank of America,BAC,Financials
2022-01-31 00:00:00+00:00,40.7296437824953,45.23709179388564,38.47139907682392,41.67810821533203,1225178700,0.0,0.0,Bank of America,BAC,Financials
2022-02-28 00:00:00+00:00,41.74133922158403,45.26419738566639,37.98361539111893,39.92571640014648,941748700,0.0,0.0,Bank of America,BAC,Financials
2022-03-31 00:00:00+00:00,39.483100265805135,40.51124341505167,34.64741462341259,37.41593933105469,1312818500,0.21,0.0,Bank of America,BAC,Financials
2022-04-30 00:00:00+00:00,37.8425599644115,37.88794839201716,32.260127738144305,32.38720703125,1032209900,0.0,0.0,Bank of America,BAC,Financials
2022-05-31 00:00:00+00:00,32.70490335035549,35.173885181362586,29.918232646457756,33.766937255859375,1107801400,0.0,0.0,Bank of America,BAC,Financials
2022-06-30 00:00:00+00:00,34.00292939339336,34.0120084628098,27.972525460509686,28.41986656188965,996294300,0.21,0.0,Bank of America,BAC,Financials
2022-07-31 00:00:00+00:00,28.28292349803496,31.021745767985056,27.08696958821949,30.866548538208008,814208000,0.0,0.0,Bank of America,BAC,Financials
2022-08-31 00:00:00+00:00,30.693096040854144,33.724050302566646,30.127065264803942,30.6839599609375,819363100,0.0,0.0,Bank of America,BAC,Financials
2022-09-30 00:00:00+00:00,30.638013373698897,32.74242312717213,27.72491595098565,27.752485275268555,860183900,0.22,0.0,Bank of America,BAC,Financials
2022-10-31 00:00:00+00:00,28.11088001750348,33.42244901236009,26.93461696906564,33.119197845458984,980931500,0.0,0.0,Bank of America,BAC,Financials
2022-11-30 00:00:00+00:00,33.48677533047533,35.47172344777036,32.54025122271689,34.782508850097656,700345500,0.0,0.0,Bank of America,BAC,Financials
2022-12-31 00:00:00+00:00,34.66234266460837,34.83796393140281,28.97771586644747,30.613779067993164,893060200,0.22,0.0,Bank of America,BAC,Financials
2023-01-31 00:00:00+00:00,30.71545881988989,33.07249427008921,30.401182081544448,32.79520034790039,809281100,0.0,0.0,Bank of America,BAC,Financials
2023-02-28 00:00:00+00:00,32.536385909788365,34.200174602540606,31.27929705473828,31.704490661621094,616776700,0.0,0.0,Bank of America,BAC,Financials
2023-03-31 00:00:00+00:00,31.56584011419487,32.15200957527192,24.486131219415693,26.60727310180664,2061004500,0.22,0.0,Bank of America,BAC,Financials
2023-04-30 00:00:00+00:00,26.64448264477206,28.77492867688816,25.54670606523084,27.23988914489746,1028255800,0.0,0.0,Bank of America,BAC,Financials
2023-05-31 00:00:00+00:00,27.444565120584624,27.481778941976938,24.96059765986356,25.853710174560547,1047826900,0.0,0.0,Bank of America,BAC,Financials
2023-06-30 00:00:00+00:00,26.03187899899189,27.9448867824491,25.63802485362066,26.90398597717285,968664200,0.22,0.0,Bank of America,BAC,Financials
2023-07-31 00:00:00+00:00,26.913366329999796,30.8050145832438,26.35071726247608,30.0079345703125,968946700,0.0,0.0,Bank of America,BAC,Financials
2023-08-31 00:00:00+00:00,29.857892327465755,29.95166747219941,26.42573790312793,27.10927963256836,809814400,0.24,0.0,Bank of America,BAC,Financials
2023-09-30 00:00:00+00:00,27.19437408282314,27.83736073454602,25.539639579408323,25.88949966430664,777431200,0.0,0.0,Bank of America,BAC,Financials
2023-10-31 00:00:00+00:00,25.785489417013164,26.51357087554625,23.601237545388027,24.906116485595703,1225398800,0.0,0.0,Bank of America,BAC,Financials
2023-11-30 00:00:00+00:00,25.00067011730101,29.11749260634203,24.726456158285565,29.060306549072266,891085100,0.24,0.0,Bank of America,BAC,Financials
2023-12-31 00:00:00+00:00,28.974521942909867,32.47243504838311,28.90780649443832,32.09119415283203,863795100,0.0,0.0,Bank of America,BAC,Financials
2024-01-31 00:00:00+00:00,31.82432172438875,33.45413431816707,29.803731130541383,32.415245056152344,934161500,0.0,0.0,Bank of America,BAC,Financials
2024-02-29 00:00:00+00:00,32.33900644395572,33.25788047745168,30.833085485475,33.13310241699219,748360100,0.24,0.0,Bank of America,BAC,Financials
2024-03-31 00:00:00+00:00,33.14270106227625,36.47329490468287,32.662789358917784,36.3965072631836,826724200,0.0,0.0,Bank of America,BAC,Financials
2024-04-30 00:00:00+00:00,36.41569344225639,36.943601710699525,32.77796928912103,35.52306365966797,904458100,0.0,0.0,Bank of America,BAC,Financials
2024-05-31 00:00:00+00:00,35.71502563262664,38.46971935638752,35.17752977975353,38.38333511352539,720885600,0.0,0.0,Bank of America,BAC,Financials
2024-06-30 00:00:00+00:00,38.43133115489978,38.95477085516326,37.023443597304016,38.40434265136719,696786300,0.24,0.0,Bank of America,BAC,Financials
2024-07-31 00:00:00+00:00,38.53953612807887,42.91398324489872,38.30777583257813,38.92580032348633,868095500,0.0,0.0,Bank of America,BAC,Financials
2024-08-31 00:00:00+00:00,39.051331979128655,39.45691606730932,33.933332879250386,39.35069274902344,894057800,0.0,0.0,Bank of America,BAC,Financials
2024-09-30 00:00:00+00:00,39.18652801399788,39.89882948948901,36.94407227748217,38.5672492980957,794903800,0.26,0.0,Bank of America,BAC,Financials
2024-10-31 00:00:00+00:00,38.402012365292656,42.14404808304865,37.64388546812056,40.64723205566406,722829900,0.0,0.0,Bank of America,BAC,Financials
2024-11-30 00:00:00+00:00,40.96797921753259,46.73168835530348,39.95714685184176,46.17766952514648,776323600,0.0,0.0,Bank of America,BAC,Financials
2024-12-31 00:00:00+00:00,46.40121857494567,46.47897318977714,41.81161026927339,42.95512771606445,652159200,0.26,0.0,Bank of America,BAC,Financials
2025-01-31 00:00:00+00:00,43.14082379492616,46.43454140393752,42.80852005963245,45.251930236816406,739447500,0.0,0.0,Bank of America,BAC,Financials
2025-02-28 00:00:00+00:00,44.39184906092865,46.89390124703837,42.368702272059565,45.056453704833984,650240100,0.0,0.0,Bank of America,BAC,Financials
2025-03-31 00:00:00+00:00,45.16396288198503,45.89698544923435,38.53475635108509,41.04275894165039,936464600,0.26,0.0,Bank of America,BAC,Financials
2025-04-30 00:00:00+00:00,40.63951464028736,41.27881213890962,32.52537946911994,39.22323226928711,1359333800,0.0,0.0,Bank of America,BAC,Financials
2025-05-31 00:00:00+00:00,39.16421889006679,44.39660513885541,38.92817346209458,43.40324020385742,822871900,0.0,0.0,Bank of America,BAC,Financials
2025-06-30 00:00:00+00:00,43.15735791543923,47.16123286321212,42.64592114867474,46.81496810913086,775768400,0.26,0.0,Bank of America,BAC,Financials
2025-07-31 00:00:00+00:00,46.51817127905674,48.78372892672539,44.529620136609495,46.7655029296875,906389900,0.0,0.0,Bank of America,BAC,Financials
2025-08-31 00:00:00+00:00,45.86521744381279,50.37654269086929,44.27239688156044,50.19846725463867,728384200,0.0,0.0,Bank of America,BAC,Financials
2025-09-30 00:00:00+00:00,49.684015469286535,52.60662008022387,48.62729662420132,51.32328796386719,754239800,0.28,0.0,Bank of America,BAC,Financials
2025-10-31 00:00:00+00:00,51.03478526042547,53.362688082751205,48.27910681586909,53.17367172241211,762970500,0.0,0.0,Bank of America,BAC,Financials
2025-11-30 00:00:00+00:00,52.98465186333173,54.40725690143004,50.43788727175451,53.37263870239258,712127000,0.0,0.0,Bank of America,BAC,Financials
2025-12-31 00:00:00+00:00,53.22341016728565,56.54999923706055,52.69615231527918,55.0,799396900,0.28,0.0,Bank of America,BAC,Financials
2026-01-31 00:00:00+00:00,55.02999877929688,57.54999923706055,54.880001068115234,56.18000030517578,174015400,0.0,0.0,Bank of America,BAC,Financials
2016-01-31 00:00:00+00:00,199.4464658328812,205.23041271343493,174.66520598803294,185.4852294921875,710313727,0.0,0.0,Barclays,BARC.L,Banking
2016-02-29 00:00:00+00:00,188.3771910474956,188.3771910474956,147.34106658569928,171.57383728027344,1145217207,0.0,0.0,Barclays,BARC.L,Banking
2016-03-31 00:00:00+00:00,165.59042340507884,174.91454004601923,146.17483242016596,149.61599731445312,1294170744,3.5,0.0,Barclays,BARC.L,Banking
2016-04-30 00:00:00+00:00,149.0175112050659,181.53402557139057,143.54257434282485,171.06094360351562,989746556,0.0,0.0,Barclays,BARC.L,Banking
2016-05-31 00:00:00+00:00,171.31027964937851,187.6682927812703,157.44588168901046,179.48928833007812,864717870,0.0,0.0,Barclays,BARC.L,Banking
2016-06-30 00:00:00+00:00,179.98800064201737,186.970094430295,120.7899551416262,139.64157104492188,1900856864,0.0,0.0,Barclays,BARC.L,Banking
2016-07-31 00:00:00+00:00,140.38968454479698,159.44076148827156,129.81676773222384,151.01239013671875,1188119460,0.0,0.0,Barclays,BARC.L,Banking
2016-08-31 00:00:00+00:00,150.26431000064292,176.9566320185421,144.8781392539903,171.1212615966797,950246385,1.0,0.0,Barclays,BARC.L,Banking
2016-09-30 00:00:00+00:00,172.66739720743664,176.8598917263556,155.56026876691143,167.3806610107422,1055858186,0.0,0.0,Barclays,BARC.L,Banking
2016-10-31 00:00:00+00:00,167.33077546764062,192.51767845943183,163.98913493264163,189.82440185546875,1150135753,0.0,0.0,Barclays,BARC.L,Banking
2016-11-30 00:00:00+00:00,188.82689116402307,216.3579469417995,175.02048724842737,215.4103240966797,1105103647,0.0,0.0,Barclays,BARC.L,Banking
2016-12-31 00:00:00+00:00,214.4626820039844,266.65193194189783,209.97392056209773,222.8915557861328,892421939,0.0,0.0,Barclays,BARC.L,Banking
2017-01-31 00:00:00+00:00,225.53494197831645,239.40016824110464,218.55240367202524,218.90151977539065,837789195,0.0,0.0,Barclays,BARC.L,Banking
2017-02-28 00:00:00+00:00,221.19582099496645,243.78919828364587,219.40031635989536,225.9339141845703,991652244,0.0,0.0,Barclays,BARC.L,Banking
2017-03-31 00:00:00+00:00,227.5299404263297,234.78198307754997,220.36686631745036,224.55670166015625,1003151621,2.0,0.0,Barclays,BARC.L,Banking
2017-04-30 00:00:00+00:00,224.5068448319356,224.95577328339127,205.10378862697425,211.73773193359372,836249740,0.0,0.0,Barclays,BARC.L,Banking
2017-05-31 00:00:00+00:00,209.44325536321145,216.7256696916934,204.0064737406584,210.59051513671875,989513434,0.0,0.0,Barclays,BARC.L,Banking
2017-06-30 00:00:00+00:00,212.0370334820964,213.9324419208652,193.98068750095933,202.2606506347656,638337612,0.0,0.0,Barclays,BARC.L,Banking
2017-07-31 00:00:00+00:00,203.0587251316973,213.3837446851282,200.7144119561847,206.10137939453125,776035309,0.0,0.0,Barclays,BARC.L,Banking
2017-08-31 00:00:00+00:00,206.50039248956077,210.69023970200712,188.981851799539,191.69541931152344,668719845,1.0,0.0,Barclays,BARC.L,Banking
2017-09-30 00:00:00+00:00,189.45073719928277,194.88787283094172,182.666864683541,192.892578125,806563295,0.0,0.0,Barclays,BARC.L,Banking
2017-10-31 00:00:00+00:00,192.04460155199388,198.13018710633767,179.97322199653263,185.51010131835935,990059415,0.0,0.0,Barclays,BARC.L,Banking
2017-11-30 00:00:00+00:00,185.6098582617592,195.28688262229744,176.88057032351833,193.04220581054688,1289193031,0.0,0.0,Barclays,BARC.L,Banking
2017-12-31 00:00:00+00:00,192.0446073069139,204.81434161333684,188.40324811458677,202.61952209472656,787754051,0.0,0.0,Barclays,BARC.L,Banking
2018-01-31 00:00:00+00:00,203.46750977280723,211.44855739770543,193.18190510950595,199.46701049804688,1214282315,0.0,0.0,Barclays,BARC.L,Banking
2018-02-28 00:00:00+00:00,201.37246301164376,215.28948071224625,186.6972759691979,212.9949188232422,1241217580,0.0,0.0,Barclays,BARC.L,Banking
2018-03-31 00:00:00+00:00,210.76998901367188,219.5998587333404,201.79042725424165,206.03077697753903,1194159884,2.0,0.0,Barclays,BARC.L,Banking
2018-04-30 00:00:00+00:00,204.83349343388875,218.60215361306,202.08977071687823,205.03306579589844,1197336671,0.0,0.0,Barclays,BARC.L,Banking
2018-05-31 00:00:00+00:00,205.43212872006708,216.3073934980205,195.81403859192395,201.4412384033203,1030081930,0.0,0.0,Barclays,BARC.L,Banking
2018-06-30 00:00:00+00:00,202.68839231117516,204.23487341418857,185.59733337892516,188.5705718994141,970096714,0.0,0.0,Barclays,BARC.L,Banking
2018-07-31 00:00:00+00:00,186.3555831204622,195.67436754609463,182.90347625335136,191.2644195556641,1220105703,0.0,0.0,Barclays,BARC.L,Banking
2018-08-31 00:00:00+00:00,197.0512701956673,197.0512701956673,174.8045811683555,175.32347106933594,1160369640,2.5,0.0,Barclays,BARC.L,Banking
2018-09-30 00:00:00+00:00,176.5208904734231,180.7119104659959,167.9792230075121,172.03053283691406,1177328415,0.0,0.0,Barclays,BARC.L,Banking
2018-10-31 00:00:00+00:00,171.03266442169496,176.1017887187904,160.8944657912044,172.1302947998047,1207834039,0.0,0.0,Barclays,BARC.L,Banking
2018-11-30 00:00:00+00:00,172.09041707955888,180.6121289136684,160.13607887417498,162.53094482421875,1043721830,0.0,0.0,Barclays,BARC.L,Banking
2018-12-31 00:00:00+00:00,164.68628932739048,167.18093147515572,144.68926512657495,150.1974334716797,1016035907,0.0,0.0,Barclays,BARC.L,Banking
2019-01-31 00:00:00+00:00,148.1218812035296,165.664238425458,145.1283104927908,157.84100341796875,752327545,0.0,0.0,Barclays,BARC.L,Banking
2019-02-28 00:00:00+00:00,158.71913459664427,168.2785803368496,154.26867514491707,163.84747314453125,871773253,4.0,0.0,Barclays,BARC.L,Banking
2019-03-31 00:00:00+00:00,165.0052665688384,169.11740401892968,152.50910010090206,158.01858520507812,1178730674,0.0,0.0,Barclays,BARC.L,Banking
2019-04-30 00:00:00+00:00,158.07846275162882,170.13548120334482,157.5195313810138,163.22866821289062,769989026,0.0,0.0,Barclays,BARC.L,Banking
2019-05-31 00:00:00+00:00,163.34840093229514,165.8236748376337,147.37888450512233,149.05567932128906,713370833,0.0,0.0,Barclays,BARC.L,Banking
2019-06-30 00:00:00+00:00,147.75814320029144,154.1060267439088,145.50243761610298,152.2296142578125,801999150,0.0,0.0,Barclays,BARC.L,Banking
2019-07-31 00:00:00+00:00,153.78666029165217,161.19254241716865,151.8104341317911,155.58322143554688,733176792,0.0,0.0,Barclays,BARC.L,Banking
2019-08-31 00:00:00+00:00,154.02620337873535,154.34558622353984,134.47091259954047,136.36769104003906,1465074874,3.0,0.0,Barclays,BARC.L,Banking
2019-09-30 00:00:00+00:00,137.30604553222656,157.03245346284896,130.81313808482582,149.3854522705078,1012214993,0.0,0.0,Barclays,BARC.L,Banking
2019-10-31 00:00:00+00:00,149.00615570235414,171.92705362045453,139.72192549466698,167.5146026611328,1322916168,0.0,0.0,Barclays,BARC.L,Banking
2019-11-30 00:00:00+00:00,167.1152721739606,175.8903106092625,163.72206858583044,171.2482147216797,746276349,0.0,0.0,Barclays,BARC.L,Banking
2019-12-31 00:00:00+00:00,171.20828829714503,192.66177254048864,164.3200522933072,179.33445739746094,1086297172,0.0,0.0,Barclays,BARC.L,Banking
2020-01-31 00:00:00+00:00,179.7737078723076,185.8832936296945,167.5545323897386,167.71426391601562,694785759,0.0,0.0,Barclays,BARC.L,Banking
2020-02-29 00:00:00+00:00,168.47293939784848,183.68703090502152,146.35065528923693,148.4870147705078,1085775224,0.0,0.0,Barclays,BARC.L,Banking
2020-03-31 00:00:00+00:00,151.92116070432655,152.1008624763865,72.91576734880609,82.71906280517578,2812077132,0.0,0.0,Barclays,BARC.L,Banking
2020-04-30 00:00:00+00:00,82.9586567408918,114.42504876286426,79.86393358623293,102.56525421142578,1960571666,0.0,0.0,Barclays,BARC.L,Banking
2020-05-31 00:00:00+00:00,99.33076574766191,124.72050749002727,91.7037662299766,120.57457733154295,1205334444,0.0,0.0,Barclays,BARC.L,Banking
2020-06-30 00:00:00+00:00,121.31332169596942,134.49083679244336,109.51340483831926,113.3468780517578,1428197430,0.0,0.0,Barclays,BARC.L,Banking
2020-07-31 00:00:00+00:00,114.86430443808584,152.56007977038925,98.55211026552358,100.3889617919922,912071338,0.0,0.0,Barclays,BARC.L,Banking
2020-08-31 00:00:00+00:00,100.54869151936776,112.74791709313612,99.43059373042756,105.71987915039062,730242970,0.0,0.0,Barclays,BARC.L,Banking
2020-09-30 00:00:00+00:00,105.85964003992312,108.51511100909734,88.74879287359032,97.83332824707033,853498488,0.0,0.0,Barclays,BARC.L,Banking
2020-10-31 00:00:00+00:00,97.31420344656208,114.1854591205384,96.32588181487094,106.37875366210938,998079512,0.0,0.0,Barclays,BARC.L,Banking
2020-11-30 00:00:00+00:00,106.83798568180616,152.24064233971515,104.44406900277802,134.3311309814453,1429264975,0.0,0.0,Barclays,BARC.L,Banking
2020-12-31 00:00:00+00:00,134.67054234654182,157.97780501211602,133.37276570425874,146.4304962158203,1309449468,0.0,0.0,Barclays,BARC.L,Banking
2021-01-31 00:00:00+00:00,146.76990982804858,157.9309148905428,129.9586073068448,133.3128662109375,920155779,0.0,0.0,Barclays,BARC.L,Banking
2021-02-28 00:00:00+00:00,134.97002975009846,165.52803878690418,132.8536406192141,159.33824157714844,1026654381,1.0,0.0,Barclays,BARC.L,Banking
2021-03-31 00:00:00+00:00,161.73426894850542,210.1048180368489,111.643596968453,183.69818115234372,1847653719,0.0,0.0,Barclays,BARC.L,Banking
2021-04-30 00:00:00+00:00,184.69653855384863,190.2674112508225,164.8292141389327,175.21214294433594,1242863386,0.0,0.0,Barclays,BARC.L,Banking
2021-05-31 00:00:00+00:00,177.20887095492523,186.4935890027461,169.38173349392048,185.2755889892578,873668994,0.0,0.0,Barclays,BARC.L,Banking
2021-06-30 00:00:00+00:00,185.8546615282596,187.8713281647425,167.69449226300767,175.01248168945312,706332482,0.0,0.0,Barclays,BARC.L,Banking
2021-07-31 00:00:00+00:00,176.05076888604447,217.273083369814,156.65261958151928,174.2137908935547,679666667,0.0,0.0,Barclays,BARC.L,Banking
2021-08-31 00:00:00+00:00,176.56991281275612,186.8929405691996,174.13391924379457,183.6979217529297,880751213,2.0,0.0,Barclays,BARC.L,Banking
2021-09-30 00:00:00+00:00,183.11881999258011,191.0865959959671,173.99281869106596,187.59194946289065,748421392,0.0,0.0,Barclays,BARC.L,Banking
2021-10-31 00:00:00+00:00,187.7517034817656,203.5823962909647,153.54421193890468,201.9398956298828,687240139,0.0,0.0,Barclays,BARC.L,Banking
2021-11-30 00:00:00+00:00,194.56126150119763,202.68878148943705,180.22326320077408,183.93756103515625,906412965,0.0,0.0,Barclays,BARC.L,Banking
2021-12-31 00:00:00+00:00,185.435270356916,190.00825729104628,176.05966294530182,186.7133026123047,697380475,0.0,0.0,Barclays,BARC.L,Banking
2022-01-31 00:00:00+00:00,192.6441772022364,219.26332152950988,188.86998860691688,196.91763305664065,890728538,0.0,0.0,Barclays,BARC.L,Banking
2022-02-28 00:00:00+00:00,199.7932201747344,209.1288696795425,177.96674420850545,182.59962463378903,1009044867,0.0,0.0,Barclays,BARC.L,Banking
2022-03-31 00:00:00+00:00,180.20328555083432,184.89607650939985,141.85331495527342,146.84771728515625,1686083754,4.0,0.0,Barclays,BARC.L,Banking
2022-04-30 00:00:00+00:00,149.36445100459306,150.77659114118964,139.87690049220438,148.0062255859375,1160854834,0.0,0.0,Barclays,BARC.L,Banking
2022-05-31 00:00:00+00:00,149.40438801554703,173.11336285465424,142.0140757099155,167.5806121826172,1347249320,0.0,0.0,Barclays,BARC.L,Banking
2022-06-30 00:00:00+00:00,168.11991503548737,172.47022297086963,149.92372212676597,152.9996795654297,1005688652,0.0,0.0,Barclays,BARC.L,Banking
2022-07-31 00:00:00+00:00,153.81865708616544,161.86811308566524,144.97022102754897,159.59109497070312,1218206969,0.0,0.0,Barclays,BARC.L,Banking
2022-08-31 00:00:00+00:00,159.03181202185863,173.1563052614847,158.4126122594714,161.21035766601562,970636654,2.25,0.0,Barclays,BARC.L,Banking
2022-09-30 00:00:00+00:00,161.76970501644576,175.61342202205387,141.5135155812943,144.1304473876953,1107480022,0.0,0.0,Barclays,BARC.L,Banking
2022-10-31 00:00:00+00:00,143.29143904116933,152.04412749001233,131.90482722037538,147.5863800048828,842409978,0.0,0.0,Barclays,BARC.L,Banking
2022-11-30 00:00:00+00:00,149.18450111416706,162.60873237359746,146.70741725002182,161.05056762695312,679108950,0.0,0.0,Barclays,BARC.L,Banking
2022-12-31 00:00:00+00:00,161.76970869685147,162.64864056360585,151.92128981486414,158.333740234375,622595614,0.0,0.0,Barclays,BARC.L,Banking
2023-01-31 00:00:00+00:00,159.33255317717385,186.56052794826644,158.89306778025957,185.62164306640625,900365700,0.0,0.0,Barclays,BARC.L,Banking
2023-02-28 00:00:00+00:00,185.62163213384116,192.95300790309724,167.38309575779726,174.4852752685547,1065762525,5.0,0.0,Barclays,BARC.L,Banking
2023-03-31 00:00:00+00:00,175.34451742570002,198.68582574646155,128.00649125662852,145.6708221435547,2141419064,0.0,0.0,Barclays,BARC.L,Banking
2023-04-30 00:00:00+00:00,146.5300734822877,162.73569966301196,146.33025371690923,159.7383575439453,1146890032,0.0,0.0,Barclays,BARC.L,Banking
2023-05-31 00:00:00+00:00,157.99988073326205,163.61490508944925,146.61000201224988,152.48475646972656,926933564,0.0,0.0,Barclays,BARC.L,Banking
2023-06-30 00:00:00+00:00,153.8635597891764,159.49857423870984,141.1308403902442,153.24412536621094,823807760,0.0,0.0,Barclays,BARC.L,Banking
2023-07-31 00:00:00+00:00,154.44304484113815,166.29256049315188,145.79071487288837,151.2858428955078,933930664,0.0,0.0,Barclays,BARC.L,Banking
2023-08-31 00:00:00+00:00,148.36843186309224,152.43250064357554,142.59942175887682,148.95494079589844,905730050,2.7,0.0,Barclays,BARC.L,Banking
2023-09-30 00:00:00+00:00,149.8343310676524,163.4846977428771,145.75720106690275,158.82797241210938,986279263,0.0,0.0,Barclays,BARC.L,Banking
2023-10-31 00:00:00+00:00,158.8879413268154,160.23699598446467,128.0296984769784,131.50723266601562,1251684260,0.0,0.0,Barclays,BARC.L,Banking
2023-11-30 00:00:00+00:00,131.60719320268103,143.55876577709412,128.82915337786673,140.9405975341797,851182618,0.0,0.0,Barclays,BARC.L,Banking
2023-12-31 00:00:00+00:00,141.1804182167847,154.61096256325175,136.4038041496333,153.67161560058594,1325922616,0.0,0.0,Barclays,BARC.L,Banking
2024-01-31 00:00:00+00:00,153.99138654402566,156.28977218594977,138.30246424549878,148.31539916992188,1350442202,0.0,0.0,Barclays,BARC.L,Banking
2024-02-29 00:00:00+00:00,146.33680000588572,169.78025532387355,139.44165670095384,164.3956756591797,1250876989,5.2999997,0.0,Barclays,BARC.L,Banking
2024-03-31 00:00:00+00:00,165.0554165265692,185.6673567425985,164.91547189081817,183.1283416748047,1655870522,0.0,0.0,Barclays,BARC.L,Banking
2024-04-30 00:00:00+00:00,181.8888452233256,207.41884332006683,176.17108772886348,203.3704376220703,1706013834,0.0,0.0,Barclays,BARC.L,Banking
2024-05-31 00:00:00+00:00,204.76988704309832,221.01354690313084,199.46194505786596,219.9139709472656,1041411337,0.0,0.0,Barclays,BARC.L,Banking
2024-06-30 00:00:00+00:00,221.96316460557145,224.21228468437693,197.5867023629985,213.1166229248047,1449671601,0.0,0.0,Barclays,BARC.L,Banking
2024-07-31 00:00:00+00:00,211.91708312481467,241.70543802737905,210.06780059075743,222.8128204345703,1076536996,0.0,0.0,Barclays,BARC.L,Banking
2024-08-31 00:00:00+00:00,220.26383476324892,230.989884585784,196.36317677478303,228.34056091308597,864775508,2.8999999,0.0,Barclays,BARC.L,Banking
2024-09-30 00:00:00+00:00,228.79045115073723,230.68996410996664,213.84334310055087,219.6428375244141,835664677,0.0,0.0,Barclays,BARC.L,Banking
2024-10-31 00:00:00+00:00,219.79280041933816,251.234612696942,216.1437335693361,237.43820190429688,984817830,0.0,0.0,Barclays,BARC.L,Banking
2024-11-30 00:00:00+00:00,235.6386651738836,265.4309262090504,235.38873022667863,263.7313232421875,1049275957,0.0,0.0,Barclays,BARC.L,Banking
2024-12-31 00:00:00+00:00,262.4317011741111,273.1788892696216,254.63372258422405,268.0802307128906,632491338,0.0,0.0,Barclays,BARC.L,Banking
2025-01-31 00:00:00+00:00,266.08073106854096,299.2220969114215,255.03362278711683,296.9226989746094,943772519,0.0,0.0,Barclays,BARC.L,Banking
2025-02-28 00:00:00+00:00,288.0250212110435,312.5186551492941,286.0805201213336,311.2744140625,1164377651,5.5,0.0,Barclays,BARC.L,Banking
2025-03-31 00:00:00+00:00,310.47447559255943,315.97402346940027,277.52716572453727,293.8758239746094,1243507919,0.0,0.0,Barclays,BARC.L,Banking
2025-04-30 00:00:00+00:00,292.3759677856627,309.9745320106581,223.73160577788528,294.7757568359375,1301989947,0.0,0.0,Barclays,BARC.L,Banking
2025-05-31 00:00:00+00:00,298.3254783170645,331.1728022867734,292.2759589741589,327.4730834960937,738298242,0.0,0.0,Barclays,BARC.L,Banking
2025-06-30 00:00:00+00:00,324.87328465594027,340.32202609362827,315.47406722584026,329.67291259765625,780987864,0.0,0.0,Barclays,BARC.L,Banking
2025-07-31 00:00:00+00:00,336.0223776205963,376.31907345850834,319.3237680168143,356.62066650390625,848371845,0.0,0.0,Barclays,BARC.L,Banking
2025-08-31 00:00:00+00:00,361.2203134574895,379.3240051269531,352.8500061035156,367.2999877929688,659698229,3.0,0.0,Barclays,BARC.L,Banking
2025-09-30 00:00:00+00:00,369.0499877929688,389.8999938964844,355.7250061035156,380.2000122070313,678100259,0.0,0.0,Barclays,BARC.L,Banking
2025-10-31 00:00:00+00:00,381.25,408.5,353.54998779296875,407.0,870102316,0.0,0.0,Barclays,BARC.L,Banking
2025-11-30 00:00:00+00:00,407.6000061035156,432.3999938964844,389.3500061035156,430.25,891461074,0.0,0.0,Barclays,BARC.L,Banking
2025-12-31 00:00:00+00:00,429.3999938964844,477.5499877929688,426.6000061035156,475.9500122070313,686015375,0.0,0.0,Barclays,BARC.L,Banking
2026-01-31 00:00:00+00:00,477.25,492.9500122070313,475.7000122070313,483.5,178480144,0.0,0.0,Barclays,BARC.L,Banking
2016-01-31 00:00:00+00:00,7.769999980926514,7.849999904632568,6.329999923706055,7.119999885559082,123452600,0.0,0.0,BlackBerry,BB,Meme/Speculative
2016-02-29 00:00:00+00:00,7.099999904632568,7.889999866485596,6.389999866485596,7.809999942779541,96320800,0.0,0.0,BlackBerry,BB,Meme/Speculative
2016-03-31 00:00:00+00:00,7.900000095367432,8.359999656677246,7.429999828338623,8.09000015258789,108532400,0.0,0.0,BlackBerry,BB,Meme/Speculative
2016-04-30 00:00:00+00:00,7.409999847412109,7.730000019073486,6.929999828338623,7.059999942779541,126702700,0.0,0.0,BlackBerry,BB,Meme/Speculative
2016-05-31 00:00:00+00:00,7.070000171661377,7.320000171661377,6.5,7.269999980926514,73667600,0.0,0.0,BlackBerry,BB,Meme/Speculative
2016-06-30 00:00:00+00:00,7.21999979019165,7.489999771118164,6.230000019073486,6.710000038146973,91433800,0.0,0.0,BlackBerry,BB,Meme/Speculative
2016-07-31 00:00:00+00:00,6.739999771118164,7.739999771118164,6.349999904632568,7.599999904632568,81363200,0.0,0.0,BlackBerry,BB,Meme/Speculative
2016-08-31 00:00:00+00:00,7.579999923706055,8.300000190734863,7.570000171661377,7.590000152587891,92232800,0.0,0.0,BlackBerry,BB,Meme/Speculative
2016-09-30 00:00:00+00:00,7.590000152587891,8.460000038146973,7.150000095367432,7.980000019073486,97655200,0.0,0.0,BlackBerry,BB,Meme/Speculative
2016-10-31 00:00:00+00:00,7.940000057220459,8.020000457763672,7.0,7.050000190734863,71474000,0.0,0.0,BlackBerry,BB,Meme/Speculative
2016-11-30 00:00:00+00:00,7.199999809265137,7.829999923706055,6.929999828338623,7.710000038146973,85611500,0.0,0.0,BlackBerry,BB,Meme/Speculative
2016-12-31 00:00:00+00:00,7.75,8.050000190734863,6.860000133514404,6.889999866485596,146980400,0.0,0.0,BlackBerry,BB,Meme/Speculative
2017-01-31 00:00:00+00:00,6.929999828338623,7.349999904632568,6.860000133514404,7.059999942779541,63908600,0.0,0.0,BlackBerry,BB,Meme/Speculative
2017-02-28 00:00:00+00:00,7.079999923706055,7.519999980926514,6.929999828338623,6.960000038146973,62985100,0.0,0.0,BlackBerry,BB,Meme/Speculative
2017-03-31 00:00:00+00:00,7.0,8.079999923706055,6.650000095367432,7.75,136577800,0.0,0.0,BlackBerry,BB,Meme/Speculative
2017-04-30 00:00:00+00:00,7.880000114440918,9.369999885559082,7.510000228881836,9.34000015258789,219352000,0.0,0.0,BlackBerry,BB,Meme/Speculative
2017-05-31 00:00:00+00:00,9.34000015258789,11.550000190734863,9.1899995803833,10.56999969482422,168140600,0.0,0.0,BlackBerry,BB,Meme/Speculative
2017-06-30 00:00:00+00:00,10.65999984741211,11.739999771118164,9.520000457763672,9.989999771118164,268857800,0.0,0.0,BlackBerry,BB,Meme/Speculative
2017-07-31 00:00:00+00:00,9.979999542236328,10.380000114440918,9.369999885559082,9.380000114440918,80210800,0.0,0.0,BlackBerry,BB,Meme/Speculative
2017-08-31 00:00:00+00:00,9.380000114440918,9.600000381469728,8.470000267028809,9.270000457763672,80327700,0.0,0.0,BlackBerry,BB,Meme/Speculative
2017-09-30 00:00:00+00:00,9.329999923706056,11.34000015258789,8.890000343322754,11.18000030517578,178278000,0.0,0.0,BlackBerry,BB,Meme/Speculative
2017-10-31 00:00:00+00:00,11.130000114440918,11.779999732971191,10.640000343322754,10.9399995803833,119492100,0.0,0.0,BlackBerry,BB,Meme/Speculative
2017-11-30 00:00:00+00:00,10.970000267028809,11.119999885559082,10.0600004196167,10.770000457763672,56490000,0.0,0.0,BlackBerry,BB,Meme/Speculative
2017-12-31 00:00:00+00:00,10.850000381469728,12.359999656677246,10.130000114440918,11.170000076293944,114157700,0.0,0.0,BlackBerry,BB,Meme/Speculative
2018-01-31 00:00:00+00:00,11.25,14.550000190734863,11.25,12.65999984741211,193878800,0.0,0.0,BlackBerry,BB,Meme/Speculative
2018-02-28 00:00:00+00:00,12.619999885559082,12.989999771118164,11.109999656677246,12.140000343322754,96589000,0.0,0.0,BlackBerry,BB,Meme/Speculative
2018-03-31 00:00:00+00:00,12.149999618530272,13.380000114440918,11.479999542236328,11.5,123775600,0.0,0.0,BlackBerry,BB,Meme/Speculative
2018-04-30 00:00:00+00:00,11.359999656677246,11.420000076293944,10.050000190734863,10.470000267028809,93321300,0.0,0.0,BlackBerry,BB,Meme/Speculative
2018-05-31 00:00:00+00:00,10.470000267028809,12.029999732971191,10.31999969482422,11.829999923706056,63894200,0.0,0.0,BlackBerry,BB,Meme/Speculative
2018-06-30 00:00:00+00:00,11.9399995803833,12.550000190734863,9.520000457763672,9.649999618530272,110096200,0.0,0.0,BlackBerry,BB,Meme/Speculative
2018-07-31 00:00:00+00:00,9.579999923706056,10.630000114440918,9.460000038146973,9.8100004196167,89596900,0.0,0.0,BlackBerry,BB,Meme/Speculative
2018-08-31 00:00:00+00:00,9.800000190734863,11.039999961853027,9.640000343322754,10.670000076293944,83141400,0.0,0.0,BlackBerry,BB,Meme/Speculative
2018-09-30 00:00:00+00:00,10.550000190734863,12.0,9.670000076293944,11.380000114440918,87512000,0.0,0.0,BlackBerry,BB,Meme/Speculative
2018-10-31 00:00:00+00:00,11.470000267028809,11.75,8.630000114440918,9.25,113594400,0.0,0.0,BlackBerry,BB,Meme/Speculative
2018-11-30 00:00:00+00:00,9.260000228881836,9.75,8.229999542236328,8.789999961853027,81253200,0.0,0.0,BlackBerry,BB,Meme/Speculative
2018-12-31 00:00:00+00:00,8.970000267028809,9.0,6.570000171661377,7.110000133514404,108520700,0.0,0.0,BlackBerry,BB,Meme/Speculative
2019-01-31 00:00:00+00:00,7.0,8.180000305175781,6.869999885559082,8.069999694824219,59904900,0.0,0.0,BlackBerry,BB,Meme/Speculative
2019-02-28 00:00:00+00:00,8.100000381469727,8.8100004196167,8.020000457763672,8.699999809265137,47762700,0.0,0.0,BlackBerry,BB,Meme/Speculative
2019-03-31 00:00:00+00:00,8.710000038146973,10.289999961853027,8.569999694824219,10.09000015258789,121382800,0.0,0.0,BlackBerry,BB,Meme/Speculative
2019-04-30 00:00:00+00:00,10.220000267028809,10.229999542236328,8.760000228881836,9.18000030517578,87855300,0.0,0.0,BlackBerry,BB,Meme/Speculative
2019-05-31 00:00:00+00:00,9.239999771118164,9.399999618530272,7.789999961853027,7.849999904632568,62480900,0.0,0.0,BlackBerry,BB,Meme/Speculative
2019-06-30 00:00:00+00:00,7.829999923706055,9.09000015258789,7.099999904632568,7.460000038146973,139959300,0.0,0.0,BlackBerry,BB,Meme/Speculative
2019-07-31 00:00:00+00:00,7.5,7.550000190734863,6.900000095367432,7.300000190734863,94776600,0.0,0.0,BlackBerry,BB,Meme/Speculative
2019-08-31 00:00:00+00:00,7.320000171661377,7.360000133514404,6.639999866485596,6.869999885559082,65821900,0.0,0.0,BlackBerry,BB,Meme/Speculative
2019-09-30 00:00:00+00:00,6.789999961853027,7.760000228881836,5.099999904632568,5.25,158920400,0.0,0.0,BlackBerry,BB,Meme/Speculative
2019-10-31 00:00:00+00:00,5.269999980926514,5.489999771118164,4.860000133514404,5.260000228881836,117254700,0.0,0.0,BlackBerry,BB,Meme/Speculative
2019-11-30 00:00:00+00:00,5.289999961853027,5.730000019073486,5.199999809265137,5.570000171661377,80873600,0.0,0.0,BlackBerry,BB,Meme/Speculative
2019-12-31 00:00:00+00:00,5.570000171661377,6.650000095367432,5.329999923706055,6.420000076293945,122955400,0.0,0.0,BlackBerry,BB,Meme/Speculative
2020-01-31 00:00:00+00:00,6.519999980926514,6.889999866485596,6.059999942779541,6.099999904632568,85931200,0.0,0.0,BlackBerry,BB,Meme/Speculative
2020-02-29 00:00:00+00:00,6.130000114440918,6.360000133514404,4.949999809265137,5.170000076293945,112035800,0.0,0.0,BlackBerry,BB,Meme/Speculative
2020-03-31 00:00:00+00:00,5.170000076293945,5.21999979019165,2.700000047683716,4.130000114440918,195511600,0.0,0.0,BlackBerry,BB,Meme/Speculative
2020-04-30 00:00:00+00:00,3.400000095367432,4.429999828338623,3.180000066757202,4.28000020980835,124794600,0.0,0.0,BlackBerry,BB,Meme/Speculative
2020-05-31 00:00:00+00:00,4.150000095367432,4.800000190734863,3.9700000286102295,4.639999866485596,91055100,0.0,0.0,BlackBerry,BB,Meme/Speculative
2020-06-30 00:00:00+00:00,4.639999866485596,5.840000152587891,4.590000152587891,4.889999866485596,142716000,0.0,0.0,BlackBerry,BB,Meme/Speculative
2020-07-31 00:00:00+00:00,4.849999904632568,5.079999923706055,4.449999809265137,4.739999771118164,71236000,0.0,0.0,BlackBerry,BB,Meme/Speculative
2020-08-31 00:00:00+00:00,4.730000019073486,5.320000171661377,4.659999847412109,5.21999979019165,66437300,0.0,0.0,BlackBerry,BB,Meme/Speculative
2020-09-30 00:00:00+00:00,5.25,5.659999847412109,4.489999771118164,4.590000152587891,105388000,0.0,0.0,BlackBerry,BB,Meme/Speculative
2020-10-31 00:00:00+00:00,4.590000152587891,5.25,4.369999885559082,4.489999771118164,88346500,0.0,0.0,BlackBerry,BB,Meme/Speculative
2020-11-30 00:00:00+00:00,4.5,6.199999809265137,4.449999809265137,5.869999885559082,85724500,0.0,0.0,BlackBerry,BB,Meme/Speculative
2020-12-31 00:00:00+00:00,8.359999656677246,9.6899995803833,6.599999904632568,6.630000114440918,891107100,0.0,0.0,BlackBerry,BB,Meme/Speculative
2021-01-31 00:00:00+00:00,6.699999809265137,28.770000457763672,6.519999980926514,14.100000381469728,2014058800,0.0,0.0,BlackBerry,BB,Meme/Speculative
2021-02-28 00:00:00+00:00,14.640000343322754,15.539999961853027,9.630000114440918,10.050000190734863,664149000,0.0,0.0,BlackBerry,BB,Meme/Speculative
2021-03-31 00:00:00+00:00,10.289999961853027,12.520000457763672,8.359999656677246,8.430000305175781,403147100,0.0,0.0,BlackBerry,BB,Meme/Speculative
2021-04-30 00:00:00+00:00,8.59000015258789,9.670000076293944,8.039999961853027,8.829999923706055,211225900,0.0,0.0,BlackBerry,BB,Meme/Speculative
2021-05-31 00:00:00+00:00,8.890000343322754,12.09000015258789,7.710000038146973,10.06999969482422,304101200,0.0,0.0,BlackBerry,BB,Meme/Speculative
2021-06-30 00:00:00+00:00,11.229999542236328,20.170000076293945,10.520000457763672,12.220000267028809,2143343600,0.0,0.0,BlackBerry,BB,Meme/Speculative
2021-07-31 00:00:00+00:00,12.18000030517578,12.390000343322754,9.640000343322754,10.15999984741211,198715400,0.0,0.0,BlackBerry,BB,Meme/Speculative
2021-08-31 00:00:00+00:00,10.199999809265137,11.68000030517578,9.479999542236328,11.40999984741211,203438100,0.0,0.0,BlackBerry,BB,Meme/Speculative
2021-09-30 00:00:00+00:00,11.449999809265137,12.010000228881836,9.239999771118164,9.729999542236328,212246400,0.0,0.0,BlackBerry,BB,Meme/Speculative
2021-10-31 00:00:00+00:00,9.789999961853027,11.90999984741211,9.100000381469728,10.800000190734863,199316100,0.0,0.0,BlackBerry,BB,Meme/Speculative
2021-11-30 00:00:00+00:00,10.81999969482422,12.390000343322754,9.31999969482422,9.520000457763672,165185000,0.0,0.0,BlackBerry,BB,Meme/Speculative
2021-12-31 00:00:00+00:00,9.6899995803833,9.6899995803833,8.420000076293945,9.350000381469728,215075500,0.0,0.0,BlackBerry,BB,Meme/Speculative
2022-01-31 00:00:00+00:00,9.31999969482422,9.489999771118164,7.400000095367432,8.229999542236328,177341000,0.0,0.0,BlackBerry,BB,Meme/Speculative
2022-02-28 00:00:00+00:00,8.239999771118164,8.350000381469727,5.800000190734863,6.869999885559082,152138900,0.0,0.0,BlackBerry,BB,Meme/Speculative
2022-03-31 00:00:00+00:00,6.880000114440918,7.96999979019165,5.880000114440918,7.460000038146973,188577000,0.0,0.0,BlackBerry,BB,Meme/Speculative
2022-04-30 00:00:00+00:00,6.900000095367432,7.179999828338623,5.570000171661377,5.71999979019165,137195700,0.0,0.0,BlackBerry,BB,Meme/Speculative
2022-05-31 00:00:00+00:00,5.690000057220459,6.769999980926514,4.699999809265137,6.050000190734863,226993100,0.0,0.0,BlackBerry,BB,Meme/Speculative
2022-06-30 00:00:00+00:00,6.039999961853027,6.210000038146973,5.0,5.389999866485596,207500900,0.0,0.0,BlackBerry,BB,Meme/Speculative
2022-07-31 00:00:00+00:00,5.400000095367432,6.25,5.260000228881836,6.130000114440918,117722200,0.0,0.0,BlackBerry,BB,Meme/Speculative
2022-08-31 00:00:00+00:00,6.079999923706055,7.199999809265137,5.929999828338623,5.940000057220459,123634000,0.0,0.0,BlackBerry,BB,Meme/Speculative
2022-09-30 00:00:00+00:00,5.889999866485596,6.210000038146973,4.679999828338623,4.699999809265137,121923600,0.0,0.0,BlackBerry,BB,Meme/Speculative
2022-10-31 00:00:00+00:00,4.760000228881836,5.050000190734863,3.940000057220459,4.659999847412109,134157500,0.0,0.0,BlackBerry,BB,Meme/Speculative
2022-11-30 00:00:00+00:00,4.75,5.139999866485596,4.190000057220459,4.869999885559082,134227300,0.0,0.0,BlackBerry,BB,Meme/Speculative
2022-12-31 00:00:00+00:00,4.880000114440918,5.28000020980835,3.1700000762939453,3.259999990463257,163452700,0.0,0.0,BlackBerry,BB,Meme/Speculative
2023-01-31 00:00:00+00:00,3.3499999046325684,4.409999847412109,3.2699999809265137,4.25,146595800,0.0,0.0,BlackBerry,BB,Meme/Speculative
2023-02-28 00:00:00+00:00,4.260000228881836,4.78000020980835,3.740000009536743,3.880000114440918,109906500,0.0,0.0,BlackBerry,BB,Meme/Speculative
2023-03-31 00:00:00+00:00,3.880000114440918,4.699999809265137,3.430000066757202,4.559999942779541,157406200,0.0,0.0,BlackBerry,BB,Meme/Speculative
2023-04-30 00:00:00+00:00,4.639999866485596,4.690000057220459,3.829999923706055,3.910000085830689,77618400,0.0,0.0,BlackBerry,BB,Meme/Speculative
2023-05-31 00:00:00+00:00,3.890000104904175,5.510000228881836,3.849999904632568,5.349999904632568,100925600,0.0,0.0,BlackBerry,BB,Meme/Speculative
2023-06-30 00:00:00+00:00,5.300000190734863,5.71999979019165,4.710000038146973,5.53000020980835,122853200,0.0,0.0,BlackBerry,BB,Meme/Speculative
2023-07-31 00:00:00+00:00,5.510000228881836,5.550000190734863,4.619999885559082,5.099999904632568,102820100,0.0,0.0,BlackBerry,BB,Meme/Speculative
2023-08-31 00:00:00+00:00,5.110000133514404,5.639999866485596,4.28000020980835,5.559999942779541,115900100,0.0,0.0,BlackBerry,BB,Meme/Speculative
2023-09-30 00:00:00+00:00,5.619999885559082,5.75,4.489999771118164,4.710000038146973,167149400,0.0,0.0,BlackBerry,BB,Meme/Speculative
2023-10-31 00:00:00+00:00,4.690000057220459,4.699999809265137,3.2799999713897705,3.5799999237060547,126506900,0.0,0.0,BlackBerry,BB,Meme/Speculative
2023-11-30 00:00:00+00:00,3.559999942779541,3.829999923706055,3.470000028610229,3.670000076293945,64214500,0.0,0.0,BlackBerry,BB,Meme/Speculative
2023-12-31 00:00:00+00:00,3.680000066757202,4.440000057220459,3.4800000190734863,3.539999961853028,146489200,0.0,0.0,BlackBerry,BB,Meme/Speculative
2024-01-31 00:00:00+00:00,3.5,3.630000114440918,2.789999961853028,2.789999961853028,216061200,0.0,0.0,BlackBerry,BB,Meme/Speculative
2024-02-29 00:00:00+00:00,2.8299999237060547,2.880000114440918,2.549999952316284,2.7799999713897705,135565800,0.0,0.0,BlackBerry,BB,Meme/Speculative
2024-03-31 00:00:00+00:00,2.789999961853028,3.180000066757202,2.4600000381469727,2.759999990463257,229897200,0.0,0.0,BlackBerry,BB,Meme/Speculative
2024-04-30 00:00:00+00:00,2.789999961853028,3.240000009536743,2.650000095367432,2.789999961853028,185281000,0.0,0.0,BlackBerry,BB,Meme/Speculative
2024-05-31 00:00:00+00:00,2.7799999713897705,3.849999904632568,2.740000009536743,2.789999961853028,268505400,0.0,0.0,BlackBerry,BB,Meme/Speculative
2024-06-30 00:00:00+00:00,2.9200000762939453,2.950000047683716,2.200000047683716,2.4800000190734863,292618400,0.0,0.0,BlackBerry,BB,Meme/Speculative
2024-07-31 00:00:00+00:00,2.470000028610229,2.609999895095825,2.369999885559082,2.4200000762939453,125900700,0.0,0.0,BlackBerry,BB,Meme/Speculative
2024-08-31 00:00:00+00:00,2.4200000762939453,2.490000009536743,2.009999990463257,2.3499999046325684,90175100,0.0,0.0,BlackBerry,BB,Meme/Speculative
2024-09-30 00:00:00+00:00,2.3399999141693115,2.630000114440918,2.220000028610229,2.619999885559082,163424800,0.0,0.0,BlackBerry,BB,Meme/Speculative
2024-10-31 00:00:00+00:00,2.5999999046325684,2.680000066757202,2.25,2.259999990463257,189463800,0.0,0.0,BlackBerry,BB,Meme/Speculative
2024-11-30 00:00:00+00:00,2.2799999713897705,2.700000047683716,2.240000009536743,2.569999933242798,204397000,0.0,0.0,BlackBerry,BB,Meme/Speculative
2024-12-31 00:00:00+00:00,2.5799999237060547,4.059999942779541,2.509999990463257,3.7799999713897705,368522700,0.0,0.0,BlackBerry,BB,Meme/Speculative
2025-01-31 00:00:00+00:00,3.819999933242798,4.539999961853027,3.619999885559082,4.440000057220459,396590300,0.0,0.0,BlackBerry,BB,Meme/Speculative
2025-02-28 00:00:00+00:00,4.210000038146973,6.239999771118164,4.119999885559082,4.710000038146973,710690500,0.0,0.0,BlackBerry,BB,Meme/Speculative
2025-03-31 00:00:00+00:00,4.769999980926514,4.960000038146973,3.660000085830689,3.7699999809265137,349436000,0.0,0.0,BlackBerry,BB,Meme/Speculative
2025-04-30 00:00:00+00:00,3.7899999618530273,3.839999914169312,2.799999952316284,3.400000095367432,324361000,0.0,0.0,BlackBerry,BB,Meme/Speculative
2025-05-31 00:00:00+00:00,3.4200000762939453,4.190000057220459,3.359999895095825,3.9600000381469727,282827400,0.0,0.0,BlackBerry,BB,Meme/Speculative
2025-06-30 00:00:00+00:00,3.930000066757202,5.320000171661377,3.869999885559082,4.579999923706055,378919200,0.0,0.0,BlackBerry,BB,Meme/Speculative
2025-07-31 00:00:00+00:00,4.579999923706055,4.579999923706055,3.670000076293945,3.690000057220459,220158800,0.0,0.0,BlackBerry,BB,Meme/Speculative
2025-08-31 00:00:00+00:00,3.619999885559082,3.950000047683716,3.549999952316284,3.829999923706055,150475900,0.0,0.0,BlackBerry,BB,Meme/Speculative
2025-09-30 00:00:00+00:00,3.75,5.070000171661377,3.690000057220459,4.880000114440918,245067500,0.0,0.0,BlackBerry,BB,Meme/Speculative
2025-10-31 00:00:00+00:00,4.829999923706055,5.090000152587891,4.329999923706055,4.880000114440918,235151800,0.0,0.0,BlackBerry,BB,Meme/Speculative
2025-11-30 00:00:00+00:00,4.880000114440918,4.929999828338623,3.9800000190734863,4.079999923706055,160860100,0.0,0.0,BlackBerry,BB,Meme/Speculative
2025-12-31 00:00:00+00:00,4.03000020980835,4.449999809265137,3.7100000381469727,3.7899999618530273,198982800,0.0,0.0,BlackBerry,BB,Meme/Speculative
2026-01-31 00:00:00+00:00,3.819999933242798,4.0,3.7699999809265137,3.859999895095825,45777900,0.0,0.0,BlackBerry,BB,Meme/Speculative
2016-01-31 00:00:00+00:00,240.93105668825464,248.22755017261537,218.69866840940043,244.97683715820312,16772900,0.0,0.0,BlackRock,BLK,Financials
2016-02-29 00:00:00+00:00,243.14485770395493,250.7922110972848,223.35250121412656,243.183837890625,17970800,0.0,0.0,BlackRock,BLK,Financials
2016-03-31 00:00:00+00:00,245.7641495027596,272.3766460901405,244.87549139976727,267.3603210449219,15441800,2.29,0.0,BlackRock,BLK,Financials
2016-04-30 00:00:00+00:00,264.76953022872635,289.93794171736187,256.6523806603588,279.73248291015625,12892500,0.0,0.0,BlackRock,BLK,Financials
2016-05-31 00:00:00+00:00,281.6479155063413,287.55922224635725,271.3796149778784,285.6358947753906,10711500,0.0,0.0,BlackRock,BLK,Financials
2016-06-30 00:00:00+00:00,283.83819492216185,287.93903110859407,250.9038310177056,270.5986022949219,13932400,2.29,0.0,BlackRock,BLK,Financials
2016-07-31 00:00:00+00:00,270.20343080831816,290.1038254430778,260.36806729940474,289.3375244140625,10930000,0.0,0.0,BlackRock,BLK,Financials
2016-08-31 00:00:00+00:00,289.6612844109236,297.5533203159117,287.55988758276726,296.3245849609375,11156800,2.29,0.0,BlackRock,BLK,Financials
2016-09-30 00:00:00+00:00,297.3656896228248,298.8202738906592,281.3894621627294,288.0978698730469,11690200,0.0,0.0,BlackRock,BLK,Financials
2016-10-31 00:00:00+00:00,287.4938055071895,289.4252620129612,267.734130570754,271.2314147949219,15665900,0.0,0.0,BlackRock,BLK,Financials
2016-11-30 00:00:00+00:00,272.9164319955697,302.2779014094281,268.20311544066,294.7189025878906,15313600,0.0,0.0,BlackRock,BLK,Financials
2016-12-31 00:00:00+00:00,297.1193218669842,319.432916534095,293.6139644851532,304.3033142089844,15685200,2.29,0.0,BlackRock,BLK,Financials
2017-01-31 00:00:00+00:00,307.5659197483057,310.9245046823016,296.4347414308208,299.0576171875,12468700,0.0,0.0,BlackRock,BLK,Financials
2017-02-28 00:00:00+00:00,300.0411105701205,314.8429281292545,292.54037267410393,309.8370056152344,10857300,0.0,0.0,BlackRock,BLK,Financials
2017-03-31 00:00:00+00:00,315.266700493685,319.2010477346398,296.1367096354167,308.61773681640625,10741400,2.5,0.0,BlackRock,BLK,Financials
2017-04-30 00:00:00+00:00,308.8753009391495,315.3694197896122,302.18812472395155,309.4708251953125,9224500,0.0,0.0,BlackRock,BLK,Financials
2017-05-31 00:00:00+00:00,311.587227308544,329.5968742820837,304.06318022391946,329.3232727050781,13420600,0.0,0.0,BlackRock,BLK,Financials
2017-06-30 00:00:00+00:00,330.57010442418675,348.8361384488959,330.17337638600594,342.01080322265625,13837000,2.5,0.0,BlackRock,BLK,Financials
2017-07-31 00:00:00+00:00,344.8525682068259,358.5521544948723,340.2213552735591,345.3465576171875,10941800,0.0,0.0,BlackRock,BLK,Financials
2017-08-31 00:00:00+00:00,347.8888373221444,349.7105587778466,330.84549807997973,341.3079528808594,10580500,2.5,0.0,BlackRock,BLK,Financials
2017-09-30 00:00:00+00:00,344.02860460134434,365.353721195978,333.48820617872326,364.1807556152344,8517400,0.0,0.0,BlackRock,BLK,Financials
2017-10-31 00:00:00+00:00,364.7020866191697,398.9624527212341,364.0015927779547,383.5182800292969,12357000,0.0,0.0,BlackRock,BLK,Financials
2017-11-30 00:00:00+00:00,385.4570308766097,414.6100484479261,375.5682733120931,408.2483520507813,8879500,0.0,0.0,BlackRock,BLK,Financials
2017-12-31 00:00:00+00:00,409.0505945761604,426.29936969819454,401.7319378309154,420.54443359375,8318700,2.5,0.0,BlackRock,BLK,Financials
2018-01-31 00:00:00+00:00,424.69496047365953,486.6987272869396,414.6256526837992,459.9127197265625,14579500,0.0,0.0,BlackRock,BLK,Financials
2018-02-28 00:00:00+00:00,459.59368132920815,465.38148498179066,409.32898505501424,449.7862243652344,13283200,0.0,0.0,BlackRock,BLK,Financials
2018-03-31 00:00:00+00:00,449.1068319555739,476.34575682248266,426.7605871830996,445.8293151855469,11162000,2.88,0.0,BlackRock,BLK,Financials
2018-04-30 00:00:00+00:00,442.5703151743708,448.1831090004828,418.9999031907092,429.18841552734375,13371500,0.0,0.0,BlackRock,BLK,Financials
2018-05-31 00:00:00+00:00,426.2832946777344,452.2980372647559,412.1937995686796,439.66510009765625,10282700,0.0,0.0,BlackRock,BLK,Financials
2018-06-30 00:00:00+00:00,444.9487410189593,460.8884013310941,411.523009834593,412.9295959472656,11905100,2.88,0.0,BlackRock,BLK,Financials
2018-07-31 00:00:00+00:00,408.8089235847731,424.4808161864237,403.8028070090005,416.00775146484375,12772200,0.0,0.0,BlackRock,BLK,Financials
2018-08-31 00:00:00+00:00,418.01844289941965,421.890893347086,385.59901800352304,396.3972473144531,15996200,0.0,0.0,BlackRock,BLK,Financials
2018-09-30 00:00:00+00:00,394.0555892578203,409.7864032710452,389.21377768309736,392.5704345703125,9564500,3.13,0.0,BlackRock,BLK,Financials
2018-10-31 00:00:00+00:00,395.0940502699004,401.857172554296,313.42827543985777,342.6714172363281,27331300,0.0,0.0,BlackRock,BLK,Financials
2018-11-30 00:00:00+00:00,344.6037088273687,356.4892272949219,328.7703245335596,356.4892272949219,15415500,0.0,0.0,BlackRock,BLK,Financials
2018-12-31 00:00:00+00:00,363.80211985532617,365.0264829355698,302.8204821553137,329.7040405273437,17003900,3.13,0.0,BlackRock,BLK,Financials
2019-01-31 00:00:00+00:00,324.21496695125404,354.0530139914968,316.6609965541619,348.3874816894531,16434200,0.0,0.0,BlackRock,BLK,Financials
2019-02-28 00:00:00+00:00,350.36840985026174,373.3322664965356,340.87560191105155,372.006103515625,10079200,0.0,0.0,BlackRock,BLK,Financials
2019-03-31 00:00:00+00:00,375.64882686378894,379.3083023649161,349.5310034284664,361.4301452636719,12635100,3.3,0.0,BlackRock,BLK,Financials
2019-04-30 00:00:00+00:00,364.9990490460126,410.8870498508857,363.146946783902,410.37115478515625,11308100,0.0,0.0,BlackRock,BLK,Financials
2019-05-31 00:00:00+00:00,411.7244103664554,412.2403055803355,350.9856323512154,351.4423217773437,10106000,0.0,0.0,BlackRock,BLK,Financials
2019-06-30 00:00:00+00:00,351.5692440818629,402.5355852472184,351.12948523982107,399.9279174804688,10571300,3.3,0.0,BlackRock,BLK,Financials
2019-07-31 00:00:00+00:00,404.6830312869808,412.0202454764513,396.698148047004,398.54736328125,10275000,0.0,0.0,BlackRock,BLK,Financials
2019-08-31 00:00:00+00:00,396.4253648105697,398.53877923226753,343.88847265338313,360.0970153808594,13814200,0.0,0.0,BlackRock,BLK,Financials
2019-09-30 00:00:00+00:00,358.7590865501556,386.5227311266312,351.68600617281646,382.8032531738281,12863200,3.3,0.0,BlackRock,BLK,Financials
2019-10-31 00:00:00+00:00,382.7947541266623,404.4070600016702,353.2279764487729,396.5987548828125,12098800,0.0,0.0,BlackRock,BLK,Financials
2019-11-30 00:00:00+00:00,400.6017283623108,426.835432552169,400.55878900883,425.12603759765625,9074800,0.0,0.0,BlackRock,BLK,Financials
2019-12-31 00:00:00+00:00,425.4438241368657,438.3201151372984,411.1845843271789,434.7655029296875,8962000,3.3,0.0,BlackRock,BLK,Financials
2020-01-31 00:00:00+00:00,441.0790785871689,473.38157452518266,431.1418750644736,456.0842895507813,13193000,0.0,0.0,BlackRock,BLK,Financials
2020-02-29 00:00:00+00:00,458.5751320201235,498.86040194046114,388.3398475895367,400.4392700195313,14725600,0.0,0.0,BlackRock,BLK,Financials
2020-03-31 00:00:00+00:00,404.0111765772887,435.87256565121487,282.323565533803,383.39984130859375,32132000,3.63,0.0,BlackRock,BLK,Financials
2020-04-30 00:00:00+00:00,364.35054948602544,449.6541172561476,350.224794300209,437.4890441894531,15880200,0.0,0.0,BlackRock,BLK,Financials
2020-05-31 00:00:00+00:00,428.234557367451,479.28250553374096,393.316675706874,460.6689453125,50183500,0.0,0.0,BlackRock,BLK,Financials
2020-06-30 00:00:00+00:00,460.1112107013095,497.9020619335466,452.4084313825653,477.2958068847656,20877000,3.63,0.0,BlackRock,BLK,Financials
2020-07-31 00:00:00+00:00,477.4711547567156,519.7450511732634,471.47966651328255,504.41998291015625,13055000,0.0,0.0,BlackRock,BLK,Financials
2020-08-31 00:00:00+00:00,508.22707432687633,531.359882837964,498.2089410038228,521.245361328125,9729900,0.0,0.0,BlackRock,BLK,Financials
2020-09-30 00:00:00+00:00,521.7276023445517,534.8424565108849,468.9546767788306,497.3359680175781,16645700,3.63,0.0,BlackRock,BLK,Financials
2020-10-31 00:00:00+00:00,509.064568977903,588.3134957121429,493.47954057093983,528.8062133789062,13241600,0.0,0.0,BlackRock,BLK,Financials
2020-11-30 00:00:00+00:00,537.4105153454373,634.389247021774,535.1954181420166,616.2977294921875,11805700,0.0,0.0,BlackRock,BLK,Financials
2020-12-31 00:00:00+00:00,626.2877290655758,640.777684910484,606.2206823820524,639.9971313476562,13179200,3.63,0.0,BlackRock,BLK,Financials
2021-01-31 00:00:00+00:00,648.0331117741033,698.9463723474071,608.198562424497,622.0090942382812,15188400,0.0,0.0,BlackRock,BLK,Financials
2021-02-28 00:00:00+00:00,627.9872868311792,654.3484945205379,610.5224688834688,616.0130615234375,13193000,0.0,0.0,BlackRock,BLK,Financials
2021-03-31 00:00:00+00:00,626.9407176629812,681.1543677969968,598.0510827047135,672.7138671875,15494000,4.13,0.0,BlackRock,BLK,Financials
2021-04-30 00:00:00+00:00,677.9067952691009,740.1225272072744,675.9616622467657,731.0128784179688,10570900,0.0,0.0,BlackRock,BLK,Financials
2021-05-31 00:00:00+00:00,736.0984875535208,792.5685741060269,730.7452458098394,782.5308227539062,11039300,0.0,0.0,BlackRock,BLK,Financials
2021-06-30 00:00:00+00:00,792.2205044934974,797.8070836395287,752.0991232499326,784.3340454101562,12000300,4.13,0.0,BlackRock,BLK,Financials
2021-07-31 00:00:00+00:00,786.2165440054811,824.9775622113734,752.7086491717278,777.3421630859375,12835500,0.0,0.0,BlackRock,BLK,Financials
2021-08-31 00:00:00+00:00,782.8371673763462,860.4573563429955,777.7902626320243,845.5769653320312,8134500,0.0,0.0,BlackRock,BLK,Financials
2021-09-30 00:00:00+00:00,847.1100676319605,855.93950278198,754.6154508459512,755.0656127929688,10935400,4.13,0.0,BlackRock,BLK,Financials
2021-10-31 00:00:00+00:00,759.1530548167833,853.3810702558504,737.1220139053343,849.419677734375,11565000,0.0,0.0,BlackRock,BLK,Financials
2021-11-30 00:00:00+00:00,852.7777251446104,876.159165145527,807.4554189815784,814.44189453125,10725700,0.0,0.0,BlackRock,BLK,Financials
2021-12-31 00:00:00+00:00,829.6484019362204,843.9307346743467,799.2895591660167,828.1024780273438,10656000,4.13,0.0,BlackRock,BLK,Financials
2022-01-31 00:00:00+00:00,830.6169370236479,838.8839426925313,682.0204457662335,744.3298950195312,16809100,0.0,0.0,BlackRock,BLK,Financials
2022-02-28 00:00:00+00:00,748.8249843938595,751.9092796363584,637.9905870480635,672.8309326171875,16275400,0.0,0.0,BlackRock,BLK,Financials
2022-03-31 00:00:00+00:00,669.6291172379022,714.2685466162602,601.0661929499031,695.7763061523438,20354900,4.88,0.0,BlackRock,BLK,Financials
2022-04-30 00:00:00+00:00,699.2635399946146,718.0653556786865,567.4414637308936,568.7708129882812,17098500,0.0,0.0,BlackRock,BLK,Financials
2022-05-31 00:00:00+00:00,573.3506495005114,612.5110593595729,530.4387193628861,609.1969604492188,26792600,0.0,0.0,BlackRock,BLK,Financials
2022-06-30 00:00:00+00:00,612.4746200161911,630.8626578950269,527.8356282186598,558.5009155273438,18106300,4.88,0.0,BlackRock,BLK,Financials
2022-07-31 00:00:00+00:00,556.8591929266124,618.8405616648257,532.0813884488512,613.6502075195312,12738100,0.0,0.0,BlackRock,BLK,Financials
2022-08-31 00:00:00+00:00,606.4242014779757,700.299307304623,601.0871481597617,611.091796875,14254500,0.0,0.0,BlackRock,BLK,Financials
2022-09-30 00:00:00+00:00,606.3416008125862,648.371451236976,507.7216865374967,508.3869018554688,17677300,4.88,0.0,BlackRock,BLK,Financials
2022-10-31 00:00:00+00:00,512.7473526777588,614.363728356092,464.81704318309977,596.7363891601562,19317000,0.0,0.0,BlackRock,BLK,Financials
2022-11-30 00:00:00+00:00,606.7419859755762,725.8378975582376,575.5520965651426,661.4904174804688,18990500,0.0,0.0,BlackRock,BLK,Financials
2022-12-31 00:00:00+00:00,664.1235112439384,691.3251737365699,636.2085268350041,659.1946411132812,15131000,4.88,0.0,BlackRock,BLK,Financials
2023-01-31 00:00:00+00:00,669.7714764612534,710.7949565408684,652.2924959070249,706.2461547851562,15020500,0.0,0.0,BlackRock,BLK,Financials
2023-02-28 00:00:00+00:00,701.139217893555,727.2322674441123,631.2411135945129,641.3341064453125,13007300,0.0,0.0,BlackRock,BLK,Financials
2023-03-31 00:00:00+00:00,635.4923501156878,654.7499559171574,580.925621626468,626.9498901367188,17219900,5.0,0.0,BlackRock,BLK,Financials
2023-04-30 00:00:00+00:00,622.639741092759,659.6410519372794,606.6175449203583,628.8987426757812,10482700,0.0,0.0,BlackRock,BLK,Financials
2023-05-31 00:00:00+00:00,632.5342706965027,637.7907981775134,585.1420547248214,616.1090698242188,15062300,0.0,0.0,BlackRock,BLK,Financials
2023-06-30 00:00:00+00:00,621.7497963203626,676.1487304848305,618.7514586679915,652.3444213867188,12596000,5.0,0.0,BlackRock,BLK,Financials
2023-07-31 00:00:00+00:00,651.268339344478,714.5170010494503,636.9214941632794,697.3761596679688,12162300,0.0,0.0,BlackRock,BLK,Financials
2023-08-31 00:00:00+00:00,692.156685869139,694.6012695990211,627.3035427869418,661.2167358398438,10651900,0.0,0.0,BlackRock,BLK,Financials
2023-09-30 00:00:00+00:00,664.6712740919131,674.1139009937941,608.7523235244355,614.627685546875,12436900,5.0,0.0,BlackRock,BLK,Financials
2023-10-31 00:00:00+00:00,612.9355142162923,619.4003094427276,566.7971343202607,582.1038208007812,14539500,0.0,0.0,BlackRock,BLK,Financials
2023-11-30 00:00:00+00:00,584.2047671163929,714.8330707623156,577.7208847848717,714.20556640625,13625300,0.0,0.0,BlackRock,BLK,Financials
2023-12-31 00:00:00+00:00,713.0361648342266,783.8312377929688,710.3483218162958,776.9404296875,14326600,5.0,0.0,BlackRock,BLK,Financials
2024-01-31 00:00:00+00:00,769.6189771386008,774.2510710611266,735.3561821633331,741.0602416992188,13985200,0.0,0.0,BlackRock,BLK,Financials
2024-02-29 00:00:00+00:00,743.1467240065301,788.3390574968051,732.7530774196159,776.5001831054688,10995000,0.0,0.0,BlackRock,BLK,Financials
2024-03-31 00:00:00+00:00,776.5002057643248,813.733311725901,763.48407904685,802.8515014648438,11609600,5.1,0.0,BlackRock,BLK,Financials
2024-04-30 00:00:00+00:00,804.0840322212853,804.2188660445136,717.9631131270563,726.7168579101562,15011500,0.0,0.0,BlackRock,BLK,Financials
2024-05-31 00:00:00+00:00,727.0635173930051,787.9056722122514,721.0736864327282,743.46337890625,13081800,0.0,0.0,BlackRock,BLK,Financials
2024-06-30 00:00:00+00:00,750.6472638457626,781.7500893903106,729.2404632654433,763.1870727539062,10444100,5.1,0.0,BlackRock,BLK,Financials
2024-07-31 00:00:00+00:00,766.5894865345905,857.9698526470391,753.7940812498049,849.6334838867188,13458600,0.0,0.0,BlackRock,BLK,Financials
2024-08-31 00:00:00+00:00,853.0262280138362,875.7671113412499,788.2543782801757,874.1676635742188,10533800,0.0,0.0,BlackRock,BLK,Financials
2024-09-30 00:00:00+00:00,871.5117284029579,929.0115647060996,832.8780328244169,925.8523559570312,9530800,5.1,0.0,BlackRock,BLK,Financials
2024-10-31 00:00:00+00:00,921.7667321151088,1006.28702121649,896.0635232886203,956.5869750976562,11733400,0.0,0.0,BlackRock,BLK,Financials
2024-11-30 00:00:00+00:00,959.4829640551958,1041.7216091978532,951.7310773188786,997.3162841796876,13316500,0.0,0.0,BlackRock,BLK,Financials
2024-12-31 00:00:00+00:00,1000.972903552033,1060.706582407742,981.8530553898436,1004.5184326171876,16107500,5.1,0.0,BlackRock,BLK,Financials
2025-01-31 00:00:00+00:00,1009.3102571575328,1062.4410513352373,924.3910326799704,1053.896240234375,15971100,0.0,0.0,BlackRock,BLK,Financials
2025-02-28 00:00:00+00:00,1033.2984891985848,1035.3171670986017,923.0877191881194,958.1392211914062,16820700,0.0,0.0,BlackRock,BLK,Financials
2025-03-31 00:00:00+00:00,960.1578251677012,970.8878229374604,885.0214374915819,932.53076171875,21559000,5.21,0.0,BlackRock,BLK,Financials
2025-04-30 00:00:00+00:00,931.9691238031932,951.723642044224,762.3366445124149,900.78564453125,19244400,0.0,0.0,BlackRock,BLK,Financials
2025-05-31 00:00:00+00:00,899.5048135221016,984.2767647055044,892.5586683417662,965.4483642578124,13308700,0.0,0.0,BlackRock,BLK,Financials
2025-06-30 00:00:00+00:00,961.3300085128512,1044.1442278495624,950.7778308347632,1039.2611083984375,11931700,5.21,0.0,BlackRock,BLK,Financials
2025-07-31 00:00:00+00:00,1036.6164229702058,1119.8960502921857,1023.9285001594594,1095.480712890625,14229200,0.0,0.0,BlackRock,BLK,Financials
2025-08-31 00:00:00+00:00,1078.6326137692356,1160.733650851575,1066.944902557036,1116.4095458984375,10112800,0.0,0.0,BlackRock,BLK,Financials
2025-09-30 00:00:00+00:00,1107.1980688671097,1177.7672634364824,1082.2578923895592,1160.22265625,11359400,5.21,0.0,BlackRock,BLK,Financials
2025-10-31 00:00:00+00:00,1148.4101465128383,1214.0307049830408,1068.5588519415408,1077.5650634765625,16122900,0.0,0.0,BlackRock,BLK,Financials
2025-11-30 00:00:00+00:00,1073.8530605549115,1093.3183722005303,985.7817360655372,1042.22705078125,12309200,0.0,0.0,BlackRock,BLK,Financials
2025-12-31 00:00:00+00:00,1033.9671994560983,1107.260009765625,1026.005904887831,1070.3399658203125,12075800,5.21,0.0,BlackRock,BLK,Financials
2026-01-31 00:00:00+00:00,1071.43994140625,1131.6500244140625,1060.1300048828125,1087.9200439453125,3464600,0.0,0.0,BlackRock,BLK,Financials
2016-01-31 00:00:00+00:00,9.89967705435196,10.269675094097453,8.957103951554751,10.221514701843262,1082112000,0.0,0.0,Broadcom,AVGO,Semiconductors
2016-02-29 00:00:00+00:00,10.193228505885685,10.602211974168274,8.73388705262418,10.241389274597168,901921000,0.0,0.0,Broadcom,AVGO,Semiconductors
2016-03-31 00:00:00+00:00,10.348412040291953,12.070045511361169,10.266616092883734,11.849920272827148,857323000,0.049,0.0,Broadcom,AVGO,Semiconductors
2016-04-30 00:00:00+00:00,11.814642234785094,12.244919088800954,10.98706286557302,11.17880916595459,519869000,0.0,0.0,Broadcom,AVGO,Semiconductors
2016-05-31 00:00:00+00:00,11.210255850660008,11.884434989931496,10.674902318976416,11.83918285369873,447955000,0.0,0.0,Broadcom,AVGO,Semiconductors
2016-06-30 00:00:00+00:00,11.76631695426233,12.731954799220636,10.946321739600643,11.956551551818848,759161000,0.05,0.0,Broadcom,AVGO,Semiconductors
2016-07-31 00:00:00+00:00,11.884995629767385,12.895224958509491,11.322561668328564,12.46281909942627,417716000,0.0,0.0,Broadcom,AVGO,Semiconductors
2016-08-31 00:00:00+00:00,12.5243750783272,13.804661328813523,12.408964289916993,13.573843955993652,478313000,0.0,0.0,Broadcom,AVGO,Semiconductors
2016-09-30 00:00:00+00:00,13.609232621569252,13.670015967977626,12.214301514155116,13.313801765441896,745974000,0.051,0.0,Broadcom,AVGO,Semiconductors
2016-10-31 00:00:00+00:00,13.351617795843802,13.659537914958948,12.872379734911322,13.140941619873049,423036000,0.0,0.0,Broadcom,AVGO,Semiconductors
2016-11-30 00:00:00+00:00,13.174896171986708,13.738253695442442,12.580667172483642,13.157146453857422,536511000,0.0,0.0,Broadcom,AVGO,Semiconductors
2016-12-31 00:00:00+00:00,13.120101569966298,14.280152034282926,12.395451517893944,13.71977424621582,671895000,0.102,0.0,Broadcom,AVGO,Semiconductors
2017-01-31 00:00:00+00:00,13.837749947511464,15.972130577314267,13.451233880317044,15.48393726348877,663510000,0.0,0.0,Broadcom,AVGO,Semiconductors
2017-02-28 00:00:00+00:00,15.697378080241071,16.76145678761767,15.539045694916842,16.37105941772461,453126000,0.0,0.0,Broadcom,AVGO,Semiconductors
2017-03-31 00:00:00+00:00,16.537159646579894,17.676523552901884,16.3423495775072,17.071365356445312,662840000,0.102,0.0,Broadcom,AVGO,Semiconductors
2017-04-30 00:00:00+00:00,17.07448669944389,17.471339511290044,16.25117260544545,17.215612411499023,364497000,0.0,0.0,Broadcom,AVGO,Semiconductors
2017-05-31 00:00:00+00:00,17.31541017130525,18.937093108151924,17.145444544157833,18.67123031616211,503897000,0.0,0.0,Broadcom,AVGO,Semiconductors
2017-06-30 00:00:00+00:00,18.836511999799843,20.02003491253124,18.053112905595256,18.247285842895508,833768000,0.102,0.0,Broadcom,AVGO,Semiconductors
2017-07-31 00:00:00+00:00,18.36159760205403,20.239177386819048,17.81273253013808,19.312915802001957,424892000,0.0,0.0,Broadcom,AVGO,Semiconductors
2017-08-31 00:00:00+00:00,19.43583985392064,20.307299798269653,18.689670253102484,19.73650550842285,609759000,0.0,0.0,Broadcom,AVGO,Semiconductors
2017-09-30 00:00:00+00:00,19.756869120630142,19.99254579043673,18.202378466278432,19.06795883178711,539378000,0.102,0.0,Broadcom,AVGO,Semiconductors
2017-10-31 00:00:00+00:00,19.28572758920372,20.96736519137056,18.67250642647649,20.748022079467773,533106000,0.0,0.0,Broadcom,AVGO,Semiconductors
2017-11-30 00:00:00+00:00,20.773960922702543,22.45952381719652,19.565609185011574,21.851030349731445,754829000,0.0,0.0,Broadcom,AVGO,Semiconductors
2017-12-31 00:00:00+00:00,21.63640007214904,21.67492043767676,19.98463856649388,20.33080101013184,667869000,0.175,0.0,Broadcom,AVGO,Semiconductors
2018-01-31 00:00:00+00:00,20.557926904908012,21.7046505196732,18.756728282434967,19.628841400146484,752835000,0.0,0.0,Broadcom,AVGO,Semiconductors
2018-02-28 00:00:00+00:00,19.129470633506934,20.239003197421592,17.798356295800797,19.504589080810547,729491000,0.0,0.0,Broadcom,AVGO,Semiconductors
2018-03-31 00:00:00+00:00,19.45710957673342,21.672203399926104,18.8508931717918,18.92235946655273,1029054000,0.35,0.0,Broadcom,AVGO,Semiconductors
2018-04-30 00:00:00+00:00,18.78585382149313,20.30349456540128,18.102513016357893,18.42210578918457,754762000,0.0,0.0,Broadcom,AVGO,Semiconductors
2018-05-31 00:00:00+00:00,18.536926982226426,20.499422170630076,17.824681246957685,20.240861892700195,712352000,0.0,0.0,Broadcom,AVGO,Semiconductors
2018-06-30 00:00:00+00:00,20.425549722358408,21.825958134995,19.714813445940337,19.74492454528809,760839000,0.35,0.0,Broadcom,AVGO,Semiconductors
2018-07-31 00:00:00+00:00,19.53741580715201,20.49032357956016,16.068384976077752,18.046619415283203,1739626000,0.0,0.0,Broadcom,AVGO,Semiconductors
2018-08-31 00:00:00+00:00,18.16786820414019,18.2232025582128,16.500485290348326,17.82364845275879,708543000,0.0,0.0,Broadcom,AVGO,Semiconductors
2018-09-30 00:00:00+00:00,17.787840795056614,20.50479534245877,17.407826480976073,20.22849464416504,963452000,0.175,0.0,Broadcom,AVGO,Semiconductors
2018-10-31 00:00:00+00:00,20.32278680745264,20.672049323049425,17.07201947514249,18.323129653930664,740940000,0.0,0.0,Broadcom,AVGO,Semiconductors
2018-11-30 00:00:00+00:00,18.460054807648945,19.89153287209753,17.521306765133346,19.464385986328125,645312000,0.0,0.0,Broadcom,AVGO,Semiconductors
2018-12-31 00:00:00+00:00,20.103058382905797,21.446814083591903,17.84105489553454,21.067169189453125,978162000,0.265,0.0,Broadcom,AVGO,Semiconductors
2019-01-31 00:00:00+00:00,20.617299617259192,22.680269848060057,19.08290967355172,22.224594116210938,749381000,0.0,0.0,Broadcom,AVGO,Semiconductors
2019-02-28 00:00:00+00:00,22.29916013182652,23.7473823044961,21.94621734293191,22.813655853271484,415092000,0.0,0.0,Broadcom,AVGO,Semiconductors
2019-03-31 00:00:00+00:00,23.01001709848951,25.352965843301035,21.474802022467355,25.136463165283203,726924000,0.265,0.0,Broadcom,AVGO,Semiconductors
2019-04-30 00:00:00+00:00,25.337083776533877,26.95371849691216,25.05621969652088,26.61518096923828,407661000,0.0,0.0,Broadcom,AVGO,Semiconductors
2019-05-31 00:00:00+00:00,26.79072120550712,27.01641565672388,20.90512214406508,21.034687042236328,642145000,0.0,0.0,Broadcom,AVGO,Semiconductors
2019-06-30 00:00:00+00:00,21.11075259758132,24.41454719365331,20.99790697249005,24.29302215576172,737100000,0.265,0.0,Broadcom,AVGO,Semiconductors
2019-07-31 00:00:00+00:00,25.45932851285981,25.802804547969814,22.989176822497395,24.47278213500977,520257000,0.0,0.0,Broadcom,AVGO,Semiconductors
2019-08-31 00:00:00+00:00,24.400205141278438,25.133569563186963,22.152848096410008,23.852502822875977,452777000,0.0,0.0,Broadcom,AVGO,Semiconductors
2019-09-30 00:00:00+00:00,23.62969973858084,25.514174426381004,22.86426659830382,23.512426376342773,516459000,0.265,0.0,Broadcom,AVGO,Semiconductors
2019-10-31 00:00:00+00:00,23.699800467333333,25.04631496093483,22.758690568042525,24.941556930541992,421659000,0.0,0.0,Broadcom,AVGO,Semiconductors
2019-11-30 00:00:00+00:00,24.95347942154008,27.736783677660227,24.87682776203252,26.931087493896484,407842000,0.0,0.0,Broadcom,AVGO,Semiconductors
2019-12-31 00:00:00+00:00,27.05968994733981,28.207758103580595,25.81708500941502,27.187538146972656,517592000,0.325,0.0,Broadcom,AVGO,Semiconductors
2020-01-31 00:00:00+00:00,27.471439053940458,28.52617839828496,25.706083484104347,26.25324249267578,585943000,0.0,0.0,Broadcom,AVGO,Semiconductors
2020-02-29 00:00:00+00:00,26.29366983733245,28.0203165870906,22.603802707294275,23.45378875732422,458786000,0.0,0.0,Broadcom,AVGO,Semiconductors
2020-03-31 00:00:00+00:00,23.80996100989536,24.818239274436923,13.392456435676642,20.744686126708984,1195556000,0.325,0.0,Broadcom,AVGO,Semiconductors
2020-04-30 00:00:00+00:00,19.947615124608955,24.234797756375706,19.22054569856245,23.76495742797852,619989000,0.0,0.0,Broadcom,AVGO,Semiconductors
2020-05-31 00:00:00+00:00,23.27324378643944,25.54807348060445,22.288948114046352,25.484203338623047,419535000,0.0,0.0,Broadcom,AVGO,Semiconductors
2020-06-30 00:00:00+00:00,25.40983488752093,28.707457613689535,25.14297973140142,27.89828109741211,652276000,0.325,0.0,Broadcom,AVGO,Semiconductors
2020-07-31 00:00:00+00:00,27.854085988581595,28.66908095814013,26.887928141527773,27.999053955078125,379233000,0.0,0.0,Broadcom,AVGO,Semiconductors
2020-08-31 00:00:00+00:00,28.1095503187785,30.989447339039987,28.04590729327285,30.686254501342773,310241000,0.0,0.0,Broadcom,AVGO,Semiconductors
2020-09-30 00:00:00+00:00,30.938187822442675,33.49809712961604,30.63865254727192,32.497596740722656,518809000,0.325,0.0,Broadcom,AVGO,Semiconductors
2020-10-31 00:00:00+00:00,32.91327775172888,34.592027828388844,30.72250505397548,31.187240600585938,337378000,0.0,0.0,Broadcom,AVGO,Semiconductors
2020-11-30 00:00:00+00:00,31.66981337975969,35.87294796930819,30.922313242048585,35.82121276855469,300997000,0.0,0.0,Broadcom,AVGO,Semiconductors
2020-12-31 00:00:00+00:00,35.988912133774626,39.447785993981945,35.51079409235977,39.38931274414063,401600000,0.36,0.0,Broadcom,AVGO,Semiconductors
2021-01-31 00:00:00+00:00,39.52244662818492,42.28154630865521,37.83209654480876,40.527320861816406,321317000,0.0,0.0,Broadcom,AVGO,Semiconductors
2021-02-28 00:00:00+00:00,41.008600576643744,44.5431617400057,40.80529118066697,42.26984024047852,317522000,0.0,0.0,Broadcom,AVGO,Semiconductors
2021-03-31 00:00:00+00:00,43.154172735063824,44.15813687078079,37.71693870818722,42.03724670410156,724725000,0.36,0.0,Broadcom,AVGO,Semiconductors
2021-04-30 00:00:00+00:00,42.79972419359475,44.39269255724068,40.70810917596192,41.36089324951172,405583000,0.0,0.0,Broadcom,AVGO,Semiconductors
2021-05-31 00:00:00+00:00,41.682745359204205,43.03092374228783,38.0008830771632,42.82330322265625,355018000,0.0,0.0,Broadcom,AVGO,Semiconductors
2021-06-30 00:00:00+00:00,43.10526336861378,43.7305128955608,41.724452776829246,43.57060623168945,377423000,0.36,0.0,Broadcom,AVGO,Semiconductors
2021-07-31 00:00:00+00:00,43.66198334452408,45.14041013104198,41.6398865148282,44.352760314941406,323364000,0.0,0.0,Broadcom,AVGO,Semiconductors
2021-08-31 00:00:00+00:00,44.68627123272623,46.40409967146489,42.27492862863507,45.431888580322266,264378000,0.0,0.0,Broadcom,AVGO,Semiconductors
2021-09-30 00:00:00+00:00,45.34599791723179,46.69264011489768,44.59313039625791,44.63454818725586,372981000,0.36,0.0,Broadcom,AVGO,Semiconductors
2021-10-31 00:00:00+00:00,44.903324567973534,49.341652214286974,43.51622781281269,48.9366569519043,341653000,0.0,0.0,Broadcom,AVGO,Semiconductors
2021-11-30 00:00:00+00:00,48.81423761787488,53.12830944691908,48.31628309379551,50.962528228759766,343703000,0.0,0.0,Broadcom,AVGO,Semiconductors
2021-12-31 00:00:00+00:00,51.86455089196039,62.78233145353784,50.071544701404605,61.63832473754883,602756000,0.41,0.0,Broadcom,AVGO,Semiconductors
2022-01-31 00:00:00+00:00,61.72262033061113,62.2663768030012,47.55731713670959,54.27128982543945,627019000,0.0,0.0,Broadcom,AVGO,Semiconductors
2022-02-28 00:00:00+00:00,54.27036441075785,56.93538572276047,50.85686673351025,54.41579818725586,451717000,0.0,0.0,Broadcom,AVGO,Semiconductors
2022-03-31 00:00:00+00:00,54.17032090330372,60.18062916885015,52.20837084093181,58.72300720214844,552952000,0.41,0.0,Broadcom,AVGO,Semiconductors
2022-04-30 00:00:00+00:00,58.910455041366646,59.37955188166072,51.609247425776886,51.70157241821289,425646000,0.0,0.0,Broadcom,AVGO,Semiconductors
2022-05-31 00:00:00+00:00,51.95803367681911,56.79441752529346,47.7893714045984,54.10204315185547,609803000,0.0,0.0,Broadcom,AVGO,Semiconductors
2022-06-30 00:00:00+00:00,54.79682250496971,55.110173219899885,45.20195134094608,45.68151473999024,468282000,0.41,0.0,Broadcom,AVGO,Semiconductors
2022-07-31 00:00:00+00:00,45.07970274191403,50.5730333188536,43.62221551803036,50.35205841064453,394534000,0.0,0.0,Broadcom,AVGO,Semiconductors
2022-08-31 00:00:00+00:00,49.97122948520357,52.71036824483589,46.69046383680133,46.932125091552734,398705000,0.0,0.0,Broadcom,AVGO,Semiconductors
2022-09-30 00:00:00+00:00,46.21372940472183,49.95524568293971,42.06599216200066,42.10107803344727,573525000,0.41,0.0,Broadcom,AVGO,Semiconductors
2022-10-31 00:00:00+00:00,42.59698643990594,46.43340540996434,39.35697376856957,44.57681655883789,481500000,0.0,0.0,Broadcom,AVGO,Semiconductors
2022-11-30 00:00:00+00:00,45.1154050317997,52.30845848100362,41.84980280391986,52.248722076416016,460743000,0.0,0.0,Broadcom,AVGO,Semiconductors
2022-12-31 00:00:00+00:00,52.2487251128375,55.531395790867215,48.93191447413851,53.45912551879883,533563000,0.46,0.0,Broadcom,AVGO,Semiconductors
2023-01-31 00:00:00+00:00,54.020364603126886,57.52642452011813,52.58523206757201,55.93354797363281,445594000,0.0,0.0,Broadcom,AVGO,Semiconductors
2023-02-28 00:00:00+00:00,55.79586135425941,58.99310976804053,54.69920528534536,56.82081604003906,376142000,0.0,0.0,Broadcom,AVGO,Semiconductors
2023-03-31 00:00:00+00:00,56.79309180336468,62.45017208806964,56.0406305066649,61.77993774414063,602645000,0.46,0.0,Broadcom,AVGO,Semiconductors
2023-04-30 00:00:00+00:00,61.5353362575247,62.03994391570164,58.09070525146115,60.33159255981445,313005000,0.0,0.0,Broadcom,AVGO,Semiconductors
2023-05-31 00:00:00+00:00,60.33159412395412,88.76689802937784,57.90388340649271,77.80607604980469,702882000,0.0,0.0,Broadcom,AVGO,Semiconductors
2023-06-30 00:00:00+00:00,77.09925581797059,85.70167274293715,74.76494801764176,83.97803497314453,737363000,0.46,0.0,Broadcom,AVGO,Semiconductors
2023-07-31 00:00:00+00:00,84.0932400736285,89.37533300805104,81.74166361937144,87.00052642822266,489146000,0.0,0.0,Broadcom,AVGO,Semiconductors
2023-08-31 00:00:00+00:00,87.03247874178771,89.42275342452402,78.61172711956306,89.34724426269531,503589000,0.0,0.0,Broadcom,AVGO,Semiconductors
2023-09-30 00:00:00+00:00,87.31224550230588,87.31224550230588,77.39384512546934,80.84844207763672,480275000,0.46,0.0,Broadcom,AVGO,Semiconductors
2023-10-31 00:00:00+00:00,80.70048350197503,90.12785118749372,78.73908410976529,81.89874267578125,462210000,0.0,0.0,Broadcom,AVGO,Semiconductors
2023-11-30 00:00:00+00:00,81.96006481327149,97.32709098587937,81.33417243210133,90.11031341552734,605942000,0.0,0.0,Broadcom,AVGO,Semiconductors
2023-12-31 00:00:00+00:00,89.79203085880727,112.5004166324934,87.90751109048199,109.15511322021484,925405000,0.525,0.0,Broadcom,AVGO,Semiconductors
2024-01-31 00:00:00+00:00,106.79549623531491,125.61271833705916,101.84647716701178,115.38904571533205,582842000,0.0,0.0,Broadcom,AVGO,Semiconductors
2024-02-29 00:00:00+00:00,116.10778534207547,129.0421453481432,115.30202020056588,127.17144012451172,479771000,0.0,0.0,Broadcom,AVGO,Semiconductors
2024-03-31 00:00:00+00:00,129.659171346039,140.63480689043237,117.73789800638724,130.1602783203125,826483000,0.525,0.0,Broadcom,AVGO,Semiconductors
2024-04-30 00:00:00+00:00,130.18679020548504,137.87615837177802,117.60491458317765,127.6914291381836,524162000,0.0,0.0,Broadcom,AVGO,Semiconductors
2024-05-31 00:00:00+00:00,125.53684369988645,141.94374964731713,120.13367247805913,130.46864318847656,529539000,0.0,0.0,Broadcom,AVGO,Semiconductors
2024-06-30 00:00:00+00:00,132.84026056968796,181.83607590390048,127.91337848787911,158.16973876953125,1002833000,0.525,0.0,Broadcom,AVGO,Semiconductors
2024-07-31 00:00:00+00:00,158.4328058148295,174.46918356692655,141.2221431746687,158.2948760986328,747793200,0.0,10.0,Broadcom,AVGO,Semiconductors
2024-08-31 00:00:00+00:00,155.16209401186475,169.86059584927594,126.59255640022316,160.40313720703125,529951400,0.0,0.0,Broadcom,AVGO,Semiconductors
2024-09-30 00:00:00+00:00,157.99933384103116,178.15842278062112,132.8975531552517,170.4983673095703,693183600,0.53,0.0,Broadcom,AVGO,Semiconductors
2024-10-31 00:00:00+00:00,170.16231456579885,184.256829554681,163.87611334904375,167.80003356933594,440173000,0.0,0.0,Broadcom,AVGO,Semiconductors
2024-11-30 00:00:00+00:00,166.30755472974462,182.90275200386452,155.7119413486448,160.1992645263672,362661900,0.0,0.0,Broadcom,AVGO,Semiconductors
2024-12-31 00:00:00+00:00,161.05917711902094,248.9572498163879,160.86150087162318,229.7637634277344,950991400,0.59,0.0,Broadcom,AVGO,Semiconductors
2025-01-31 00:00:00+00:00,234.0450856994073,247.35481335345065,194.47268238003892,219.28843688964844,637934500,0.0,0.0,Broadcom,AVGO,Semiconductors
2025-02-28 00:00:00+00:00,213.53046065896504,235.79923526285583,191.4202537262415,197.64401245117188,455767900,0.0,0.0,Broadcom,AVGO,Semiconductors
2025-03-31 00:00:00+00:00,202.173109284758,202.2325695444168,159.66324513451602,166.43267822265625,751937100,0.59,0.0,Broadcom,AVGO,Semiconductors
2025-04-30 00:00:00+00:00,165.3789872721329,192.2181733558548,137.27739823179985,191.32354736328125,711019700,0.0,0.0,Broadcom,AVGO,Semiconductors
2025-05-31 00:00:00+00:00,196.95975952261685,244.60427059518855,194.7728733884017,240.6280975341797,401690800,0.0,0.0,Broadcom,AVGO,Semiconductors
2025-06-30 00:00:00+00:00,241.8010773087622,276.7055620373892,239.6738199557201,274.65301513671875,541203900,0.59,0.0,Broadcom,AVGO,Semiconductors
2025-07-31 00:00:00+00:00,273.4075041433443,305.8398017786324,261.7099768108234,292.6377258300781,376938200,0.0,0.0,Broadcom,AVGO,Semiconductors
2025-08-31 00:00:00+00:00,285.5036281815283,316.2021799590679,280.5914362824954,296.3143920898437,374026400,0.0,0.0,Broadcom,AVGO,Semiconductors
2025-09-30 00:00:00+00:00,288.29351151701366,372.8764850466621,286.1313770004628,329.27996826171875,633889800,0.59,0.0,Broadcom,AVGO,Semiconductors
2025-10-31 00:00:00+00:00,327.52331274107087,385.7419345341468,323.4311308853702,368.9241027832031,485635900,0.0,0.0,Broadcom,AVGO,Semiconductors
2025-11-30 00:00:00+00:00,371.289569949187,402.2303923458253,328.4315663420069,402.1904602050781,426651900,0.0,0.0,Broadcom,AVGO,Semiconductors
2025-12-31 00:00:00+00:00,394.09595313396335,413.81818763503134,320.8061786438953,346.1000061035156,883384200,0.65,0.0,Broadcom,AVGO,Semiconductors
2026-01-31 00:00:00+00:00,352.7799987792969,360.6600036621094,330.5,332.4800109863281,128263400,0.0,0.0,Broadcom,AVGO,Semiconductors
2016-01-31 00:00:00+00:00,49.83382978012404,49.85731249105641,44.66466791520556,49.32450485229492,135304000,0.77,0.0,Caterpillar,CAT,Industrials
2016-02-29 00:00:00+00:00,49.110536071460345,54.3488678131668,47.390829073036215,53.65147399902344,128153700,0.0,0.0,Caterpillar,CAT,Industrials
2016-03-31 00:00:00+00:00,54.23793506334477,61.219759874511375,53.366192551897,60.6570930480957,142001200,0.0,0.0,Caterpillar,CAT,Industrials
2016-04-30 00:00:00+00:00,59.95178397040723,64.10441239172994,58.40641386975624,62.19278717041016,121780600,0.77,0.0,Caterpillar,CAT,Industrials
2016-05-31 00:00:00+00:00,61.89670280735451,62.47285927093484,55.24691435079762,58.0236701965332,112144400,0.0,0.0,Caterpillar,CAT,Industrials
2016-06-30 00:00:00+00:00,57.59955434979589,62.9769766537266,56.43922160355336,60.66438293457031,106062600,0.0,0.0,Caterpillar,CAT,Industrials
2016-07-31 00:00:00+00:00,60.32027523268485,68.09997220066086,58.78384825145685,66.86387634277344,103865800,0.77,0.0,Caterpillar,CAT,Industrials
2016-08-31 00:00:00+00:00,66.86383467056146,68.45548091726414,65.3772751554175,66.20941162109375,74539900,0.0,0.0,Caterpillar,CAT,Industrials
2016-09-30 00:00:00+00:00,65.91855938042605,71.88916735057158,64.5774214552099,71.71949768066406,99198200,0.0,0.0,Caterpillar,CAT,Industrials
2016-10-31 00:00:00+00:00,71.28321585227008,72.60821407389301,67.41334790167355,68.02462005615234,105556900,0.77,0.0,Caterpillar,CAT,Industrials
2016-11-30 00:00:00+00:00,68.03276512261152,78.60405816503555,65.47347944091366,77.88679504394531,121009500,0.0,0.0,Caterpillar,CAT,Industrials
2016-12-31 00:00:00+00:00,78.2454282096869,79.386533297399,74.17014265922792,75.58834075927734,88839100,0.0,0.0,Caterpillar,CAT,Industrials
2017-01-31 00:00:00+00:00,76.61533004254976,81.7381696341282,75.14820934599486,78.61524963378906,94104300,0.77,0.0,Caterpillar,CAT,Industrials
2017-02-28 00:00:00+00:00,78.73854030196983,81.52450664622913,75.69778187112878,79.43706512451172,85107800,0.0,0.0,Caterpillar,CAT,Industrials
2017-03-31 00:00:00+00:00,80.70267344520421,81.33547797965424,74.2431707034043,76.23196411132812,142419000,0.0,0.0,Caterpillar,CAT,Industrials
2017-04-30 00:00:00+00:00,75.96076351606128,87.81989416963498,74.78556158323958,84.73731994628906,111612100,0.77,0.0,Caterpillar,CAT,Industrials
2017-05-31 00:00:00+00:00,85.06050219849052,87.7867348281,80.9918457156231,87.36415100097656,103921000,0.0,0.0,Caterpillar,CAT,Industrials
2017-06-30 00:00:00+00:00,87.64584303361042,89.64290555109937,84.77045516861399,89.04627990722656,105087500,0.0,0.0,Caterpillar,CAT,Industrials
2017-07-31 00:00:00+00:00,88.25907481194832,95.89865361887662,87.71216507979516,95.10575103759766,86813400,0.78,0.0,Caterpillar,CAT,Industrials
2017-08-31 00:00:00+00:00,95.37283634082478,99.17876770921774,93.55335048314132,98.06036376953124,66522800,0.0,0.0,Caterpillar,CAT,Industrials
2017-09-30 00:00:00+00:00,98.0603398472473,104.78743191277914,97.2340707313627,104.08634185791016,64132400,0.0,0.0,Caterpillar,CAT,Industrials
2017-10-31 00:00:00+00:00,103.82760800982044,117.91419181135196,103.45202201049251,114.01844787597656,92524700,0.78,0.0,Caterpillar,CAT,Industrials
2017-11-30 00:00:00+00:00,113.90924315422043,118.66142004158888,112.34760221800026,118.51028442382812,61119100,0.0,0.0,Caterpillar,CAT,Industrials
2017-12-31 00:00:00+00:00,118.88808516633408,133.20337479551733,116.18455576759384,132.30499267578125,74722200,0.0,0.0,Caterpillar,CAT,Industrials
2018-01-31 00:00:00+00:00,132.90956527804596,146.01027165506642,130.4746689138404,137.30532836914062,134897200,0.78,0.0,Caterpillar,CAT,Industrials
2018-02-28 00:00:00+00:00,136.00633583065658,138.8404700276122,120.4943121773208,130.4307861328125,126876000,0.0,0.0,Caterpillar,CAT,Industrials
2018-03-31 00:00:00+00:00,129.6210262385235,134.4036697558486,121.15225998014776,124.31537628173828,125301400,0.0,0.0,Caterpillar,CAT,Industrials
2018-04-30 00:00:00+00:00,123.52252388362156,136.57242882748702,116.44550772124764,122.38106536865234,118197600,0.78,0.0,Caterpillar,CAT,Industrials
2018-05-31 00:00:00+00:00,121.29600269716038,136.9963408948846,117.11656383796874,128.78160095214844,91621300,0.0,0.0,Caterpillar,CAT,Industrials
2018-06-30 00:00:00+00:00,129.95999371929693,134.95322580148158,112.47936317429506,115.01416778564452,90552600,0.0,0.0,Caterpillar,CAT,Industrials
2018-07-31 00:00:00+00:00,113.42886910725404,125.12733576412616,112.92021430735166,122.65381622314452,98578900,0.86,0.0,Caterpillar,CAT,Industrials
2018-08-31 00:00:00+00:00,121.94588378322229,122.62821991108424,110.3969661535136,118.43170928955078,96097600,0.0,0.0,Caterpillar,CAT,Industrials
2018-09-30 00:00:00+00:00,117.58732146190516,134.52685438936504,116.79407366355696,130.06593322753906,80648700,0.0,0.0,Caterpillar,CAT,Industrials
2018-10-31 00:00:00+00:00,131.02121635090003,135.93425366612337,96.19043057961842,104.13905334472656,181855500,0.86,0.0,Caterpillar,CAT,Industrials
2018-11-30 00:00:00+00:00,105.22919330993344,116.71438101878924,103.81286626955406,116.45686340332033,126414800,0.0,0.0,Caterpillar,CAT,Industrials
2018-12-31 00:00:00+00:00,121.78740057623712,122.24234257946344,99.6497083056678,109.07478332519533,110482700,0.0,0.0,Caterpillar,CAT,Industrials
2019-01-31 00:00:00+00:00,106.4652833940292,118.97706086254372,103.38366200361811,115.03765106201172,119268900,0.86,0.0,Caterpillar,CAT,Industrials
2019-02-28 00:00:00+00:00,114.92533975748314,123.14973057927456,109.32724995872672,118.64881134033205,78957600,0.0,0.0,Caterpillar,CAT,Industrials
2019-03-31 00:00:00+00:00,119.96192128769702,120.74806831359793,111.64251872796446,117.05059051513672,81109400,0.0,0.0,Caterpillar,CAT,Industrials
2019-04-30 00:00:00+00:00,118.95115420266109,125.82567482441917,116.54324992569413,121.17576599121094,83893300,0.86,0.0,Caterpillar,CAT,Industrials
2019-05-31 00:00:00+00:00,121.31484809785198,121.61903985603116,103.20193801672816,104.13191986083984,107906500,0.0,0.0,Caterpillar,CAT,Industrials
2019-06-30 00:00:00+00:00,104.21882860837356,119.30712145908232,104.08845597190346,118.45535278320312,80059200,0.0,0.0,Caterpillar,CAT,Industrials
2019-07-31 00:00:00+00:00,121.07148081011432,122.21874803717184,112.5003239955076,115.32050323486328,90354900,1.03,0.0,Caterpillar,CAT,Industrials
2019-08-31 00:00:00+00:00,115.29422835653696,116.65176714893492,97.87398511650336,104.22372436523438,89144500,0.0,0.0,Caterpillar,CAT,Industrials
2019-09-30 00:00:00+00:00,103.26034169228966,117.35244821794116,101.07076704521842,110.62606048583984,79539300,0.0,0.0,Caterpillar,CAT,Industrials
2019-10-31 00:00:00+00:00,111.5806998228322,125.01876359656907,102.69103957046076,121.63800048828124,99891300,1.03,0.0,Caterpillar,CAT,Industrials
2019-11-30 00:00:00+00:00,123.02383067994728,131.05653069766345,122.90025127397168,127.75514221191406,63786700,0.0,0.0,Caterpillar,CAT,Industrials
2019-12-31 00:00:00+00:00,128.17008871480854,131.46258314726668,122.30882568317416,130.35919189453125,54988100,0.0,0.0,Caterpillar,CAT,Industrials
2020-01-31 00:00:00+00:00,131.52435739849048,132.89256649478676,116.03773414562356,116.75775909423828,64504300,1.03,0.0,Caterpillar,CAT,Industrials
2020-02-29 00:00:00+00:00,116.83774978156248,124.89125953264772,105.80643965307736,110.43763732910156,73414400,0.0,0.0,Caterpillar,CAT,Industrials
2020-03-31 00:00:00+00:00,111.15766426919204,115.16659594725296,77.77924422686971,103.14862060546876,157650200,0.0,0.0,Caterpillar,CAT,Industrials
2020-04-30 00:00:00+00:00,99.63744843099722,115.20219074083954,96.76626991960308,104.40059661865234,116563800,1.03,0.0,Caterpillar,CAT,Industrials
2020-05-31 00:00:00+00:00,102.26558591831716,111.98079544020956,89.90402462884906,107.7646026611328,84708000,0.0,0.0,Caterpillar,CAT,Industrials
2020-06-30 00:00:00+00:00,107.522397424704,125.53549518349224,105.50399768355892,113.47891235351562,84155400,0.0,0.0,Caterpillar,CAT,Industrials
2020-07-31 00:00:00+00:00,116.0624731048944,127.5060033244106,112.24098913818622,120.094970703125,66949200,1.03,0.0,Caterpillar,CAT,Industrials
2020-08-31 00:00:00+00:00,119.57074869616616,132.13334073131165,118.0975762363516,128.6175994873047,57363600,0.0,0.0,Caterpillar,CAT,Industrials
2020-09-30 00:00:00+00:00,128.0392348007641,141.21638098044988,127.35236308222272,134.79953002929688,74833100,0.0,0.0,Caterpillar,CAT,Industrials
2020-10-31 00:00:00+00:00,135.4953945759474,155.17295627618603,129.91910279970384,142.80641174316406,75741300,1.03,0.0,Caterpillar,CAT,Industrials
2020-11-30 00:00:00+00:00,144.76140104105406,162.14733541605025,141.1514434814453,157.84629821777344,67278800,0.0,0.0,Caterpillar,CAT,Industrials
2020-12-31 00:00:00+00:00,159.48308978758874,167.13940468871948,156.6551294098337,165.5117645263672,57893500,0.0,0.0,Caterpillar,CAT,Industrials
2021-01-31 00:00:00+00:00,166.4028895112848,182.0156664669036,163.9022996415797,167.14195251464844,64761800,1.03,0.0,Caterpillar,CAT,Industrials
2021-02-28 00:00:00+00:00,169.99412335222965,207.20884458282927,166.39239590089076,197.3452606201172,63031400,0.0,0.0,Caterpillar,CAT,Industrials
2021-03-31 00:00:00+00:00,200.4807891339072,217.36499585589283,190.5714695360425,211.96241760253903,81841600,0.0,0.0,Caterpillar,CAT,Industrials
2021-04-30 00:00:00+00:00,211.44139783010723,216.3594164980405,204.95911662995144,209.46783447265625,54831000,1.03,0.0,Caterpillar,CAT,Industrials
2021-05-31 00:00:00+00:00,211.203364543956,225.69376879367724,206.9334027761883,221.37782287597656,59613100,0.0,0.0,Caterpillar,CAT,Industrials
2021-06-30 00:00:00+00:00,224.068437832004,226.52940026634516,188.70563950552057,199.84429931640625,103303100,0.0,0.0,Caterpillar,CAT,Industrials
2021-07-31 00:00:00+00:00,201.24925327694123,201.82775728902556,183.9298224016449,190.8723297119141,68075000,1.11,0.0,Caterpillar,CAT,Industrials
2021-08-31 00:00:00+00:00,192.02632877379463,206.5760058321023,187.60419901950755,194.67588806152344,72473000,0.0,0.0,Caterpillar,CAT,Industrials
2021-09-30 00:00:00+00:00,194.6759064677492,196.5961833967538,172.62059313535588,177.22735595703125,77956500,0.0,0.0,Caterpillar,CAT,Industrials
2021-10-31 00:00:00+00:00,178.085939672431,194.711127820578,173.30374442912913,189.38267517089844,72026300,1.11,0.0,Caterpillar,CAT,Industrials
2021-11-30 00:00:00+00:00,189.6426058621769,200.9493027008361,177.81608515417383,179.48703002929688,71055500,0.0,0.0,Caterpillar,CAT,Industrials
2021-12-31 00:00:00+00:00,183.4137261034245,193.93133815706577,177.63969234654405,191.9169464111328,57745000,0.0,0.0,Caterpillar,CAT,Industrials
2022-01-31 00:00:00+00:00,192.4646509709748,214.3679508173224,181.5985155484469,188.01622009277344,89950100,1.11,0.0,Caterpillar,CAT,Industrials
2022-02-28 00:00:00+00:00,187.3073077307417,192.85750628776,167.59712901342928,174.97561645507812,67658500,0.0,0.0,Caterpillar,CAT,Industrials
2022-03-31 00:00:00+00:00,175.15284473070523,211.79343786731735,168.50193878325524,207.84767150878903,93122200,0.0,0.0,Caterpillar,CAT,Industrials
2022-04-30 00:00:00+00:00,209.27485891164736,221.91437512272157,189.3303161479703,197.33465576171875,67152000,1.11,0.0,Caterpillar,CAT,Industrials
2022-05-31 00:00:00+00:00,196.82853343809492,209.28493739045075,181.8695639805047,202.3116149902344,61623500,0.0,0.0,Caterpillar,CAT,Industrials
2022-06-30 00:00:00+00:00,204.75792937646423,217.77672136665785,164.9798245952185,167.5479278564453,71106800,0.0,0.0,Caterpillar,CAT,Industrials
2022-07-31 00:00:00+00:00,168.06341951134536,188.2800517428425,156.6005555615781,187.10972595214844,54588100,1.2,0.0,Caterpillar,CAT,Industrials
2022-08-31 00:00:00+00:00,184.1178254079449,189.1105873200086,170.94231166146335,174.33059692382812,59537400,0.0,0.0,Caterpillar,CAT,Industrials
2022-09-30 00:00:00+00:00,172.0277106616717,181.8716001713607,151.57539520533598,154.8598175048828,59363000,0.0,0.0,Caterpillar,CAT,Industrials
2022-10-31 00:00:00+00:00,158.0215784731691,208.5518032905947,156.7191347760768,205.6634521484375,69677900,1.2,0.0,Caterpillar,CAT,Industrials
2022-11-30 00:00:00+00:00,207.72518981811623,227.8868029334525,200.81781710044663,224.61839294433597,69076700,0.0,0.0,Caterpillar,CAT,Industrials
2022-12-31 00:00:00+00:00,225.08393535659184,232.8274320697109,214.30953683604807,227.6112365722656,60974600,0.0,0.0,Caterpillar,CAT,Industrials
2023-01-31 00:00:00+00:00,228.67537230835944,253.97597103291025,224.4188295041767,240.84945678710935,70851700,1.2,0.0,Caterpillar,CAT,Industrials
2023-02-28 00:00:00+00:00,240.33398776117164,241.24090555633344,222.45332751303928,228.68719482421875,60486800,0.0,0.0,Caterpillar,CAT,Industrials
2023-03-31 00:00:00+00:00,231.0356662982076,244.10483435354587,201.8423190446888,218.46286010742188,76608800,0.0,0.0,Caterpillar,CAT,Industrials
2023-04-30 00:00:00+00:00,219.5798026141396,223.2456823957674,195.84478338453945,210.01194763183597,63100300,1.2,0.0,Caterpillar,CAT,Industrials
2023-05-31 00:00:00+00:00,210.5302472250758,213.0450253840801,197.3421450642097,197.48611450195312,64188600,0.0,0.0,Caterpillar,CAT,Industrials
2023-06-30 00:00:00+00:00,199.3385901277213,240.8130776793009,197.7644608053402,236.1674652099609,71071500,0.0,0.0,Caterpillar,CAT,Industrials
2023-07-31 00:00:00+00:00,236.0714949541848,256.0018422208936,229.2470414712599,255.7799530029297,50207500,1.3,0.0,Caterpillar,CAT,Industrials
2023-08-31 00:00:00+00:00,263.09154425186364,283.4733321329369,259.28135566336914,271.1747741699219,67903100,0.0,0.0,Caterpillar,CAT,Industrials
2023-09-30 00:00:00+00:00,274.7147992241461,279.1616343248961,259.6190590169369,263.33270263671875,41498000,0.0,0.0,Caterpillar,CAT,Industrials
2023-10-31 00:00:00+00:00,262.985487569418,267.0078061208517,216.951590917447,219.1719207763672,67585900,1.3,0.0,Caterpillar,CAT,Industrials
2023-11-30 00:00:00+00:00,218.2605168532868,246.52356063243863,217.10672294269293,243.0912933349609,65310300,0.0,0.0,Caterpillar,CAT,Industrials
2023-12-31 00:00:00+00:00,244.2450759912984,290.0961564318505,243.37245163606448,286.6735534667969,65939600,0.0,0.0,Caterpillar,CAT,Industrials
2024-01-31 00:00:00+00:00,284.50174351149565,297.82024548303053,268.51351905491214,292.5213317871094,55306500,1.3,0.0,Caterpillar,CAT,Industrials
2024-02-29 00:00:00+00:00,295.37536126198825,326.20454779943725,294.10908908038203,325.29864501953125,52816900,0.0,0.0,Caterpillar,CAT,Industrials
2024-03-31 00:00:00+00:00,325.3376340729518,357.6960636759996,322.93165537874046,356.9265441894531,42499000,0.0,0.0,Caterpillar,CAT,Industrials
2024-04-30 00:00:00+00:00,357.9493273338195,372.1024874143381,322.92591170128435,327.080810546875,57991800,1.3,0.0,Caterpillar,CAT,Industrials
2024-05-31 00:00:00+00:00,325.9174384376261,356.27239168037386,321.87986335232284,330.9423828125,57691200,0.0,0.0,Caterpillar,CAT,Industrials
2024-06-30 00:00:00+00:00,333.2397590210116,333.75789399335963,308.7798836412145,325.6437072753906,70962200,0.0,0.0,Caterpillar,CAT,Industrials
2024-07-31 00:00:00+00:00,327.60873521914107,360.96492893061287,314.4402500810856,339.8288269042969,58754600,1.41,0.0,Caterpillar,CAT,Industrials
2024-08-31 00:00:00+00:00,339.9269760258981,349.9000057533109,301.3993095842778,349.546630859375,54107000,0.0,0.0,Caterpillar,CAT,Industrials
2024-09-30 00:00:00+00:00,345.72823157392776,389.9099122300044,320.1085501325664,383.9221801757813,54721800,0.0,0.0,Caterpillar,CAT,Industrials
2024-10-31 00:00:00+00:00,384.0693791170796,396.172491298885,361.73737048611935,370.6034851074219,49806100,1.41,0.0,Caterpillar,CAT,Industrials
2024-11-30 00:00:00+00:00,372.4456620831045,412.2741976155455,369.716879679874,400.0685119628906,44098000,0.0,0.0,Caterpillar,CAT,Industrials
2024-12-31 00:00:00+00:00,401.3984383223478,403.6149575348345,351.9255296751189,357.36346435546875,38216800,0.0,0.0,Caterpillar,CAT,Industrials
2025-01-31 00:00:00+00:00,360.07250663301375,404.9759664893387,344.59619059667864,367.2557373046875,46823600,1.41,0.0,Caterpillar,CAT,Industrials
2025-02-28 00:00:00+00:00,360.03799264548104,365.4958198182825,332.4423817204603,340.0754089355469,48768400,0.0,0.0,Caterpillar,CAT,Industrials
2025-03-31 00:00:00+00:00,343.7139667141073,348.4401326626274,315.0900841120861,326.0848083496094,55692200,0.0,0.0,Caterpillar,CAT,Industrials
2025-04-30 00:00:00+00:00,323.3262362476814,332.56104033315785,264.2888526321059,307.2583923339844,76918600,1.41,0.0,Caterpillar,CAT,Industrials
2025-05-31 00:00:00+00:00,309.35470209802673,353.0188099028932,308.99702787295735,345.7663269042969,53023100,0.0,0.0,Caterpillar,CAT,Industrials
2025-06-30 00:00:00+00:00,344.216472353966,386.6188554483525,337.29180579108805,385.6849670410156,49656200,0.0,0.0,Caterpillar,CAT,Industrials
2025-07-31 00:00:00+00:00,384.0754965218626,439.8861746733199,381.750720237302,436.76513671875,57521900,1.51,0.0,Caterpillar,CAT,Industrials
2025-08-31 00:00:00+00:00,425.7468098149209,438.4802171338295,404.2984018542919,417.8395385742188,68666200,0.0,0.0,Caterpillar,CAT,Industrials
2025-09-30 00:00:00+00:00,412.724209368634,483.9495613806235,409.3439066382206,475.7830505371094,57056500,0.0,0.0,Caterpillar,CAT,Industrials
2025-10-31 00:00:00+00:00,472.6520473886032,596.2100219726562,469.79027434544594,577.260009765625,73497500,1.51,0.0,Caterpillar,CAT,Industrials
2025-11-30 00:00:00+00:00,575.9299926757812,583.989990234375,537.0800170898438,575.760009765625,47993300,0.0,0.0,Caterpillar,CAT,Industrials
2025-12-31 00:00:00+00:00,570.4099731445312,627.5,557.4600219726562,572.8699951171875,53863200,0.0,0.0,Caterpillar,CAT,Industrials
2026-01-31 00:00:00+00:00,577.5900268554688,626.77001953125,575.3099975585938,608.1300048828125,14300500,0.0,0.0,Caterpillar,CAT,Industrials
2016-01-31 00:00:00+00:00,54.0119021552847,56.52834379940965,49.10944756079662,56.371883392333984,219045400,0.0,0.0,Chevron,CVX,Energy
2016-02-29 00:00:00+00:00,55.51133874990118,59.31172304091779,52.0561510225916,55.08648681640625,234915000,1.07,0.0,Chevron,CVX,Energy
2016-03-31 00:00:00+00:00,55.535419972402494,64.63948303705305,55.04027537397945,62.98239517211914,214769100,0.0,0.0,Chevron,CVX,Energy
2016-04-30 00:00:00+00:00,61.85344961564663,68.83171906789458,61.02162790405642,67.45851135253906,155690100,0.0,0.0,Chevron,CVX,Energy
2016-05-31 00:00:00+00:00,67.2274310695216,68.56101825051482,65.41191578851986,67.38436126708984,130875500,1.07,0.0,Chevron,CVX,Energy
2016-06-30 00:00:00+00:00,66.87731720425813,70.05303895598037,65.89655599605996,69.93962097167969,152096700,0.0,0.0,Chevron,CVX,Energy
2016-07-31 00:00:00+00:00,69.90627842405398,71.77436283005638,66.6171001263188,68.37176513671875,134262500,0.0,0.0,Chevron,CVX,Energy
2016-08-31 00:00:00+00:00,67.60451224449024,69.84729037049483,65.3227903477656,67.81120300292969,132677100,1.07,0.0,Chevron,CVX,Energy
2016-09-30 00:00:00+00:00,67.65614778669885,70.35294711811378,65.75489680555557,69.38883972167969,151268200,0.0,0.0,Chevron,CVX,Energy
2016-10-31 00:00:00+00:00,69.13938473260063,71.10129448030142,67.15725372276262,70.62261199951172,138659500,0.0,0.0,Chevron,CVX,Energy
2016-11-30 00:00:00+00:00,71.1350098531475,76.93386593147284,70.28551069092532,75.96691131591797,169962900,1.08,0.0,Chevron,CVX,Energy
2016-12-31 00:00:00+00:00,76.80447531615076,81.03318116818832,76.40950960815292,80.1479263305664,134506600,0.0,0.0,Chevron,CVX,Energy
2017-01-31 00:00:00+00:00,80.61099482903566,81.03318641003158,75.39492135746966,75.82389831542969,123832300,0.0,0.0,Chevron,CVX,Energy
2017-02-28 00:00:00+00:00,75.72178235892648,77.84900793480392,75.11975172947038,77.34026336669922,123281600,1.08,0.0,Chevron,CVX,Energy
2017-03-31 00:00:00+00:00,77.6290088754786,78.6395892833723,72.74796625790627,73.81356048583984,164742200,0.0,0.0,Chevron,CVX,Energy
2017-04-30 00:00:00+00:00,73.71044326904601,76.08219922391464,71.37993373539707,73.35296630859375,101522600,0.0,0.0,Chevron,CVX,Energy
2017-05-31 00:00:00+00:00,73.0504765626383,74.36996646041149,71.57822873050002,71.86296081542969,118545200,1.08,0.0,Chevron,CVX,Energy
2017-06-30 00:00:00+00:00,72.00881400642675,75.34220806693544,71.21712942685193,72.45325469970703,126624600,0.0,0.0,Chevron,CVX,Energy
2017-07-31 00:00:00+00:00,72.39076153197806,76.39085137864323,71.2171174802567,75.82833862304688,105290000,0.0,0.0,Chevron,CVX,Energy
2017-08-31 00:00:00+00:00,76.07139394589859,77.39088317288017,73.86161510629664,75.48898315429688,109283200,1.08,0.0,Chevron,CVX,Energy
2017-09-30 00:00:00+00:00,75.53103325552723,83.00137072677053,75.41178978119963,82.419189453125,109354600,0.0,0.0,Chevron,CVX,Energy
2017-10-31 00:00:00+00:00,81.6616233173203,84.79705754187438,78.96109712455286,81.28987884521484,113304800,0.0,0.0,Chevron,CVX,Energy
2017-11-30 00:00:00+00:00,81.57745199414202,84.35894246286989,80.46218472517248,84.24565887451172,101837000,1.08,0.0,Chevron,CVX,Energy
2017-12-31 00:00:00+00:00,84.82622155717763,89.35038221375352,83.91289290598581,88.63531494140625,105261400,0.0,0.0,Chevron,CVX,Energy
2018-01-31 00:00:00+00:00,89.00347224460674,94.78786895223458,87.82817606338651,88.74858093261719,130293100,0.0,0.0,Chevron,CVX,Energy
2018-02-28 00:00:00+00:00,88.92558197413706,88.94682129690695,76.47881672011472,80.02887725830078,170301700,1.12,0.0,Chevron,CVX,Energy
2018-03-31 00:00:00+00:00,79.7499906458648,84.62664435843008,78.53439755042545,81.5447769165039,144392700,0.0,0.0,Chevron,CVX,Energy
2018-04-30 00:00:00+00:00,81.43753881800421,91.45542029066974,79.04210785621173,89.46041870117188,143076700,0.0,0.0,Chevron,CVX,Energy
2018-05-31 00:00:00+00:00,88.68816573096296,94.04891626007256,86.59798832880891,89.65628051757812,147855000,1.12,0.0,Chevron,CVX,Energy
2018-06-30 00:00:00+00:00,90.51463298281972,92.5991470317429,87.67273534080186,91.19263458251952,136009000,0.0,0.0,Chevron,CVX,Energy
2018-07-31 00:00:00+00:00,90.3631590262254,92.7217849841703,86.31671857132658,91.07723999023438,105554900,0.0,0.0,Chevron,CVX,Energy
2018-08-31 00:00:00+00:00,90.38477751899352,90.8247645154604,84.7010114227931,86.26314544677734,113551900,1.12,0.0,Chevron,CVX,Energy
2018-09-30 00:00:00+00:00,86.60538178661763,90.4721576310168,82.57112825257501,89.04484558105469,112659000,0.0,0.0,Chevron,CVX,Energy
2018-10-31 00:00:00+00:00,89.64929672036695,92.91891648310929,78.31112970851764,81.30406188964844,152330900,0.0,0.0,Chevron,CVX,Energy
2018-11-30 00:00:00+00:00,81.39144292050308,88.74633688587718,80.17534231454955,87.45915985107422,151564000,1.12,0.0,Chevron,CVX,Energy
2018-12-31 00:00:00+00:00,88.80477797862527,90.02541440120474,73.69392485459028,79.99563598632812,169674800,0.0,0.0,Chevron,CVX,Energy
2019-01-31 00:00:00+00:00,78.92942163493863,84.86345711759373,78.75294601329504,84.30461120605469,139155300,0.0,0.0,Chevron,CVX,Energy
2019-02-28 00:00:00+00:00,85.77526217755968,90.08370292049268,85.23847753999284,88.81367492675781,113779300,1.19,0.0,Chevron,CVX,Energy
2019-03-31 00:00:00+00:00,89.41524392676534,94.26516847081376,88.5314333160683,91.4874267578125,126230200,0.0,0.0,Chevron,CVX,Energy
2019-04-30 00:00:00+00:00,91.99989843672869,94.57710952657568,85.89477085099158,89.17015838623047,221265300,0.0,0.0,Chevron,CVX,Energy
2019-05-31 00:00:00+00:00,88.97708080874243,91.45752431373816,85.29235380142389,85.38985443115234,174977300,1.19,0.0,Chevron,CVX,Energy
2019-06-30 00:00:00+00:00,86.02736858382751,94.65260458783332,85.854867034114,93.33258819580078,112770200,0.0,0.0,Chevron,CVX,Energy
2019-07-31 00:00:00+00:00,94.02258993449172,95.25261264106229,91.75003419426096,92.33505249023438,99523800,0.0,0.0,Chevron,CVX,Energy
2019-08-31 00:00:00+00:00,91.5024996472495,92.9200436140994,86.59738325226913,89.2000732421875,132460500,1.19,0.0,Chevron,CVX,Energy
2019-09-30 00:00:00+00:00,87.72249870751739,94.92093874916635,86.79807191871211,89.86688232421875,122911200,0.0,0.0,Chevron,CVX,Energy
2019-10-31 00:00:00+00:00,90.37455632957816,90.55640936847284,83.66863596494925,88.00286102294922,110432200,0.0,0.0,Chevron,CVX,Energy
2019-11-30 00:00:00+00:00,87.5103410239162,93.15542816799956,86.39647566320292,89.62753295898438,119652400,1.19,0.0,Chevron,CVX,Energy
2019-12-31 00:00:00+00:00,90.27794027941373,92.910206588453,88.53327588707982,92.21389770507812,119639200,0.0,0.0,Chevron,CVX,Energy
2020-01-31 00:00:00+00:00,92.44345292876449,93.90499057314528,81.41698627639302,81.98323059082031,154388100,0.0,0.0,Chevron,CVX,Energy
2020-02-29 00:00:00+00:00,81.83782253143308,86.16118210218318,69.7578145274551,72.25828552246094,158458200,1.29,0.0,Chevron,CVX,Energy
2020-03-31 00:00:00+00:00,72.78469745759521,76.65541986979305,39.94565753502269,56.09422302246094,475985200,0.0,0.0,Chevron,CVX,Energy
2020-04-30 00:00:00+00:00,53.81051803001176,74.11621606728421,52.33964961937671,71.22093200683594,302922300,0.0,0.0,Chevron,CVX,Energy
2020-05-31 00:00:00+00:00,70.84159870929447,74.37952227014306,66.59156581833136,72.03085327148438,206892500,1.29,0.0,Chevron,CVX,Energy
2020-06-30 00:00:00+00:00,71.43389293111113,81.37052207437313,67.69485437276923,70.09066772460938,206216100,0.0,0.0,Chevron,CVX,Energy
2020-07-31 00:00:00+00:00,70.12994800464504,72.8478086247342,64.02657688254439,65.93535614013672,181475800,0.0,0.0,Chevron,CVX,Energy
2020-08-31 00:00:00+00:00,65.966771092991,73.0598979397119,65.82537982776644,66.87796020507812,173478400,1.29,0.0,Chevron,CVX,Energy
2020-09-30 00:00:00+00:00,66.34405216861718,67.32416495610892,56.17652080497547,57.37175369262695,256426900,0.0,0.0,Chevron,CVX,Energy
2020-10-31 00:00:00+00:00,56.98131411357577,60.63079154469242,51.92144991031217,55.379676818847656,251160800,0.0,0.0,Chevron,CVX,Energy
2020-11-30 00:00:00+00:00,56.33586883928939,77.47571146395406,55.29999366577914,70.48979949951172,241627400,1.29,0.0,Chevron,CVX,Energy
2020-12-31 00:00:00+00:00,72.18777138500619,76.45694252003855,67.53859137236246,68.28245544433594,224789100,0.0,0.0,Chevron,CVX,Energy
2021-01-31 00:00:00+00:00,68.84844186421435,77.87999475806848,67.82966109767868,68.88887023925781,197547100,0.0,0.0,Chevron,CVX,Energy
2021-02-28 00:00:00+00:00,69.52762793094439,86.06552038613432,68.37948155571753,81.9984130859375,203334500,1.29,0.0,Chevron,CVX,Energy
2021-03-31 00:00:00+00:00,84.01557256181783,92.41220599947192,82.56419101157572,85.9261245727539,304177300,0.0,0.0,Chevron,CVX,Energy
2021-04-30 00:00:00+00:00,86.31153501107372,88.27129917676494,82.1132069308916,84.51576232910156,175170000,0.0,0.0,Chevron,CVX,Energy
2021-05-31 00:00:00+00:00,85.26194172210191,92.74840968154317,84.63727746443014,86.14791870117188,209434500,1.34,0.0,Chevron,CVX,Energy
2021-06-30 00:00:00+00:00,87.4012543188498,91.72565594066404,79.9393528654107,86.93643951416016,224064300,0.0,0.0,Chevron,CVX,Energy
2021-07-31 00:00:00+00:00,88.77078448561221,88.8952889597241,78.45362420926348,84.50447845458984,205695700,0.0,0.0,Chevron,CVX,Energy
2021-08-31 00:00:00+00:00,84.72857778527262,86.30561955829297,78.11493781589829,81.40406036376953,213430100,1.34,0.0,Chevron,CVX,Energy
2021-09-30 00:00:00+00:00,81.47978510480004,88.23470778918569,78.49346682625107,85.34095764160156,250488400,0.0,0.0,Chevron,CVX,Energy
2021-10-31 00:00:00+00:00,85.98867621357546,96.98332827976128,85.7026608476483,96.31035614013672,211811800,0.0,0.0,Chevron,CVX,Energy
2021-11-30 00:00:00+00:00,96.76460007429957,100.41026311417308,94.19048473627991,96.0449676513672,225299300,1.34,0.0,Chevron,CVX,Energy
2021-12-31 00:00:00+00:00,97.81491725265415,101.55050757446162,94.2239601707227,99.8571548461914,221103300,0.0,0.0,Chevron,CVX,Energy
2022-01-31 00:00:00+00:00,99.9167144808359,116.57801387302054,99.8060953473356,111.7532196044922,300811900,0.0,0.0,Chevron,CVX,Energy
2022-02-28 00:00:00+00:00,111.32774077125003,123.82103729248048,111.05543555121702,123.82103729248048,282878000,1.42,0.0,Chevron,CVX,Energy
2022-03-31 00:00:00+00:00,124.68950110973596,150.27059129656115,124.42294402822068,140.0123748779297,527470800,0.0,0.0,Chevron,CVX,Energy
2022-04-30 00:00:00+00:00,139.9693529261989,150.08140057678764,130.1496870990937,134.71559143066406,200222700,0.0,0.0,Chevron,CVX,Energy
2022-05-31 00:00:00+00:00,134.40603362433086,156.88185847127073,133.408583085984,151.4201202392578,235066100,1.42,0.0,Chevron,CVX,Energy
2022-06-30 00:00:00+00:00,153.2146738788281,158.13025821144888,121.5019419077068,125.51589965820312,251787200,0.0,0.0,Chevron,CVX,Energy
2022-07-31 00:00:00+00:00,127.09373614825913,142.75072168138794,114.90451560081108,141.98780822753906,174434600,0.0,0.0,Chevron,CVX,Energy
2022-08-31 00:00:00+00:00,139.7337580976207,145.94614573200528,129.1917520797515,138.27395629882812,185488300,1.42,0.0,Chevron,CVX,Energy
2022-09-30 00:00:00+00:00,136.89172930437803,143.93407062212148,122.87713818633524,125.68528747558594,224045100,0.0,0.0,Chevron,CVX,Energy
2022-10-31 00:00:00+00:00,130.32187661578794,160.82679291105168,129.7357490868183,158.25482177734375,177673800,0.0,0.0,Chevron,CVX,Energy
2022-11-30 00:00:00+00:00,160.85303834115567,165.93574659770445,155.00055017966784,161.6036376953125,161679400,1.42,0.0,Chevron,CVX,Energy
2022-12-31 00:00:00+00:00,162.44113584142488,162.69680347870508,147.3131212920442,158.2359619140625,159616000,0.0,0.0,Chevron,CVX,Energy
2023-01-31 00:00:00+00:00,156.9576676697069,165.57078186134615,150.61909148532558,153.4136962890625,181801800,0.0,0.0,Chevron,CVX,Energy
2023-02-28 00:00:00+00:00,152.7877555510135,153.73988149357368,141.33139679120148,142.985595703125,165049000,1.51,0.0,Chevron,CVX,Energy
2023-03-31 00:00:00+00:00,143.119019752539,148.3485827707502,133.3269672167327,145.1112823486328,205951500,0.0,0.0,Chevron,CVX,Energy
2023-04-30 00:00:00+00:00,151.0167296513361,153.75601441892712,145.90278112076828,149.93167114257812,130963400,0.0,0.0,Chevron,CVX,Energy
2023-05-31 00:00:00+00:00,149.15793892174167,150.0650968307011,135.03670435784304,135.27020263671875,164365100,1.51,0.0,Chevron,CVX,Energy
2023-06-30 00:00:00+00:00,135.88090199844925,144.3858323420129,134.4798850050485,141.3143310546875,180574500,0.0,0.0,Chevron,CVX,Energy
2023-07-31 00:00:00+00:00,141.16167386312108,147.32252627292698,136.17729975195203,146.98129272460938,137343100,0.0,0.0,Chevron,CVX,Energy
2023-08-31 00:00:00+00:00,146.9633086139957,147.51116411175204,140.29950428578405,146.0726318359375,165270900,1.51,0.0,Chevron,CVX,Energy
2023-09-30 00:00:00+00:00,147.468992556909,155.68387403520222,147.468992556909,152.89117431640625,153209100,0.0,0.0,Chevron,CVX,Energy
2023-10-31 00:00:00+00:00,152.63728724472332,154.29658423589672,130.5314656818842,132.13632202148438,225457300,0.0,0.0,Chevron,CVX,Energy
2023-11-30 00:00:00+00:00,132.3629853375652,135.40054758754874,128.50946176956643,131.5699005126953,229113600,1.51,0.0,Chevron,CVX,Energy
2023-12-31 00:00:00+00:00,131.4691182129177,140.2374013864781,129.17854421335926,136.66412353515625,222841200,0.0,0.0,Chevron,CVX,Energy
2024-01-31 00:00:00+00:00,137.4245895948724,141.41932439757164,127.92331985479208,135.0790252685547,196854100,0.0,0.0,Chevron,CVX,Energy
2024-02-29 00:00:00+00:00,135.77537381351596,145.0742469550243,134.24527986709006,140.7950897216797,163943600,1.63,0.0,Chevron,CVX,Energy
2024-03-31 00:00:00+00:00,141.75837028693178,146.51915329456213,136.77524563108355,146.10235595703125,175205000,0.0,0.0,Chevron,CVX,Energy
2024-04-30 00:00:00+00:00,146.59325256759985,154.78106151672017,143.95350906554393,149.37191772460938,166206000,0.0,0.0,Chevron,CVX,Energy
2024-05-31 00:00:00+00:00,148.91807088609815,154.59580202858828,145.45397411919433,151.84390258789062,150134200,1.63,0.0,Chevron,CVX,Energy
2024-06-30 00:00:00+00:00,151.08608760184768,151.26383494929786,142.14198174961686,146.34271240234375,150414900,0.0,0.0,Chevron,CVX,Energy
2024-07-31 00:00:00+00:00,147.03504703782937,153.696333247842,142.48813834784133,150.1317901611328,131087700,0.0,0.0,Chevron,CVX,Energy
2024-08-31 00:00:00+00:00,148.48518673236245,149.22428506042328,130.69053572408853,139.96755981445312,167717600,1.63,0.0,Chevron,CVX,Energy
2024-09-30 00:00:00+00:00,137.69706807016905,141.055522558722,128.06630165377865,139.3242645263672,170337900,0.0,0.0,Chevron,CVX,Energy
2024-10-31 00:00:00+00:00,138.45389175568278,144.50858241281122,137.60244136301785,140.79063415527344,141443600,0.0,0.0,Chevron,CVX,Energy
2024-11-30 00:00:00+00:00,144.25314674283425,157.38414222936035,143.51523172760696,154.7559814453125,154450700,1.63,0.0,Chevron,CVX,Energy
2024-12-31 00:00:00+00:00,155.10003300187998,155.96975098175287,134.32321060442143,138.4231414794922,198418400,0.0,0.0,Chevron,CVX,Energy
2025-01-31 00:00:00+00:00,139.03477896089814,154.60308771177372,139.03477896089814,142.58041381835938,160866100,0.0,0.0,Chevron,CVX,Energy
2025-02-28 00:00:00+00:00,142.39883669866578,153.63159953836896,141.25200334650714,153.27406311035156,124726600,1.71,0.0,Chevron,CVX,Energy
2025-03-31 00:00:00+00:00,154.08575838639288,163.26556890618446,142.7607548999746,161.65184020996094,198727100,0.0,0.0,Chevron,CVX,Energy
2025-04-30 00:00:00+00:00,161.6518505010315,162.91771220590823,127.58986578544804,131.47439575195312,241613400,0.0,0.0,Chevron,CVX,Energy
2025-05-31 00:00:00+00:00,130.85596222367602,138.86657240767366,130.0829198026015,133.70175170898438,178828000,1.71,0.0,Chevron,CVX,Energy
2025-06-30 00:00:00+00:00,135.45250973257407,148.81289953609868,133.4376790940588,140.04942321777344,194422500,0.0,0.0,Chevron,CVX,Energy
2025-07-31 00:00:00+00:00,140.1961124889853,153.76192102818945,139.38431513273096,148.3140869140625,267343800,0.0,0.0,Chevron,CVX,Energy
2025-08-31 00:00:00+00:00,149.1943261717566,159.32063404641053,146.53400587066096,158.82615661621094,168114600,1.71,0.0,Chevron,CVX,Energy
2025-09-30 00:00:00+00:00,158.70747688086328,160.07223946103116,151.1914323302131,153.57479858398438,163257900,0.0,0.0,Chevron,CVX,Energy
2025-10-31 00:00:00+00:00,153.11988887131238,157.42183199606825,147.24550223550847,155.97796630859375,152938700,0.0,0.0,Chevron,CVX,Energy
2025-11-30 00:00:00+00:00,155.67139609815845,156.2449837489754,147.74000549316406,151.1300048828125,161665100,1.71,0.0,Chevron,CVX,Energy
2025-12-31 00:00:00+00:00,151.75,153.9499969482422,146.49000549316406,152.41000366210938,180506000,0.0,0.0,Chevron,CVX,Energy
2026-01-31 00:00:00+00:00,152.1699981689453,165.75,151.25,159.25,88965800,0.0,0.0,Chevron,CVX,Energy
2016-01-31 00:00:00+00:00,30.365856170654297,31.59276729265229,29.759717014554205,31.344465255737305,234600200,0.0,0.0,Coca-Cola,KO,Consumer Staples
2016-02-29 00:00:00+00:00,31.110760678920958,32.264652109715364,30.59957189160489,31.49783706665039,304133400,0.0,0.0,Coca-Cola,KO,Consumer Staples
2016-03-31 00:00:00+00:00,31.68040814676726,34.503445785905434,31.52704306161521,34.14280700683594,347238100,0.35,0.0,Coca-Cola,KO,Consumer Staples
2016-04-30 00:00:00+00:00,33.95881725860332,34.687445747166066,31.55211188339419,32.97256851196289,317337800,0.0,0.0,Coca-Cola,KO,Consumer Staples
2016-05-31 00:00:00+00:00,32.80330268669819,33.78216745981452,32.33962334010421,32.825374603271484,230295800,0.0,0.0,Coca-Cola,KO,Consumer Staples
2016-06-30 00:00:00+00:00,32.825362773045434,33.870661931820806,32.1278140409515,33.618499755859375,265492600,0.35,0.0,Coca-Cola,KO,Consumer Staples
2016-07-31 00:00:00+00:00,33.61850731214795,34.07090019771666,31.96465497867552,32.35770797729492,235959400,0.0,0.0,Coca-Cola,KO,Consumer Staples
2016-08-31 00:00:00+00:00,32.40221591583675,32.876859625514165,31.94981616027197,32.20938873291016,235118300,0.0,0.0,Coca-Cola,KO,Consumer Staples
2016-09-30 00:00:00+00:00,32.0462297091965,32.50605069811196,31.291162944911928,31.64260673522949,251007200,0.35,0.0,Coca-Cola,KO,Consumer Staples
2016-10-31 00:00:00+00:00,31.63510622323627,32.17344944242064,30.954708003366385,31.702402114868164,264839100,0.0,0.0,Coca-Cola,KO,Consumer Staples
2016-11-30 00:00:00+00:00,31.702407071972512,32.136067046562715,30.378971588533123,30.424680709838867,316557000,0.35,0.0,Coca-Cola,KO,Consumer Staples
2016-12-31 00:00:00+00:00,30.39452655483593,31.834698888144757,30.07029794533475,31.26163482666016,283871000,0.0,0.0,Coca-Cola,KO,Consumer Staples
2017-01-31 00:00:00+00:00,31.291798268401195,31.857319744907965,30.68104858944825,31.34459686279297,240343500,0.0,0.0,Coca-Cola,KO,Consumer Staples
2017-02-28 00:00:00+00:00,31.30688458333404,31.78192609015605,30.32666155524166,31.63866233825684,333983800,0.0,0.0,Coca-Cola,KO,Consumer Staples
2017-03-31 00:00:00+00:00,31.676347560601645,32.48080808099026,31.47278238965077,32.28302764892578,339185400,0.37,0.0,Coca-Cola,KO,Consumer Staples
2017-04-30 00:00:00+00:00,32.389524314616004,33.30994338418727,32.15371415524559,32.82310485839844,232465400,0.0,0.0,Coca-Cola,KO,Consumer Staples
2017-05-31 00:00:00+00:00,32.82310723240294,34.7628301779019,32.78507118439006,34.58787536621094,250453800,0.0,0.0,Coca-Cola,KO,Consumer Staples
2017-06-30 00:00:00+00:00,34.572661714440905,35.17929063239092,34.20753142635549,34.39701461791992,241609300,0.37,0.0,Coca-Cola,KO,Consumer Staples
2017-07-31 00:00:00+00:00,34.5964241960972,35.60877971948098,33.86015865106552,35.156288146972656,195369200,0.0,0.0,Coca-Cola,KO,Consumer Staples
2017-08-31 00:00:00+00:00,35.25598474285158,35.539747230673925,34.703797826923534,34.933868408203125,208673800,0.0,0.0,Coca-Cola,KO,Consumer Staples
2017-09-30 00:00:00+00:00,35.00289345231593,36.03058748752028,34.30737734110319,34.794395446777344,197449400,0.37,0.0,Coca-Cola,KO,Consumer Staples
2017-10-31 00:00:00+00:00,34.825327948898234,36.1704046628055,34.59341736084082,35.54423904418945,192361800,0.0,0.0,Coca-Cola,KO,Consumer Staples
2017-11-30 00:00:00+00:00,35.36645431795835,36.70380477244777,34.94900958456808,35.67198944091797,217681900,0.37,0.0,Coca-Cola,KO,Consumer Staples
2017-12-31 00:00:00+00:00,35.69537412033981,36.225349445215215,35.009520652722,35.75772857666016,207945400,0.0,0.0,Coca-Cola,KO,Consumer Staples
2018-01-31 00:00:00+00:00,35.78110087690211,37.89321057833275,35.336854813624385,37.0904541015625,256417300,0.0,0.0,Coca-Cola,KO,Consumer Staples
2018-02-28 00:00:00+00:00,36.95016279236369,37.1995625151082,32.88181913194934,33.68457794189453,292809500,0.0,0.0,Coca-Cola,KO,Consumer Staples
2018-03-31 00:00:00+00:00,33.591059990501286,35.14202132171878,33.21927258572949,34.14704513549805,278776900,0.39,0.0,Coca-Cola,KO,Consumer Staples
2018-04-30 00:00:00+00:00,34.154912339932146,35.405053427275284,32.9519411788222,33.974063873291016,256838800,0.0,0.0,Coca-Cola,KO,Consumer Staples
2018-05-31 00:00:00+00:00,33.777500921270345,34.0291035539858,32.59026590327412,33.808956146240234,252954800,0.0,0.0,Coca-Cola,KO,Consumer Staples
2018-06-30 00:00:00+00:00,33.88757959829414,35.022315862769325,33.840406231367695,34.79226303100586,259306900,0.39,0.0,Coca-Cola,KO,Consumer Staples
2018-07-31 00:00:00+00:00,34.72880239557741,37.02131768418487,34.570153362025906,36.98958969116211,207676200,0.0,0.0,Coca-Cola,KO,Consumer Staples
2018-08-31 00:00:00+00:00,36.84679848792276,37.17996956897705,35.21268602902631,35.355472564697266,231152100,0.0,0.0,Coca-Cola,KO,Consumer Staples
2018-09-30 00:00:00+00:00,35.37926642052309,37.35220767568855,35.30787315852237,36.95222091674805,193542300,0.39,0.0,Coca-Cola,KO,Consumer Staples
2018-10-31 00:00:00+00:00,36.93621340484277,38.46423896401126,35.40021836751107,38.304237365722656,326355300,0.0,0.0,Coca-Cola,KO,Consumer Staples
2018-11-30 00:00:00+00:00,38.24821885519922,40.71164995424598,37.84021482334702,40.63908004760742,279957400,0.39,0.0,Coca-Cola,KO,Consumer Staples
2018-12-31 00:00:00+00:00,40.21172153564079,40.72777108275924,36.81707184561,38.17977142333984,308108600,0.0,0.0,Coca-Cola,KO,Consumer Staples
2019-01-31 00:00:00+00:00,37.84917218527287,39.332825311614485,37.36537732584776,38.808712005615234,290752700,0.0,0.0,Coca-Cola,KO,Consumer Staples
2019-02-28 00:00:00+00:00,39.09092438164125,40.26816841416936,35.817222544341426,36.55904006958008,388570200,0.0,0.0,Coca-Cola,KO,Consumer Staples
2019-03-31 00:00:00+00:00,36.66387087604935,38.16330726331705,35.97042042957032,38.11450958251953,363961200,0.4,0.0,Coca-Cola,KO,Consumer Staples
2019-04-30 00:00:00+00:00,38.22026261399895,40.0015265407449,37.44754915654062,39.90392303466797,238015200,0.0,0.0,Coca-Cola,KO,Consumer Staples
2019-05-31 00:00:00+00:00,39.81446210329717,40.58715687570655,38.285324062200246,39.96087265014648,258269900,0.0,0.0,Coca-Cola,KO,Consumer Staples
2019-06-30 00:00:00+00:00,39.98526245307559,42.7893532700719,39.87139116837791,41.740116119384766,248586800,0.4,0.0,Coca-Cola,KO,Consumer Staples
2019-07-31 00:00:00+00:00,41.86306562803882,44.937015889032985,41.62534627359474,43.1418342590332,257685900,0.0,0.0,Coca-Cola,KO,Consumer Staples
2019-08-31 00:00:00+00:00,43.26479497647676,45.363268676929366,42.133574958053245,45.11735534667969,271904100,0.0,0.0,Coca-Cola,KO,Consumer Staples
2019-09-30 00:00:00+00:00,45.06817252340035,45.83870385770345,44.141890908419946,44.9517936706543,216515600,0.4,0.0,Coca-Cola,KO,Consumer Staples
2019-10-31 00:00:00+00:00,45.02611057665354,45.736221518095945,43.61414024407761,44.94353103637695,245853900,0.0,0.0,Coca-Cola,KO,Consumer Staples
2019-11-30 00:00:00+00:00,45.1086826330254,45.19951152785922,42.59026093937668,44.42242431640625,226002600,0.4,0.0,Coca-Cola,KO,Consumer Staples
2019-12-31 00:00:00+00:00,44.35586461429431,46.12776849569396,43.96487979371329,46.044578552246094,230590700,0.0,0.0,Coca-Cola,KO,Consumer Staples
2020-01-31 00:00:00+00:00,46.01961695698384,49.147504282668805,44.99641361878497,48.581825256347656,286856700,0.0,0.0,Coca-Cola,KO,Consumer Staples
2020-02-29 00:00:00+00:00,48.872977910962966,50.02096939086914,42.90839617899125,44.49728775024414,245599100,0.0,0.0,Coca-Cola,KO,Consumer Staples
2020-03-31 00:00:00+00:00,44.863312740072864,49.08094098976506,30.436920720044903,37.133544921875,693439800,0.41,0.0,Coca-Cola,KO,Consumer Staples
2020-04-30 00:00:00+00:00,35.64819609631739,41.73222320367034,35.07755616021381,38.50979232788086,395209600,0.0,0.0,Coca-Cola,KO,Consumer Staples
2020-05-31 00:00:00+00:00,38.28320617497463,39.827298010481634,36.25241255454768,39.17274475097656,382765600,0.0,0.0,Coca-Cola,KO,Consumer Staples
2020-06-30 00:00:00+00:00,39.155962157513166,41.93363114168474,36.84426377797113,37.83501815795898,399229500,0.41,0.0,Coca-Cola,KO,Consumer Staples
2020-07-31 00:00:00+00:00,38.0467160015134,41.73031082295432,37.115241086334045,40.00283050537109,369294100,0.0,0.0,Coca-Cola,KO,Consumer Staples
2020-08-31 00:00:00+00:00,39.918144897603945,42.39928181291542,39.13908895090483,41.94200897216797,252126200,0.0,0.0,Coca-Cola,KO,Consumer Staples
2020-09-30 00:00:00+00:00,41.75570070593882,44.15214771165138,40.59980954135442,42.14492416381836,341638700,0.41,0.0,Coca-Cola,KO,Consumer Staples
2020-10-31 00:00:00+00:00,42.204679614780495,43.98881558046403,40.37786034581728,41.026634216308594,292193800,0.0,0.0,Coca-Cola,KO,Consumer Staples
2020-11-30 00:00:00+00:00,41.61565662969214,46.62660601653917,41.18029427008916,44.39394378662109,339327300,0.41,0.0,Coca-Cola,KO,Consumer Staples
2020-12-31 00:00:00+00:00,44.85853637137848,47.25891185235748,44.42836477866582,47.18148040771485,303487100,0.0,0.0,Coca-Cola,KO,Consumer Staples
2021-01-31 00:00:00+00:00,46.69108749365888,47.00081330633465,41.39133984191077,41.42575454711914,457208200,0.0,0.0,Coca-Cola,KO,Consumer Staples
2021-02-28 00:00:00+00:00,41.52900252473168,44.31652618290138,41.45157106567629,42.14845275878906,301062400,0.0,0.0,Coca-Cola,KO,Consumer Staples
2021-03-31 00:00:00+00:00,42.53559961800354,46.79343467718387,42.501188195793866,45.72639465332031,452188000,0.42,0.0,Coca-Cola,KO,Consumer Staples
2021-04-30 00:00:00+00:00,45.943274290930525,47.600213395066525,45.36204722792701,46.82812881469727,270807700,0.0,0.0,Coca-Cola,KO,Consumer Staples
2021-05-31 00:00:00+00:00,47.07971431372222,48.32892509425679,46.50715517648685,47.96457290649414,309903200,0.0,0.0,Coca-Cola,KO,Consumer Staples
2021-06-30 00:00:00+00:00,48.00794238055854,48.99690420947866,46.95372973304702,47.29461288452149,305857700,0.42,0.0,Coca-Cola,KO,Consumer Staples
2021-07-31 00:00:00+00:00,47.4956476980352,50.31006839228289,46.805156852608704,49.84682846069336,293385300,0.0,0.0,Coca-Cola,KO,Consumer Staples
2021-08-31 00:00:00+00:00,49.99541165586787,50.31006170536136,48.46583046732666,49.21751022338867,220335000,0.0,0.0,Coca-Cola,KO,Consumer Staples
2021-09-30 00:00:00+00:00,49.27870005247329,49.84682208652159,46.17207559560634,46.20730209350586,334494700,0.42,0.0,Coca-Cola,KO,Consumer Staples
2021-10-31 00:00:00+00:00,46.48028718717698,49.72987380541189,46.14565078568377,49.64180755615234,331812000,0.0,0.0,Coca-Cola,KO,Consumer Staples
2021-11-30 00:00:00+00:00,49.659417730994086,50.33751127767001,46.53899784106068,46.5478744506836,286683400,0.42,0.0,Coca-Cola,KO,Consumer Staples
2021-12-31 00:00:00+00:00,47.018229911167886,52.6714332761134,46.39699931293729,52.54718780517578,426786000,0.0,0.0,Coca-Cola,KO,Consumer Staples
2022-01-31 00:00:00+00:00,52.20107023358463,54.535122065117335,51.81058401572194,54.144630432128906,407891700,0.0,0.0,Coca-Cola,KO,Consumer Staples
2022-02-28 00:00:00+00:00,54.05588725127,55.82195654286039,52.55605785884623,55.23622512817383,396000700,0.0,0.0,Coca-Cola,KO,Consumer Staples
2022-03-31 00:00:00+00:00,55.14747726081858,56.0167565185111,51.02960410653339,55.444427490234375,426922600,0.44,0.0,Coca-Cola,KO,Consumer Staples
2022-04-30 00:00:00+00:00,55.73953452967117,60.09459953812519,55.19402927647408,57.7784538269043,319591200,0.0,0.0,Coca-Cola,KO,Consumer Staples
2022-05-31 00:00:00+00:00,58.37761390835447,59.36130743084549,53.35184296225628,56.67851257324219,459881800,0.0,0.0,Coca-Cola,KO,Consumer Staples
2022-06-30 00:00:00+00:00,56.71427842992105,57.43028389710335,52.46728424034698,56.6646728515625,353151200,0.44,0.0,Coca-Cola,KO,Consumer Staples
2022-07-31 00:00:00+00:00,56.85381077389281,58.05177428516025,54.75512596237485,57.79957962036133,275802300,0.0,0.0,Coca-Cola,KO,Consumer Staples
2022-08-31 00:00:00+00:00,57.72752140799464,58.97052262841351,55.57479170718798,55.583797454833984,223178000,0.0,0.0,Coca-Cola,KO,Consumer Staples
2022-09-30 00:00:00+00:00,55.46670560071418,56.63764750442205,50.72673732127634,50.82654571533203,317560600,0.44,0.0,Coca-Cola,KO,Consumer Staples
2022-10-31 00:00:00+00:00,51.13502799871243,55.26321248152627,49.01196266223645,54.301490783691406,325950900,0.0,0.0,Coca-Cola,KO,Consumer Staples
2022-11-30 00:00:00+00:00,54.46479800298259,58.18617210753938,52.71371379592178,58.12221145629883,269982400,0.44,0.0,Coca-Cola,KO,Consumer Staples
2022-12-31 00:00:00+00:00,58.1222146925147,59.11816741473996,56.9526465793003,58.12221145629883,245985300,0.0,0.0,Coca-Cola,KO,Consumer Staples
2023-01-31 00:00:00+00:00,58.07653184495887,58.22272282661663,54.27542017915756,56.029781341552734,260737100,0.0,0.0,Coca-Cola,KO,Consumer Staples
2023-02-28 00:00:00+00:00,55.86531086290978,56.26735328055759,53.80028393411638,54.37592697143555,265889400,0.0,0.0,Coca-Cola,KO,Consumer Staples
2023-03-31 00:00:00+00:00,54.02870833995215,57.31584056606837,53.33427348430527,57.113277435302734,335455500,0.46,0.0,Coca-Cola,KO,Consumer Staples
2023-04-30 00:00:00+00:00,57.36187323328537,59.83865135848202,56.95675050845095,59.065242767333984,213353900,0.0,0.0,Coca-Cola,KO,Consumer Staples
2023-05-31 00:00:00+00:00,59.06523440401964,59.56243284354175,54.66411128003202,54.93112564086914,295754100,0.0,0.0,Coca-Cola,KO,Consumer Staples
2023-06-30 00:00:00+00:00,55.18893332876178,57.67813060140445,55.03240984149306,55.86901473999024,319428000,0.46,0.0,Coca-Cola,KO,Consumer Staples
2023-07-31 00:00:00+00:00,55.85046510846775,58.69864853052799,54.58872753433877,57.45546722412109,256300000,0.0,0.0,Coca-Cola,KO,Consumer Staples
2023-08-31 00:00:00+00:00,57.60390898407092,58.06778183227201,55.488639124331584,55.50719451904297,204577100,0.0,0.0,Coca-Cola,KO,Consumer Staples
2023-09-30 00:00:00+00:00,55.664910207971424,55.78551850436434,52.01077222970724,52.347412109375,310386900,0.46,0.0,Coca-Cola,KO,Consumer Staples
2023-10-31 00:00:00+00:00,52.28194949217055,53.039388780291645,48.204868879769805,52.82431411743164,387937700,0.0,0.0,Coca-Cola,KO,Consumer Staples
2023-11-30 00:00:00+00:00,53.11420106553931,55.10177160838379,52.4222186858678,55.08292007446289,274963000,0.46,0.0,Coca-Cola,KO,Consumer Staples
2023-12-31 00:00:00+00:00,54.922679004708186,56.591007838325886,54.16863487327887,55.544769287109375,313528700,0.0,0.0,Coca-Cola,KO,Consumer Staples
2024-01-31 00:00:00+00:00,55.42223374970662,56.98687700282564,55.290280991500026,56.07259750366211,293893500,0.0,0.0,Coca-Cola,KO,Consumer Staples
2024-02-29 00:00:00+00:00,56.14800628967385,58.08023951738202,55.41281475982282,56.57215118408203,284352900,0.0,0.0,Coca-Cola,KO,Consumer Staples
2024-03-31 00:00:00+00:00,56.4590460965207,58.36428825290362,55.58247130675878,58.12676239013672,287620200,0.485,0.0,Coca-Cola,KO,Consumer Staples
2024-04-30 00:00:00+00:00,58.126761408298286,59.69442189241677,55.03896231386666,58.68732070922852,300586700,0.0,0.0,Coca-Cola,KO,Consumer Staples
2024-05-31 00:00:00+00:00,58.71582312962694,60.57801273380932,58.0222511159124,59.78942489624024,238746100,0.0,0.0,Coca-Cola,KO,Consumer Staples
2024-06-30 00:00:00+00:00,59.58040302434254,61.53636192728726,59.315046220354816,60.94273376464844,222049700,0.485,0.0,Coca-Cola,KO,Consumer Staples
2024-07-31 00:00:00+00:00,61.306570233333694,64.9449519969635,59.64058671097629,63.90130233764648,257584900,0.0,0.0,Coca-Cola,KO,Consumer Staples
2024-08-31 00:00:00+00:00,64.15023789094613,69.48333367630654,63.862995097837576,69.38758850097656,311241600,0.0,0.0,Coca-Cola,KO,Consumer Staples
2024-09-30 00:00:00+00:00,69.35886180529145,70.40249839591336,67.56839183548887,69.27523040771484,306268700,0.485,0.0,Coca-Cola,KO,Consumer Staples
2024-10-31 00:00:00+00:00,69.50658648094645,70.13320767688816,62.9126183285175,62.9608154296875,295543300,0.0,0.0,Coca-Cola,KO,Consumer Staples
2024-11-30 00:00:00+00:00,63.11506868244063,63.29823680395573,59.18182467746513,62.24361038208008,332043800,0.485,0.0,Coca-Cola,KO,Consumer Staples
2024-12-31 00:00:00+00:00,62.21447374384079,62.35046106525275,59.76668402953934,60.47576141357422,391133900,0.0,0.0,Coca-Cola,KO,Consumer Staples
2025-01-31 00:00:00+00:00,60.56318532605385,62.447589959042645,58.88276577044003,61.66080474853516,323455800,0.0,0.0,Coca-Cola,KO,Consumer Staples
2025-02-28 00:00:00+00:00,61.36940042970065,69.7132359589463,60.56318279555019,69.16928100585938,346114000,0.0,0.0,Coca-Cola,KO,Consumer Staples
2025-03-31 00:00:00+00:00,68.22707350272965,71.1216769980508,66.71482985325075,70.0809097290039,422860900,0.51,0.0,Coca-Cola,KO,Consumer Staples
2025-04-30 00:00:00+00:00,70.1396116782726,72.78158562020361,64.63060570050881,70.99092864990234,408239600,0.0,0.0,Coca-Cola,KO,Consumer Staples
2025-05-31 00:00:00+00:00,70.45272927165021,71.12791560942759,67.10623696369815,70.55059051513672,305519900,0.0,0.0,Coca-Cola,KO,Consumer Staples
2025-06-30 00:00:00+00:00,70.4820900130338,71.12790914350188,67.78045107918342,69.7218246459961,325005700,0.51,0.0,Coca-Cola,KO,Consumer Staples
2025-07-31 00:00:00+00:00,69.9583303371469,71.3971118742231,66.75556734612942,66.90338897705078,358545000,0.0,0.0,Coca-Cola,KO,Consumer Staples
2025-08-31 00:00:00+00:00,67.60306742742068,70.66787062610618,67.2778613555229,67.98739624023438,271339800,0.0,0.0,Coca-Cola,KO,Consumer Staples
2025-09-30 00:00:00+00:00,67.95783598206798,68.45057057687627,64.89419405095812,65.85742950439453,389551900,0.51,0.0,Coca-Cola,KO,Consumer Staples
2025-10-31 00:00:00+00:00,66.04611076217434,71.12046422985016,65.38077312815206,68.41943359375,360044100,0.0,0.0,Coca-Cola,KO,Consumer Staples
2025-11-30 00:00:00+00:00,68.32013866015963,72.71923398131365,67.18809050727384,72.61000061035156,312924500,0.0,0.0,Coca-Cola,KO,Consumer Staples
2025-12-31 00:00:00+00:00,72.5999984741211,72.91000366210938,68.79000091552734,69.91000366210938,346183600,0.51,0.0,Coca-Cola,KO,Consumer Staples
2026-01-31 00:00:00+00:00,69.8499984741211,69.87000274658203,67.2699966430664,69.37000274658203,93811900,0.0,0.0,Coca-Cola,KO,Consumer Staples
2021-04-30 00:00:00+00:00,381.0,429.5400085449219,282.07000732421875,297.6400146484375,227757100,0.0,0.0,Coinbase Global,COIN,Meme/Speculative
2021-05-31 00:00:00+00:00,304.0,306.9800109863281,208.0,236.5399932861328,164798200,0.0,0.0,Coinbase Global,COIN,Meme/Speculative
2021-06-30 00:00:00+00:00,238.50999450683597,261.1499938964844,210.7700042724609,253.3000030517578,93093900,0.0,0.0,Coinbase Global,COIN,Meme/Speculative
2021-07-31 00:00:00+00:00,251.08999633789065,256.989990234375,213.22000122070312,236.5800018310547,72977600,0.0,0.0,Coinbase Global,COIN,Meme/Speculative
2021-08-31 00:00:00+00:00,237.27999877929688,294.0,226.91000366210935,259.0,103581300,0.0,0.0,Coinbase Global,COIN,Meme/Speculative
2021-09-30 00:00:00+00:00,260.3099975585937,280.6099853515625,225.0399932861328,227.47999572753903,69765100,0.0,0.0,Coinbase Global,COIN,Meme/Speculative
2021-10-31 00:00:00+00:00,232.88999938964844,328.4800109863281,224.50999450683597,319.4200134277344,130159000,0.0,0.0,Coinbase Global,COIN,Meme/Speculative
2021-11-30 00:00:00+00:00,324.7699890136719,368.8999938964844,299.1499938964844,315.0,116521400,0.0,0.0,Coinbase Global,COIN,Meme/Speculative
2021-12-31 00:00:00+00:00,318.6000061035156,323.0,231.7700042724609,252.3699951171875,90576100,0.0,0.0,Coinbase Global,COIN,Meme/Speculative
2022-01-31 00:00:00+00:00,256.2699890136719,261.6300048828125,162.1999969482422,190.1499938964844,111894600,0.0,0.0,Coinbase Global,COIN,Meme/Speculative
2022-02-28 00:00:00+00:00,197.97000122070312,217.4900054931641,155.9199981689453,190.7700042724609,94047500,0.0,0.0,Coinbase Global,COIN,Meme/Speculative
2022-03-31 00:00:00+00:00,196.27999877929688,206.7899932861328,150.1199951171875,189.8600006103516,98756200,0.0,0.0,Coinbase Global,COIN,Meme/Speculative
2022-04-30 00:00:00+00:00,189.8600006103516,193.07000732421875,112.13999938964844,112.70999908447266,86740500,0.0,0.0,Coinbase Global,COIN,Meme/Speculative
2022-05-31 00:00:00+00:00,113.06999969482422,132.80999755859375,40.83000183105469,78.0999984741211,412007500,0.0,0.0,Coinbase Global,COIN,Meme/Speculative
2022-06-30 00:00:00+00:00,77.5,77.80000305175781,44.150001525878906,47.02000045776367,289787500,0.0,0.0,Coinbase Global,COIN,Meme/Speculative
2022-07-31 00:00:00+00:00,47.9900016784668,79.0,45.95000076293945,62.959999084472656,293279100,0.0,0.0,Coinbase Global,COIN,Meme/Speculative
2022-08-31 00:00:00+00:00,61.18999862670898,116.3000030517578,59.41999816894531,66.80000305175781,347654800,0.0,0.0,Coinbase Global,COIN,Meme/Speculative
2022-09-30 00:00:00+00:00,65.55000305175781,84.58000183105469,59.43000030517578,64.48999786376953,224746900,0.0,0.0,Coinbase Global,COIN,Meme/Speculative
2022-10-31 00:00:00+00:00,64.94999694824219,78.29000091552734,61.060001373291016,66.25,233540400,0.0,0.0,Coinbase Global,COIN,Meme/Speculative
2022-11-30 00:00:00+00:00,69.0,69.70999908447266,40.61000061035156,45.72999954223633,425867200,0.0,0.0,Coinbase Global,COIN,Meme/Speculative
2022-12-31 00:00:00+00:00,45.81999969482422,49.84999847412109,31.82999992370605,35.38999938964844,233864100,0.0,0.0,Coinbase Global,COIN,Meme/Speculative
2023-01-31 00:00:00+00:00,36.4900016784668,62.290000915527344,31.549999237060547,58.47999954223633,348999400,0.0,0.0,Coinbase Global,COIN,Meme/Speculative
2023-02-28 00:00:00+00:00,59.08000183105469,87.62999725341797,53.65999984741211,64.83000183105469,431408600,0.0,0.0,Coinbase Global,COIN,Meme/Speculative
2023-03-31 00:00:00+00:00,65.30000305175781,85.37999725341797,50.77000045776367,67.56999969482422,484798800,0.0,0.0,Coinbase Global,COIN,Meme/Speculative
2023-04-30 00:00:00+00:00,66.01000213623047,72.61000061035156,52.16999816894531,53.790000915527344,276594100,0.0,0.0,Coinbase Global,COIN,Meme/Speculative
2023-05-31 00:00:00+00:00,53.16999816894531,63.75,47.650001525878906,62.20000076293945,266457100,0.0,0.0,Coinbase Global,COIN,Meme/Speculative
2023-06-30 00:00:00+00:00,61.79999923706055,74.97000122070312,46.43000030517578,71.55000305175781,392132800,0.0,0.0,Coinbase Global,COIN,Meme/Speculative
2023-07-31 00:00:00+00:00,73.19999694824219,114.43000030517578,73.01000213623047,98.61000061035156,360249000,0.0,0.0,Coinbase Global,COIN,Meme/Speculative
2023-08-31 00:00:00+00:00,95.87999725341795,95.9499969482422,72.0999984741211,79.5999984741211,205819000,0.0,0.0,Coinbase Global,COIN,Meme/Speculative
2023-09-30 00:00:00+00:00,80.0,86.36000061035156,69.62999725341797,75.08000183105469,129129000,0.0,0.0,Coinbase Global,COIN,Meme/Speculative
2023-10-31 00:00:00+00:00,78.55000305175781,89.4000015258789,70.41000366210938,77.12000274658203,186735300,0.0,0.0,Coinbase Global,COIN,Meme/Speculative
2023-11-30 00:00:00+00:00,77.41999816894531,131.4199981689453,75.87000274658203,124.72000122070312,233904000,0.0,0.0,Coinbase Global,COIN,Meme/Speculative
2023-12-31 00:00:00+00:00,126.38999938964844,187.38999938964844,125.87999725341795,173.9199981689453,277757100,0.0,0.0,Coinbase Global,COIN,Meme/Speculative
2024-01-31 00:00:00+00:00,173.02000427246094,175.57000732421875,118.0199966430664,128.1999969482422,316378000,0.0,0.0,Coinbase Global,COIN,Meme/Speculative
2024-02-29 00:00:00+00:00,128.75,212.22000122070312,114.51000213623048,203.55999755859372,295426900,0.0,0.0,Coinbase Global,COIN,Meme/Speculative
2024-03-31 00:00:00+00:00,202.6999969482422,283.4800109863281,196.00999450683597,265.1199951171875,304245500,0.0,0.0,Coinbase Global,COIN,Meme/Speculative
2024-04-30 00:00:00+00:00,261.8699951171875,268.8099975585937,202.58999633789065,203.92999267578125,194088200,0.0,0.0,Coinbase Global,COIN,Meme/Speculative
2024-05-31 00:00:00+00:00,199.0,248.8600006103516,194.92999267578125,225.9199981689453,201671200,0.0,0.0,Coinbase Global,COIN,Meme/Speculative
2024-06-30 00:00:00+00:00,232.5,263.79998779296875,207.7100067138672,222.22999572753903,161678900,0.0,0.0,Coinbase Global,COIN,Meme/Speculative
2024-07-31 00:00:00+00:00,226.0,272.54998779296875,209.4499969482422,224.3600006103516,173301900,0.0,0.0,Coinbase Global,COIN,Meme/Speculative
2024-08-31 00:00:00+00:00,226.6000061035156,227.1000061035156,161.1300048828125,183.3600006103516,160969200,0.0,0.0,Coinbase Global,COIN,Meme/Speculative
2024-09-30 00:00:00+00:00,182.0,192.4499969482422,146.1199951171875,178.1699981689453,151921500,0.0,0.0,Coinbase Global,COIN,Meme/Speculative
2024-10-31 00:00:00+00:00,178.72000122070312,223.8999938964844,160.0,179.25,240629100,0.0,0.0,Coinbase Global,COIN,Meme/Speculative
2024-11-30 00:00:00+00:00,180.0,341.75,176.3800048828125,296.20001220703125,385944100,0.0,0.0,Coinbase Global,COIN,Meme/Speculative
2024-12-31 00:00:00+00:00,302.0299987792969,349.75,246.3699951171875,248.3000030517578,214933900,0.0,0.0,Coinbase Global,COIN,Meme/Speculative
2025-01-31 00:00:00+00:00,256.4800109863281,310.6099853515625,240.7700042724609,291.3299865722656,165181700,0.0,0.0,Coinbase Global,COIN,Meme/Speculative
2025-02-28 00:00:00+00:00,272.9800109863281,302.3999938964844,201.1000061035156,215.6199951171875,186726200,0.0,0.0,Coinbase Global,COIN,Meme/Speculative
2025-03-31 00:00:00+00:00,232.22999572753903,233.3999938964844,163.52000427246094,172.22999572753906,198947800,0.0,0.0,Coinbase Global,COIN,Meme/Speculative
2025-04-30 00:00:00+00:00,172.82000732421875,211.6199951171875,142.5800018310547,202.88999938964844,177848500,0.0,0.0,Coinbase Global,COIN,Meme/Speculative
2025-05-31 00:00:00+00:00,208.4600067138672,277.010009765625,193.33999633789065,246.6199951171875,316358600,0.0,0.0,Coinbase Global,COIN,Meme/Speculative
2025-06-30 00:00:00+00:00,247.4600067138672,382.0,235.2899932861328,350.489990234375,309157100,0.0,0.0,Coinbase Global,COIN,Meme/Speculative
2025-07-31 00:00:00+00:00,339.9800109863281,444.6499938964844,334.0,377.760009765625,290377100,0.0,0.0,Coinbase Global,COIN,Meme/Speculative
2025-08-31 00:00:00+00:00,335.1400146484375,345.3900146484375,291.4599914550781,304.5400085449219,238041900,0.0,0.0,Coinbase Global,COIN,Meme/Speculative
2025-09-30 00:00:00+00:00,299.9700012207031,351.8900146484375,292.5599975585937,337.489990234375,182103700,0.0,0.0,Coinbase Global,COIN,Meme/Speculative
2025-10-31 00:00:00+00:00,343.260009765625,402.1600036621094,310.4800109863281,343.7799987792969,224726200,0.0,0.0,Coinbase Global,COIN,Meme/Speculative
2025-11-30 00:00:00+00:00,340.8699951171875,342.79998779296875,231.1699981689453,272.82000732421875,205382900,0.0,0.0,Coinbase Global,COIN,Meme/Speculative
2025-12-31 00:00:00+00:00,260.5299987792969,284.739990234375,225.47000122070312,226.13999938964844,168922100,0.0,0.0,Coinbase Global,COIN,Meme/Speculative
2026-01-31 00:00:00+00:00,230.6000061035156,258.8800048828125,225.91000366210935,245.58999633789065,45494500,0.0,0.0,Coinbase Global,COIN,Meme/Speculative
2016-01-31 00:00:00+00:00,31.872939520223685,32.09366568842092,24.06657009687871,28.753337860107425,286781000,0.0,0.0,ConocoPhillips,COP,Energy
2016-02-29 00:00:00+00:00,28.135294005061887,28.69447617358644,23.02320439811059,25.084531784057617,365502000,0.25,0.0,ConocoPhillips,COP,Energy
2016-03-31 00:00:00+00:00,25.262486500318115,32.922057609688856,24.72120080186872,29.85970687866211,272821800,0.0,0.0,ConocoPhillips,COP,Energy
2016-04-30 00:00:00+00:00,29.207213321903023,36.59241741554713,28.31742822514666,35.435691833496094,199608600,0.0,0.0,ConocoPhillips,COP,Energy
2016-05-31 00:00:00+00:00,35.26516707771504,35.36155847235455,30.48997466755073,32.65623474121094,164380000,0.25,0.0,ConocoPhillips,COP,Energy
2016-06-30 00:00:00+00:00,32.3430190938212,36.13140099255199,30.217638673265817,32.51454162597656,187447600,0.0,0.0,ConocoPhillips,COP,Energy
2016-07-31 00:00:00+00:00,32.700979741688585,33.12605497821831,29.760773158933187,30.62351417541504,163249800,0.25,0.0,ConocoPhillips,COP,Energy
2016-08-31 00:00:00+00:00,30.315929399437945,32.776607380089594,29.10809182019633,30.796056747436523,163437300,0.0,0.0,ConocoPhillips,COP,Energy
2016-09-30 00:00:00+00:00,30.68353811337368,33.1291973076447,29.25813561723633,32.61156463623047,184749200,0.0,0.0,ConocoPhillips,COP,Energy
2016-10-31 00:00:00+00:00,32.76911804222019,34.588485779609854,30.461101240347556,32.78511428833008,174717400,0.25,0.0,ConocoPhillips,COP,Energy
2016-11-30 00:00:00+00:00,33.17748713288533,37.21430986577614,31.95510331602976,36.61067199707031,181170600,0.0,0.0,ConocoPhillips,COP,Energy
2016-12-31 00:00:00+00:00,37.83304666766262,40.11932720484139,36.014583639731576,37.83302688598633,136361100,0.0,0.0,ConocoPhillips,COP,Energy
2017-01-31 00:00:00+00:00,38.34612603779107,38.99504543514369,35.607111981906755,36.79176330566406,117670400,0.0,0.0,ConocoPhillips,COP,Energy
2017-02-28 00:00:00+00:00,36.97284737813104,38.4668504959726,35.43345042895813,36.08583450317383,148912500,0.265,0.0,ConocoPhillips,COP,Energy
2017-03-31 00:00:00+00:00,36.41202930776348,38.24021084463748,32.81633208528306,37.8305778503418,207331800,0.0,0.0,ConocoPhillips,COP,Energy
2017-04-30 00:00:00+00:00,37.85333381815769,38.399512227885324,35.54722920901784,36.343746185302734,127498500,0.0,0.0,ConocoPhillips,COP,Energy
2017-05-31 00:00:00+00:00,36.3361657573571,36.867557598235145,33.633165564066424,34.09086227416992,176506900,0.265,0.0,ConocoPhillips,COP,Energy
2017-06-30 00:00:00+00:00,34.174779694508736,35.63940723396372,32.816946362947895,33.53400421142578,197560800,0.0,0.0,ConocoPhillips,COP,Energy
2017-07-31 00:00:00+00:00,33.724710385075106,35.25840726141513,32.420266617176146,34.820945739746094,148564100,0.265,0.0,ConocoPhillips,COP,Energy
2017-08-31 00:00:00+00:00,34.79024114475752,35.38887888309526,32.4417336420567,33.5085334777832,147087600,0.0,0.0,ConocoPhillips,COP,Energy
2017-09-30 00:00:00+00:00,33.58528123090391,39.01142531202058,33.37038547890001,38.41279220581055,122661700,0.0,0.0,ConocoPhillips,COP,Energy
2017-10-31 00:00:00+00:00,38.02903873404022,40.30031199832228,37.3766641714122,39.46699523925781,122609400,0.265,0.0,ConocoPhillips,COP,Energy
2017-11-30 00:00:00+00:00,39.97624857988577,41.83577767005191,37.7849142977322,39.25865173339844,137073300,0.0,0.0,ConocoPhillips,COP,Energy
2017-12-31 00:00:00+00:00,39.74476835256881,43.49471081682264,38.64139045171139,42.35273742675781,109758300,0.0,0.0,ConocoPhillips,COP,Energy
2018-01-31 00:00:00+00:00,42.50706609696622,47.31408091598309,42.298735596465534,45.37739562988281,110956800,0.0,0.0,ConocoPhillips,COP,Energy
2018-02-28 00:00:00+00:00,45.52398432316856,46.27243043104557,38.92693625974911,42.13075637817383,132775800,0.285,0.0,ConocoPhillips,COP,Energy
2018-03-31 00:00:00+00:00,42.27815326884078,46.405124386596846,40.94387174969877,45.99398040771485,147689000,0.0,0.0,ConocoPhillips,COP,Energy
2018-04-30 00:00:00+00:00,45.97845245616324,52.20769210120019,43.88393827105064,50.81135177612305,185823500,0.0,0.0,ConocoPhillips,COP,Energy
2018-05-31 00:00:00+00:00,50.46226546980826,55.85832484845808,49.89596569215764,52.49327087402344,155469100,0.285,0.0,ConocoPhillips,COP,Energy
2018-06-30 00:00:00+00:00,52.78147949190063,55.29747464876911,50.46800315054642,54.23032379150391,149341000,0.0,0.0,ConocoPhillips,COP,Energy
2018-07-31 00:00:00+00:00,53.677274119237296,57.04972667069644,53.12421617436153,56.44748306274414,119577000,0.285,0.0,ConocoPhillips,COP,Energy
2018-08-31 00:00:00+00:00,55.9390933298836,58.2151256772059,52.9591218214275,57.43297576904297,114781200,0.0,0.0,ConocoPhillips,COP,Energy
2018-09-30 00:00:00+00:00,57.82406838084112,61.53923935938753,54.29656786973783,60.53809356689453,108011700,0.0,0.0,ConocoPhillips,COP,Energy
2018-10-31 00:00:00+00:00,60.82748243695232,62.759383714525086,51.05342143895788,54.90205383300781,153251700,0.305,0.0,ConocoPhillips,COP,Energy
2018-11-30 00:00:00+00:00,55.13767049522189,55.9702521514572,49.01912854708192,51.98021697998047,150582000,0.0,0.0,ConocoPhillips,COP,Energy
2018-12-31 00:00:00+00:00,53.48828086964777,54.76067333054907,44.57355604714494,48.97200775146485,136787900,0.0,0.0,ConocoPhillips,COP,Energy
2019-01-31 00:00:00+00:00,47.66817807394373,53.65320017323711,47.46396573961824,53.16623306274414,132754500,0.0,0.0,ConocoPhillips,COP,Energy
2019-02-28 00:00:00+00:00,53.67676921992174,56.027137813428936,51.49036216113156,53.533878326416016,105631700,0.305,0.0,ConocoPhillips,COP,Energy
2019-03-31 00:00:00+00:00,53.72323563746499,55.27757716885011,51.21420595759195,52.65808868408203,161143200,0.0,0.0,ConocoPhillips,COP,Energy
2019-04-30 00:00:00+00:00,53.2498266615898,53.825818380195535,48.98132287822736,49.801883697509766,154294900,0.0,0.0,ConocoPhillips,COP,Energy
2019-05-31 00:00:00+00:00,50.28318689061192,50.91438901580263,45.84740311114526,46.751346588134766,148524500,0.305,0.0,ConocoPhillips,COP,Energy
2019-06-30 00:00:00+00:00,46.83856345961036,50.19267011231736,45.18133642104981,48.36893081665039,126853900,0.0,0.0,ConocoPhillips,COP,Energy
2019-07-31 00:00:00+00:00,49.16186266060335,49.8041396971942,45.442832722813314,47.08456802368164,125728900,0.305,0.0,ConocoPhillips,COP,Energy
2019-08-31 00:00:00+00:00,46.2876159714036,48.04093227078507,39.95176719233184,41.58552551269531,140624400,0.0,0.0,ConocoPhillips,COP,Energy
2019-09-30 00:00:00+00:00,40.68496231961801,50.383999315125614,40.43790572453379,45.41094207763672,159866500,0.0,0.0,ConocoPhillips,COP,Energy
2019-10-31 00:00:00+00:00,45.82536869757039,46.54937952466954,41.68116729217649,44.32508850097656,136491800,0.42,0.0,ConocoPhillips,COP,Energy
2019-11-30 00:00:00+00:00,44.68643270789883,49.29560622442264,44.541894139990646,48.13126373291016,125115400,0.0,0.0,ConocoPhillips,COP,Energy
2019-12-31 00:00:00+00:00,48.37217968909611,52.78861225017463,47.06328386142066,52.218482971191406,122017200,0.0,0.0,ConocoPhillips,COP,Energy
2020-01-31 00:00:00+00:00,52.41925074470441,53.90476579530508,47.472804896748656,47.72173309326172,124243600,0.0,0.0,ConocoPhillips,COP,Energy
2020-02-29 00:00:00+00:00,47.70569127039989,49.1028962556597,36.48738144077374,39.156005859375,157156000,0.42,0.0,ConocoPhillips,COP,Energy
2020-03-31 00:00:00+00:00,39.88380832282163,41.6386328148396,16.852773345195168,24.90716552734375,343213100,0.0,0.0,ConocoPhillips,COP,Energy
2020-04-30 00:00:00+00:00,23.71032915334205,35.24202570777033,23.314078949413,34.04518508911133,243841500,0.0,0.0,ConocoPhillips,COP,Energy
2020-05-31 00:00:00+00:00,32.78365544359087,36.85225369327475,30.85092996526318,34.450984954833984,155868000,0.42,0.0,ConocoPhillips,COP,Energy
2020-06-30 00:00:00+00:00,34.51631779169258,41.48329246973771,32.60510737989918,34.3203010559082,166530100,0.0,0.0,ConocoPhillips,COP,Energy
2020-07-31 00:00:00+00:00,34.589823774857535,35.01454038942419,29.62085036359258,30.850238800048828,143092200,0.42,0.0,ConocoPhillips,COP,Energy
2020-08-31 00:00:00+00:00,30.751230362486783,34.513656979323294,30.09115328699248,31.26278686523437,128300100,0.0,0.0,ConocoPhillips,COP,Energy
2020-09-30 00:00:00+00:00,30.87499002265472,31.023507069643493,26.5432501097503,27.096057891845703,173477200,0.0,0.0,ConocoPhillips,COP,Energy
2020-10-31 00:00:00+00:00,26.59275696909388,29.70335458211513,22.994127328342465,23.90453338623047,250729200,0.43,0.0,ConocoPhillips,COP,Energy
2020-11-30 00:00:00+00:00,24.572728334492226,37.8864262810285,23.812661068112256,33.04205322265625,292005800,0.0,0.0,ConocoPhillips,COP,Energy
2020-12-31 00:00:00+00:00,34.16125577267304,37.04284207951323,32.38220339102209,33.40120315551758,238296700,0.0,0.0,ConocoPhillips,COP,Energy
2021-01-31 00:00:00+00:00,33.82717604042326,40.33368158424701,32.72466092807452,33.434600830078125,240929600,0.0,0.0,ConocoPhillips,COP,Energy
2021-02-28 00:00:00+00:00,33.768705259316555,46.78991673933651,33.158981311873035,43.8397331237793,198402100,0.43,0.0,ConocoPhillips,COP,Energy
2021-03-31 00:00:00+00:00,45.07038476239492,51.53550323723202,42.59223066194872,44.64893341064453,249917200,0.0,0.0,ConocoPhillips,COP,Energy
2021-04-30 00:00:00+00:00,44.77536507581016,45.93858373425468,40.333228694322976,43.10641098022461,175540700,0.0,0.0,ConocoPhillips,COP,Energy
2021-05-31 00:00:00+00:00,43.76387764916345,50.0182614779445,43.46043280565941,47.349388122558594,175048100,0.43,0.0,ConocoPhillips,COP,Energy
2021-06-30 00:00:00+00:00,48.48767243693679,52.96438712890641,48.46218617374163,51.73265075683594,186779800,0.0,0.0,ConocoPhillips,COP,Energy
2021-07-31 00:00:00+00:00,53.25319541925392,54.00072883568515,44.86894071759371,47.98531723022461,182049300,0.43,0.0,ConocoPhillips,COP,Energy
2021-08-31 00:00:00+00:00,48.38762701939092,49.440461980808784,44.0050887273242,47.53166198730469,154467400,0.0,0.0,ConocoPhillips,COP,Energy
2021-09-30 00:00:00+00:00,47.557346364047824,58.967341095567065,46.58154496186759,58.00865936279297,214397200,0.0,0.0,ConocoPhillips,COP,Energy
2021-10-31 00:00:00+00:00,58.53078576332139,66.74804171512874,58.47086857546205,64.14376831054688,183147000,0.46,0.0,ConocoPhillips,COP,Energy
2021-11-30 00:00:00+00:00,64.53989524623351,66.43431634192119,59.709084193599686,60.38935089111328,176885300,0.0,0.0,ConocoPhillips,COP,Energy
2021-12-31 00:00:00+00:00,62.00823583857377,65.40960609779434,56.884647899208986,62.32709503173828,151459400,0.2,0.0,ConocoPhillips,COP,Energy
2022-01-31 00:00:00+00:00,62.19754046159616,77.4900416972117,62.18890366743484,76.52294158935547,176296900,0.0,0.0,ConocoPhillips,COP,Energy
2022-02-28 00:00:00+00:00,75.46947286325644,82.5054035493714,74.01794708213343,82.32315826416016,172844600,0.46,0.0,ConocoPhillips,COP,Energy
2022-03-31 00:00:00+00:00,83.1823209648285,93.3100098047465,80.11886516195244,87.0431900024414,233961300,0.3,0.0,ConocoPhillips,COP,Energy
2022-04-30 00:00:00+00:00,87.17376391064415,90.62068224903727,77.26824902266868,83.14366912841797,135826400,0.0,0.0,ConocoPhillips,COP,Energy
2022-05-31 00:00:00+00:00,82.05562240760788,103.16340064998946,80.58459683103649,98.2408676147461,168033200,0.46,0.0,ConocoPhillips,COP,Energy
2022-06-30 00:00:00+00:00,99.9895549348302,108.48813254456417,76.29492462852703,79.1338119506836,200240500,0.7,0.0,ConocoPhillips,COP,Energy
2022-07-31 00:00:00+00:00,81.00180743155576,86.27973355743198,68.99208605869492,85.84798431396484,142834600,0.0,0.0,ConocoPhillips,COP,Energy
2022-08-31 00:00:00+00:00,83.97998776132906,102.20102828673444,77.53899212286572,96.872802734375,147633700,0.46,0.0,ConocoPhillips,COP,Energy
2022-09-30 00:00:00+00:00,95.3947032101106,104.78549156934784,87.19881377124645,91.88233184814452,160467300,1.4,0.0,ConocoPhillips,COP,Energy
2022-10-31 00:00:00+00:00,96.00331641175968,116.70692177597805,95.64418919821304,113.20543670654295,152045900,0.0,0.0,ConocoPhillips,COP,Energy
2022-11-30 00:00:00+00:00,115.58464046793586,124.33835025337302,109.26701518345229,111.31285858154295,147169600,0.51,0.0,ConocoPhillips,COP,Energy
2022-12-31 00:00:00+00:00,112.3582859164482,112.98916195424476,98.24479534373458,107.01048278808594,125127200,0.7,0.0,ConocoPhillips,COP,Energy
2023-01-31 00:00:00+00:00,105.7045758204998,114.6191003308988,100.17269088806744,110.5200653076172,97124300,0.0,0.0,ConocoPhillips,COP,Energy
2023-02-28 00:00:00+00:00,109.468094673165,109.7038824180078,93.78689625879262,94.14212799072266,155866700,0.51,0.0,ConocoPhillips,COP,Energy
2023-03-31 00:00:00+00:00,94.48827261782306,99.83530334853737,83.37523282673449,90.9306640625,163762000,0.6,0.0,ConocoPhillips,COP,Energy
2023-04-30 00:00:00+00:00,96.35663583777972,100.83855318018637,91.33395686632628,94.30358123779295,113295400,0.0,0.0,ConocoPhillips,COP,Energy
2023-05-31 00:00:00+00:00,93.10290775208924,97.36011395751078,87.71358436190701,91.48239135742188,142659400,0.51,0.0,ConocoPhillips,COP,Energy
2023-06-30 00:00:00+00:00,91.73114192040198,97.25877009750324,90.634824925596,96.0265884399414,116234100,0.6,0.0,ConocoPhillips,COP,Energy
2023-07-31 00:00:00+00:00,96.34172216645418,109.59508147418153,92.07840292760818,109.10387420654295,97912900,0.0,0.0,ConocoPhillips,COP,Energy
2023-08-31 00:00:00+00:00,108.67753723040298,111.29147902602936,103.15377431960572,110.79813385009766,92872800,0.51,0.0,ConocoPhillips,COP,Energy
2023-09-30 00:00:00+00:00,111.70104516584097,117.31402938674668,110.53748850737146,112.07460021972656,98334100,0.6,0.0,ConocoPhillips,COP,Energy
2023-10-31 00:00:00+00:00,112.48621209458835,119.13772790033325,104.4688631572729,111.13908386230467,113391900,0.0,0.0,ConocoPhillips,COP,Energy
2023-11-30 00:00:00+00:00,111.77523050714385,115.30210600869546,103.40661893625776,108.66250610351562,113714200,0.58,0.0,ConocoPhillips,COP,Energy
2023-12-31 00:00:00+00:00,108.15478394573276,112.48925678385189,103.14335083971248,109.13262176513672,142687600,0.0,0.0,ConocoPhillips,COP,Energy
2024-01-31 00:00:00+00:00,110.16687985426968,113.99360666548432,99.44823086683942,105.18366241455078,111323900,0.0,0.0,ConocoPhillips,COP,Energy
2024-02-29 00:00:00+00:00,105.62555954315074,108.39925167570904,102.3347522468974,106.56845092773438,120423300,0.78,0.0,ConocoPhillips,COP,Energy
2024-03-31 00:00:00+00:00,107.7615899428293,121.81416595622989,104.96812687296767,120.52632904052734,120567400,0.0,0.0,ConocoPhillips,COP,Energy
2024-04-30 00:00:00+00:00,121.20812429771384,128.00713817166476,118.77447850904169,118.95439910888672,90892700,0.0,0.0,ConocoPhillips,COP,Energy
2024-05-31 00:00:00+00:00,118.44306449226409,119.05857593712103,107.6180682692761,111.00106811523438,129698900,0.78,0.0,ConocoPhillips,COP,Energy
2024-06-30 00:00:00+00:00,110.79141945688356,110.95342133282064,103.377389403591,108.99984741210938,133579500,0.0,0.0,ConocoPhillips,COP,Energy
2024-07-31 00:00:00+00:00,109.62881163292496,112.83076566413892,103.28207666105077,105.96942901611328,114265300,0.0,0.0,ConocoPhillips,COP,Energy
2024-08-31 00:00:00+00:00,107.16062844794638,110.51780282899988,97.45946671746378,109.22200775146484,129153100,0.78,0.0,ConocoPhillips,COP,Energy
2024-09-30 00:00:00+00:00,107.4078856053385,107.4174862156102,97.23340927874582,101.05362701416016,165603200,0.0,0.0,ConocoPhillips,COP,Energy
2024-10-31 00:00:00+00:00,100.34333318783276,111.42006668720671,97.42537475539352,105.1426239013672,129263700,0.0,0.0,ConocoPhillips,COP,Energy
2024-11-30 00:00:00+00:00,105.11382154524674,111.52208380940634,101.39250393344152,104.71747589111328,140844600,0.78,0.0,ConocoPhillips,COP,Energy
2024-12-31 00:00:00+00:00,104.71747815489556,105.10410500060368,91.07927331570303,95.85409545898438,160632500,0.0,0.0,ConocoPhillips,COP,Energy
2025-01-31 00:00:00+00:00,96.6563386255777,102.62003136793636,95.26448305096828,95.52545928955078,114227600,0.0,0.0,ConocoPhillips,COP,Energy
2025-02-28 00:00:00+00:00,95.4481408232169,99.47719653133603,92.79277844927216,96.6124496459961,150028800,0.78,0.0,ConocoPhillips,COP,Energy
2025-03-31 00:00:00+00:00,97.19709583460414,102.76095579129212,84.58825613618289,102.33221435546876,239964900,0.0,0.0,ConocoPhillips,COP,Energy
2025-04-30 00:00:00+00:00,102.22503025063388,103.48201409735022,77.83561951703696,86.83914184570312,184256500,0.0,0.0,ConocoPhillips,COP,Energy
2025-05-31 00:00:00+00:00,86.16680207458926,92.6466091656742,82.8219320770409,83.87342071533203,179555300,0.78,0.0,ConocoPhillips,COP,Energy
2025-06-30 00:00:00+00:00,85.5440192909564,96.55025350268764,83.75550154570598,88.1874771118164,176755500,0.0,0.0,ConocoPhillips,COP,Energy
2025-07-31 00:00:00+00:00,88.30540407899207,96.37336417829924,87.65681861626875,93.69058990478516,134001200,0.0,0.0,ConocoPhillips,COP,Energy
2025-08-31 00:00:00+00:00,93.2975211483896,98.40691570167417,89.6025691648639,98.06013488769533,144076000,0.78,0.0,ConocoPhillips,COP,Energy
2025-09-30 00:00:00+00:00,98.18893776182048,98.73388444445804,89.67791320426339,93.72039794921876,151393100,0.0,0.0,ConocoPhillips,COP,Energy
2025-10-31 00:00:00+00:00,93.40333518383676,95.25615100043508,84.81304586711725,88.04307556152344,136480800,0.0,0.0,ConocoPhillips,COP,Energy
2025-11-30 00:00:00+00:00,87.88454707761127,90.975866377868,84.78332103317817,88.69000244140625,128494200,0.84,0.0,ConocoPhillips,COP,Energy
2025-12-31 00:00:00+00:00,89.12999725341797,97.70999908447266,88.58000183105469,93.61000061035156,156394300,0.0,0.0,ConocoPhillips,COP,Energy
2026-01-31 00:00:00+00:00,93.61000061035156,102.9800033569336,93.12999725341795,98.72000122070312,49327600,0.0,0.0,ConocoPhillips,COP,Energy
2016-01-31 00:00:00+00:00,128.15193923680872,131.62706500213417,121.93365237571278,127.15899658203124,34725900,0.0,0.0,Costco,COST,Consumer Staples
2016-02-29 00:00:00+00:00,126.92338415987268,130.67618261365723,119.16530827154452,126.5840835571289,54382400,0.4,0.0,Costco,COST,Consumer Staples
2016-03-31 00:00:00+00:00,126.8962417985786,134.82726373069144,124.11200893451776,132.95419311523438,51290800,0.0,0.0,Costco,COST,Consumer Staples
2016-04-30 00:00:00+00:00,133.19889628803608,134.22824208580522,124.78368838122393,125.35065460205078,42835300,0.45,0.0,Costco,COST,Consumer Staples
2016-05-31 00:00:00+00:00,125.8837426406174,130.21644474410274,117.26079190300295,125.89227294921876,69436400,0.0,0.0,Costco,COST,Consumer Staples
2016-06-30 00:00:00+00:00,127.3562128791099,134.3713317826037,125.7060707586638,132.89048767089844,55950500,0.0,0.0,Costco,COST,Consumer Staples
2016-07-31 00:00:00+00:00,133.01746627046865,142.85898436810385,130.8849577106997,141.5050048828125,43086800,0.0,0.0,Costco,COST,Consumer Staples
2016-08-31 00:00:00+00:00,141.4458015001348,143.8962776138914,136.73506584342618,137.53265380859375,34033800,0.45,0.0,Costco,COST,Consumer Staples
2016-09-30 00:00:00+00:00,134.91073769956157,135.14838075309856,124.8985061379234,129.4039306640625,60766000,0.0,0.0,Costco,COST,Consumer Staples
2016-10-31 00:00:00+00:00,129.1579563781611,129.24281428122097,124.8136783627128,125.46701049804688,46455900,0.0,0.0,Costco,COST,Consumer Staples
2016-11-30 00:00:00+00:00,125.98459302614316,130.57682753711666,120.9507914710686,127.75957489013672,51222600,0.45,0.0,Costco,COST,Consumer Staples
2016-12-31 00:00:00+00:00,127.75966417852872,140.39002911401664,127.75966417852872,136.27069091796875,48204500,0.0,0.0,Costco,COST,Consumer Staples
2017-01-31 00:00:00+00:00,136.73028220794328,140.26234840739767,134.90891444206588,139.5389404296875,36710400,0.0,0.0,Costco,COST,Consumer Staples
2017-02-28 00:00:00+00:00,139.44535036696237,151.79407811473135,137.7176044114524,151.20523071289062,48179100,0.45,0.0,Costco,COST,Consumer Staples
2017-03-31 00:00:00+00:00,151.36739798000076,152.5109626991542,140.04278117797057,143.10653686523438,58812800,0.0,0.0,Costco,COST,Consumer Staples
2017-04-30 00:00:00+00:00,143.14916955244385,152.1354485420794,141.75808286742603,151.49546813964844,36641800,0.0,0.0,Costco,COST,Consumer Staples
2017-05-31 00:00:00+00:00,152.33174315407044,160.7028168931179,150.54255704300883,160.6671905517578,53726300,7.5,0.0,Costco,COST,Consumer Staples
2017-06-30 00:00:00+00:00,161.00558418147332,162.70636851376682,139.41172278286905,142.41258239746094,110663000,0.0,0.0,Costco,COST,Consumer Staples
2017-07-31 00:00:00+00:00,142.66197562270295,143.67705510934485,133.5702888134537,141.14813232421875,93217800,0.0,0.0,Costco,COST,Consumer Staples
2017-08-31 00:00:00+00:00,141.67349998616987,144.56751137529434,134.05090510997303,140.018310546875,78721800,0.5,0.0,Costco,COST,Consumer Staples
2017-09-30 00:00:00+00:00,140.7775826115788,147.6828982328105,138.49064732319917,146.7627716064453,50198600,0.0,0.0,Costco,COST,Consumer Staples
2017-10-31 00:00:00+00:00,147.32553034819034,149.44272523317832,137.66888170521645,143.8953094482422,89106400,0.0,0.0,Costco,COST,Consumer Staples
2017-11-30 00:00:00+00:00,144.69030786444108,165.6641472057281,144.08284625635494,165.2430419921875,57900700,0.5,0.0,Costco,COST,Consumer Staples
2017-12-31 00:00:00+00:00,164.1947579386186,175.02705261688234,162.28635926344975,166.7572784423828,60835900,0.0,0.0,Costco,COST,Consumer Staples
2018-01-31 00:00:00+00:00,167.75176464955948,179.08578536290293,164.7502989948823,174.59693908691406,57501400,0.0,0.0,Costco,COST,Consumer Staples
2018-02-28 00:00:00+00:00,173.28884979886234,175.64807556239631,157.50187120488232,171.49766540527344,43370500,0.5,0.0,Costco,COST,Consumer Staples
2018-03-31 00:00:00+00:00,171.86597155689756,173.37522982663222,162.45113482185116,169.27870178222656,57402100,0.0,0.0,Costco,COST,Consumer Staples
2018-04-30 00:00:00+00:00,167.91320741434726,178.8103134418494,162.54992153603072,177.12139892578125,44178400,0.0,0.0,Costco,COST,Consumer Staples
2018-05-31 00:00:00+00:00,176.51949514458602,181.79144862137403,170.85078726066854,178.6109619140625,43231300,0.57,0.0,Costco,COST,Consumer Staples
2018-06-30 00:00:00+00:00,176.09719590075767,191.4229376453444,175.69175613618026,188.28749084472656,44835900,0.0,0.0,Costco,COST,Consumer Staples
2018-07-31 00:00:00+00:00,187.7829851655091,202.37892967666903,185.64765860451183,197.0541076660156,36353800,0.0,0.0,Costco,COST,Consumer Staples
2018-08-31 00:00:00+00:00,197.00002387222733,210.9199432453272,193.72045422217116,210.56768798828125,41228700,0.57,0.0,Costco,COST,Consumer Staples
2018-09-30 00:00:00+00:00,210.5767290248401,221.4334194062529,209.1044448525705,212.14833068847656,41975400,0.0,0.0,Costco,COST,Consumer Staples
2018-10-31 00:00:00+00:00,212.9883361904089,214.5780498460136,195.99875903016232,206.5032196044922,66756300,0.0,0.0,Costco,COST,Consumer Staples
2018-11-30 00:00:00+00:00,206.0967640334609,217.5676303744579,196.87207259633985,209.393310546875,47451000,0.57,0.0,Costco,COST,Consumer Staples
2018-12-31 00:00:00+00:00,208.88628450194804,211.72910675723327,171.57603883214017,184.4322967529297,64334700,0.0,0.0,Costco,COST,Consumer Staples
2019-01-31 00:00:00+00:00,181.52615098376936,195.16092048949443,180.93766774091776,194.3189392089844,46077200,0.0,0.0,Costco,COST,Consumer Staples
2019-02-28 00:00:00+00:00,193.74853600314364,199.43733979977367,186.78235236029045,198.57492065429688,37632900,0.57,0.0,Costco,COST,Consumer Staples
2019-03-31 00:00:00+00:00,199.5008198723253,220.09006502666728,195.87865777304648,219.81771850585935,50866400,0.0,0.0,Costco,COST,Consumer Staples
2019-04-30 00:00:00+00:00,220.66198067664493,225.77290746444197,218.1564318560482,222.89517211914065,32850000,0.0,0.0,Costco,COST,Consumer Staples
2019-05-31 00:00:00+00:00,222.7227328096608,228.48534524283457,212.1370466152381,218.08106994628903,39654400,0.65,0.0,Costco,COST,Consumer Staples
2019-06-30 00:00:00+00:00,218.2631294375313,244.8063590625132,216.7156832124643,240.5463409423828,34369400,0.0,0.0,Costco,COST,Consumer Staples
2019-07-31 00:00:00+00:00,242.52165042543737,258.79714103065817,238.18881941910237,250.8960876464844,32122300,0.0,0.0,Costco,COST,Consumer Staples
2019-08-31 00:00:00+00:00,251.00527234578655,273.03375262237046,239.1354753516071,268.9029541015625,49911800,0.65,0.0,Costco,COST,Consumer Staples
2019-09-30 00:00:00+00:00,266.9050356642772,280.3794191297935,259.4517670980967,262.8363037109375,47479100,0.0,0.0,Costco,COST,Consumer Staples
2019-10-31 00:00:00+00:00,262.77242429789857,278.1352006883975,256.8974942142969,271.6357116699219,46758900,0.65,0.0,Costco,COST,Consumer Staples
2019-11-30 00:00:00+00:00,272.4401819681101,280.7691015645374,269.8620216556397,274.1041259765625,33480900,0.0,0.0,Costco,COST,Consumer Staples
2019-12-31 00:00:00+00:00,274.0493325158781,274.46076052241995,264.3124814114303,268.7191772460937,45563900,0.0,0.0,Costco,COST,Consumer Staples
2020-01-31 00:00:00+00:00,268.84718199907763,287.33346692930246,263.8735492812294,279.3245544433594,43480800,0.0,0.0,Costco,COST,Consumer Staples
2020-02-29 00:00:00+00:00,280.67765100744384,297.9991000437443,248.5431654237322,257.5767822265625,43434600,0.65,0.0,Costco,COST,Consumer Staples
2020-03-31 00:00:00+00:00,269.7621696224455,297.3119890581411,253.1791329161385,261.232421875,125473600,0.0,0.0,Costco,COST,Consumer Staples
2020-04-30 00:00:00+00:00,258.6945812604546,295.5894577974103,257.3569558967012,278.2389831542969,74411200,0.7,0.0,Costco,COST,Consumer Staples
2020-05-31 00:00:00+00:00,277.11861969320825,286.347391431222,270.4703200068318,283.2618713378906,60875800,0.0,0.0,Costco,COST,Consumer Staples
2020-06-30 00:00:00+00:00,282.73853687086034,289.5797475600797,269.8274784285815,278.4317626953125,62699600,0.0,0.0,Costco,COST,Consumer Staples
2020-07-31 00:00:00+00:00,277.77984669210485,304.40067331270774,276.1728558434728,299.5707397460937,46030600,0.7,0.0,Costco,COST,Consumer Staples
2020-08-31 00:00:00+00:00,299.5892421857367,321.2243033362382,298.4389225212484,319.9360656738281,40187100,0.0,0.0,Costco,COST,Consumer Staples
2020-09-30 00:00:00+00:00,318.1415741226225,334.6692495681677,304.7885795134892,326.6907043457031,58593900,0.0,0.0,Costco,COST,Consumer Staples
2020-10-31 00:00:00+00:00,327.8502714102952,354.1786344101345,324.7121956958869,329.734130859375,42956000,0.7,0.0,Costco,COST,Consumer Staples
2020-11-30 00:00:00+00:00,333.9755140208038,362.4936497819984,332.4726364955434,361.2212524414063,43388200,0.0,0.0,Costco,COST,Consumer Staples
2020-12-31 00:00:00+00:00,363.8042917372137,367.1821434565481,340.1499739172496,356.4999084472656,55504500,10.0,0.0,Costco,COST,Consumer Staples
2021-01-31 00:00:00+00:00,357.1149396046363,361.01317725399474,332.9401254572425,333.46051025390625,49700800,0.0,0.0,Costco,COST,Consumer Staples
2021-02-28 00:00:00+00:00,332.30618350971747,342.878957691495,313.74548787412056,313.8023681640625,46555900,0.7,0.0,Costco,COST,Consumer Staples
2021-03-31 00:00:00+00:00,317.793589411756,339.18154743425185,291.0494334359626,334.1663818359375,92432000,0.0,0.0,Costco,COST,Consumer Staples
2021-04-30 00:00:00+00:00,334.22326703676833,356.0023789438171,333.3605439710348,353.5131225585937,41459800,0.79,0.0,Costco,COST,Consumer Staples
2021-05-31 00:00:00+00:00,355.1757843773798,370.0065063147893,352.5820996792868,359.3846130371094,43491400,0.0,0.0,Costco,COST,Consumer Staples
2021-06-30 00:00:00+00:00,360.9617582464391,380.4762383850015,356.7529356314963,375.9158935546875,39478800,0.0,0.0,Costco,COST,Consumer Staples
2021-07-31 00:00:00+00:00,376.5144151808404,410.7255205838479,374.2152517232803,409.0312194824219,37236300,0.79,0.0,Costco,COST,Consumer Staples
2021-08-31 00:00:00+00:00,409.887911921431,438.4435575028388,404.9953909363479,433.5605163574219,35694700,0.0,0.0,Costco,COST,Consumer Staples
2021-09-30 00:00:00+00:00,433.55101558218354,447.83839076602914,424.2132987620348,427.7161560058594,39310500,0.0,0.0,Costco,COST,Consumer Staples
2021-10-31 00:00:00+00:00,428.077859808389,471.1392697075517,415.1706579603069,468.6318359375,35620200,0.79,0.0,Costco,COST,Consumer Staples
2021-11-30 00:00:00+00:00,471.1201813074798,534.6448903527013,464.4941028413032,514.2423095703125,42982700,0.0,0.0,Costco,COST,Consumer Staples
2021-12-31 00:00:00+00:00,517.788913704816,544.8558062667353,490.08326422031126,541.2425537109375,60742500,0.0,0.0,Costco,COST,Consumer Staples
2022-01-31 00:00:00+00:00,538.6967654139867,542.2148165874876,447.151854364345,481.5884399414063,57966700,0.0,0.0,Costco,COST,Consumer Staples
2022-02-28 00:00:00+00:00,481.46452590428606,510.1138103856014,461.16865468647086,495.8007507324219,41865600,0.79,0.0,Costco,COST,Consumer Staples
2022-03-31 00:00:00+00:00,496.00127738394167,559.8418098481453,488.6681154846284,549.8446044921875,59731500,0.0,0.0,Costco,COST,Consumer Staples
2022-04-30 00:00:00+00:00,551.305651045673,584.6200936088901,506.601754790308,508.53363037109375,49744700,0.9,0.0,Costco,COST,Consumer Staples
2022-05-31 00:00:00+00:00,509.0213707313017,522.3247850322597,388.7835577486501,445.8898315429688,80773600,0.0,0.0,Costco,COST,Consumer Staples
2022-06-30 00:00:00+00:00,448.9120480140816,469.713631356929,423.8736519997681,458.38031005859375,54370600,0.0,0.0,Costco,COST,Consumer Staples
2022-07-31 00:00:00+00:00,460.1974900399042,519.3750199204691,457.15616523418674,518.5894165039062,46975700,0.9,0.0,Costco,COST,Consumer Staples
2022-08-31 00:00:00+00:00,518.7044124861806,541.0555274536874,498.43229901958097,500.195068359375,42247500,0.0,0.0,Costco,COST,Consumer Staples
2022-09-30 00:00:00+00:00,497.91503154585695,519.834767281572,444.0823263873818,452.4556274414063,49753100,0.0,0.0,Costco,COST,Consumer Staples
2022-10-31 00:00:00+00:00,454.5921510040368,492.19127302493433,430.1907388265316,481.3265686035156,44905600,0.9,0.0,Costco,COST,Consumer Staples
2022-11-30 00:00:00+00:00,483.4380847453922,520.754107730673,455.41268090199856,517.5580444335938,40651100,0.0,0.0,Costco,COST,Consumer Staples
2022-12-31 00:00:00+00:00,498.25704846714393,498.25704846714393,432.6180497970665,438.1367492675781,54987400,0.0,0.0,Costco,COST,Consumer Staples
2023-01-31 00:00:00+00:00,439.5764289680274,490.838016370582,429.8827071000391,490.5788879394531,40977800,0.0,0.0,Costco,COST,Consumer Staples
2023-02-28 00:00:00+00:00,487.8626110967465,509.61362853329473,465.1276655785381,465.5122375488281,31622600,0.9,0.0,Costco,COST,Consumer Staples
2023-03-31 00:00:00+00:00,462.55099445548393,480.5876816944106,447.3890201959555,477.71295166015625,48864100,0.0,0.0,Costco,COST,Consumer Staples
2023-04-30 00:00:00+00:00,477.3573177809915,493.34612257815047,459.0897980877753,483.8182067871094,33747700,0.0,0.0,Costco,COST,Consumer Staples
2023-05-31 00:00:00+00:00,479.90510886347136,495.9744195402431,459.3247731017539,492.8624877929688,43433600,1.02,0.0,Costco,COST,Consumer Staples
2023-06-30 00:00:00+00:00,490.7139093924175,519.8390734024794,483.7481856490978,518.7022094726562,35246000,0.0,0.0,Costco,COST,Consumer Staples
2023-07-31 00:00:00+00:00,517.613499375423,550.2840507264516,505.45471200063,540.1775512695312,36891600,0.0,0.0,Costco,COST,Consumer Staples
2023-08-31 00:00:00+00:00,540.1389148157417,548.4054557247902,512.1339163058462,530.2037353515625,32426100,1.02,0.0,Costco,COST,Consumer Staples
2023-09-30 00:00:00+00:00,533.8620182155372,552.3084120141026,521.4196943135079,545.3391723632812,33937300,0.0,0.0,Costco,COST,Consumer Staples
2023-10-31 00:00:00+00:00,548.1866243431283,557.2505153599491,521.4680937476608,533.2539672851562,39766000,0.0,0.0,Costco,COST,Consumer Staples
2023-11-30 00:00:00+00:00,535.7250495499588,580.1672056089278,530.5608766925401,573.2044067382812,34716600,1.02,0.0,Costco,COST,Consumer Staples
2023-12-31 00:00:00+00:00,573.7266686614954,661.2475679106632,571.1253234902642,652.8408203125,54551500,15.0,0.0,Costco,COST,Consumer Staples
2024-01-31 00:00:00+00:00,648.3902071925141,697.782417371173,633.4854569760556,687.2590942382812,44189300,0.0,0.0,Costco,COST,Consumer Staples
2024-02-29 00:00:00+00:00,687.3977945279063,745.400674213894,684.9215776888288,736.8131713867188,37072400,1.02,0.0,Costco,COST,Consumer Staples
2024-03-31 00:00:00+00:00,733.3960436647983,779.5921482520946,704.2458810387044,725.6602783203125,50456400,0.0,0.0,Costco,COST,Consumer Staples
2024-04-30 00:00:00+00:00,724.7986021846011,733.9507308617217,690.6366814042091,717.1720581054688,38058600,1.16,0.0,Costco,COST,Consumer Staples
2024-05-31 00:00:00+00:00,716.5471498273788,813.0066500575549,709.6522056880032,803.4727783203125,40171900,0.0,0.0,Costco,COST,Consumer Staples
2024-06-30 00:00:00+00:00,804.5740299490619,867.035173203594,800.7346987933051,843.2550048828125,34445500,0.0,0.0,Costco,COST,Consumer Staples
2024-07-31 00:00:00+00:00,846.7373367042314,889.5651345911486,798.0496881085585,816.6478881835938,45966400,1.16,0.0,Costco,COST,Consumer Staples
2024-08-31 00:00:00+00:00,813.2202707363878,912.9466557618732,787.8367286198267,886.5695190429688,39311500,0.0,0.0,Costco,COST,Consumer Staples
2024-09-30 00:00:00+00:00,890.8416177284805,917.814801104684,863.0437866696102,880.747802734375,40579300,0.0,0.0,Costco,COST,Consumer Staples
2024-10-31 00:00:00+00:00,879.4859885854561,904.0748893532152,861.513790105965,868.4880981445312,35631000,0.0,0.0,Costco,COST,Consumer Staples
2024-11-30 00:00:00+00:00,869.731661949781,971.23197863911,862.8376430396523,966.8348999023438,39058200,1.16,0.0,Costco,COST,Consumer Staples
2024-12-31 00:00:00+00:00,966.3176015734366,1003.0161086597544,907.8029321890816,911.5136108398438,44506900,0.0,0.0,Costco,COST,Consumer Staples
2025-01-31 00:00:00+00:00,910.2501578692056,985.855666630996,897.3176419650529,974.7933959960938,38420300,0.0,0.0,Costco,COST,Consumer Staples
2025-02-28 00:00:00+00:00,967.3422898821312,1073.8180025552424,963.9101868594798,1044.319091796875,36725200,1.16,0.0,Costco,COST,Consumer Staples
2025-03-31 00:00:00+00:00,1047.4364116160295,1061.6380713391586,877.9527614263606,941.9100341796876,55504500,0.0,0.0,Costco,COST,Consumer Staples
2025-04-30 00:00:00+00:00,938.5637301523174,995.828469264022,868.1431051229166,990.4306640625,58246300,0.0,0.0,Costco,COST,Consumer Staples
2025-05-31 00:00:00+00:00,986.0486658315448,1049.5490993965154,980.2532117345614,1037.2735595703125,42419900,1.3,0.0,Costco,COST,Consumer Staples
2025-06-30 00:00:00+00:00,1031.379989042547,1064.0981417601242,971.1786829047896,987.173828125,41983500,0.0,0.0,Costco,COST,Consumer Staples
2025-07-31 00:00:00+00:00,987.2336451803268,994.0545589638176,922.4152978403076,937.014404296875,45287100,0.0,0.0,Costco,COST,Consumer Staples
2025-08-31 00:00:00+00:00,938.1727515249175,997.8882151260808,931.9315343111208,941.9873046875,47760100,1.3,0.0,Costco,COST,Consumer Staples
2025-09-30 00:00:00+00:00,937.3339052834116,979.6140773577494,902.0138748143294,924.3223266601562,50816100,0.0,0.0,Costco,COST,Consumer Staples
2025-10-31 00:00:00+00:00,921.696044478336,962.6380887909136,902.603073388412,911.4500122070312,53322000,1.3,0.0,Costco,COST,Consumer Staples
2025-11-30 00:00:00+00:00,912.4000244140624,945.280029296875,873.969970703125,913.5900268554688,48515100,0.0,0.0,Costco,COST,Consumer Staples
2025-12-31 00:00:00+00:00,913.2000122070312,926.3200073242188,844.0599975585938,862.3400268554688,63750300,0.0,0.0,Costco,COST,Consumer Staples
2026-01-31 00:00:00+00:00,861.1400146484375,931.6699829101562,852.5,915.3099975585938,15802800,0.0,0.0,Costco,COST,Consumer Staples
2016-01-31 00:00:00+00:00,48.40435022385147,51.57279027703787,46.17157756177868,50.23700714111328,327436800,0.0,0.0,Exxon Mobil,XOM,Energy
2016-02-29 00:00:00+00:00,49.46910760291953,54.33297228654224,47.4621878692028,52.19065856933594,359915800,0.73,0.0,Exxon Mobil,XOM,Energy
2016-03-31 00:00:00+00:00,52.45761514805937,55.41390516895567,52.29483509322752,54.43064880371094,292841700,0.0,0.0,Exxon Mobil,XOM,Energy
2016-04-30 00:00:00+00:00,53.65575185670645,58.46133851251511,53.38878317476074,57.56273651123047,221801200,0.0,0.0,Exxon Mobil,XOM,Energy
2016-05-31 00:00:00+00:00,57.45853308552064,59.399173716558685,56.800850201683055,58.45361328125,219170200,0.75,0.0,Exxon Mobil,XOM,Energy
2016-06-30 00:00:00+00:00,58.066203393295815,61.61204391986373,57.52774866160684,61.55294418334961,252091800,0.0,0.0,Exxon Mobil,XOM,Energy
2016-07-31 00:00:00+00:00,61.30340949146533,62.74145195696447,56.54937405226556,58.40764617919922,209716200,0.0,0.0,Exxon Mobil,XOM,Energy
2016-08-31 00:00:00+00:00,57.83639210954614,58.89909289594956,56.19480954491582,57.70708084106445,235412300,0.75,0.0,Exxon Mobil,XOM,Energy
2016-09-30 00:00:00+00:00,57.42893511441667,59.18388438978032,54.49526145157812,57.79981994628906,271447100,0.0,0.0,Exxon Mobil,XOM,Energy
2016-10-31 00:00:00+00:00,57.5746452859456,58.720308022447945,54.95881060882718,55.17734909057617,192041100,0.0,0.0,Exxon Mobil,XOM,Energy
2016-11-30 00:00:00+00:00,55.29653410704118,58.91957333455822,54.80649135912062,58.32496643066406,233089000,0.75,0.0,Exxon Mobil,XOM,Energy
2016-12-31 00:00:00+00:00,58.77926635510765,62.28011002433895,57.857272802633375,60.30252456665039,220435500,0.0,0.0,Exxon Mobil,XOM,Energy
2017-01-31 00:00:00+00:00,60.75682994092867,61.024065046423296,55.539000692835934,56.046756744384766,252514500,0.0,0.0,Exxon Mobil,XOM,Energy
2017-02-28 00:00:00+00:00,56.1202382976093,56.24235614170507,54.44898393800999,54.82654571533203,237345100,0.75,0.0,Exxon Mobil,XOM,Energy
2017-03-31 00:00:00+00:00,55.0827408615594,56.801959506417575,54.14557030729659,55.291748046875,315475000,0.0,0.0,Exxon Mobil,XOM,Energy
2017-04-30 00:00:00+00:00,55.29848667039002,56.33002066554895,54.13883757718834,55.04903030395508,192624700,0.0,0.0,Exxon Mobil,XOM,Energy
2017-05-31 00:00:00+00:00,54.9546513257937,56.64416402354792,54.765781276612046,54.78619766235352,220122400,0.77,0.0,Exxon Mobil,XOM,Energy
2017-06-30 00:00:00+00:00,54.69773583925098,56.95722089077755,53.9422964765035,54.9427375793457,303836700,0.0,0.0,Exxon Mobil,XOM,Energy
2017-07-31 00:00:00+00:00,54.98355681311104,56.140530172766304,53.26852985672306,54.47313690185547,201333900,0.0,0.0,Exxon Mobil,XOM,Energy
2017-08-31 00:00:00+00:00,54.55480917468481,55.0039905382637,52.25933618950223,52.45174407958984,224413200,0.77,0.0,Exxon Mobil,XOM,Energy
2017-09-30 00:00:00+00:00,52.4792138078782,56.65723348857335,52.444853185253216,56.33427047729492,216249200,0.0,0.0,Exxon Mobil,XOM,Energy
2017-10-31 00:00:00+00:00,55.866964826881606,57.887267162290925,55.83260420413954,57.27568817138672,172408300,0.0,0.0,Exxon Mobil,XOM,Energy
2017-11-30 00:00:00+00:00,57.30316281505449,57.84043748085711,55.48936549930945,57.7641487121582,191810600,0.77,0.0,Exxon Mobil,XOM,Energy
2017-12-31 00:00:00+00:00,57.86818127996084,58.506207721333375,56.98738587468502,58.006874084472656,220601300,0.0,0.0,Exxon Mobil,XOM,Energy
2018-01-31 00:00:00+00:00,58.13171136134356,61.93225616777634,58.02074926128865,60.545188903808594,233944600,0.0,0.0,Exxon Mobil,XOM,Energy
2018-02-28 00:00:00+00:00,60.683919609805336,61.89759800200144,51.77598696042329,53.06512451171875,369414700,0.77,0.0,Exxon Mobil,XOM,Energy
2018-03-31 00:00:00+00:00,52.91798942619796,53.93389770865738,50.91421400630779,52.27341842651367,356741300,0.0,0.0,Exxon Mobil,XOM,Energy
2018-04-30 00:00:00+00:00,52.03519907313574,56.68033876270797,50.55689141500192,54.47337341308594,285826800,0.0,0.0,Exxon Mobil,XOM,Energy
2018-05-31 00:00:00+00:00,54.130068815813246,58.49336692694012,52.82691294557167,57.4954833984375,299337700,0.82,0.0,Exxon Mobil,XOM,Energy
2018-06-30 00:00:00+00:00,57.94133831153945,59.30017115205795,56.12248892532728,58.54998016357422,257136500,0.0,0.0,Exxon Mobil,XOM,Energy
2018-07-31 00:00:00+00:00,57.955474091452345,59.73187163559013,57.12036132409127,57.68655776977539,204469200,0.0,0.0,Exxon Mobil,XOM,Energy
2018-08-31 00:00:00+00:00,57.24777131456654,57.94549978553678,54.7064404843676,57.323429107666016,215072500,0.82,0.0,Exxon Mobil,XOM,Energy
2018-09-30 00:00:00+00:00,57.49502640939511,62.46444217289053,56.915865967699816,60.79129409790039,227023600,0.0,0.0,Exxon Mobil,XOM,Energy
2018-10-31 00:00:00+00:00,61.02725287898446,62.12837029024905,54.49909280658631,56.97306442260742,305909200,0.0,0.0,Exxon Mobil,XOM,Energy
2018-11-30 00:00:00+00:00,57.08031788373098,59.88321282714963,53.95369288278077,57.42060852050781,287081300,0.82,0.0,Exxon Mobil,XOM,Energy
2018-12-31 00:00:00+00:00,57.95510435741362,59.190155266965576,46.69486988684916,49.2517204284668,380647000,0.0,0.0,Exxon Mobil,XOM,Energy
2019-01-31 00:00:00+00:00,48.644998669643016,53.0797541175762,48.57999686064306,52.92807769775391,269226500,0.0,0.0,Exxon Mobil,XOM,Energy
2019-02-28 00:00:00+00:00,54.11258634869289,58.24068062396343,53.114034241401214,57.71487045288086,245067300,0.82,0.0,Exxon Mobil,XOM,Energy
2019-03-31 00:00:00+00:00,57.97044340015782,59.88381225935261,56.86042298505212,59.00748062133789,272454400,0.0,0.0,Exxon Mobil,XOM,Energy
2019-04-30 00:00:00+00:00,59.32150783752717,60.97196449690171,58.10192683212809,58.62773513793945,219523400,0.0,0.0,Exxon Mobil,XOM,Energy
2019-05-31 00:00:00+00:00,58.37944147386582,58.6131342795339,52.171661841756986,52.27507400512695,250094000,0.87,0.0,Exxon Mobil,XOM,Energy
2019-06-30 00:00:00+00:00,52.51145025310879,57.43831801643324,52.42281446816855,56.60361099243164,218953600,0.0,0.0,Exxon Mobil,XOM,Energy
2019-07-31 00:00:00+00:00,56.972950981966775,57.56388234818307,54.7938928978587,54.92686080932617,186899500,0.0,0.0,Exxon Mobil,XOM,Energy
2019-08-31 00:00:00+00:00,54.46890048309082,54.86039019833347,49.75418690940864,51.21249008178711,277599800,0.87,0.0,Exxon Mobil,XOM,Energy
2019-09-30 00:00:00+00:00,50.77125301216601,56.22306153272982,50.5768114985272,52.80539321899414,215355500,0.0,0.0,Exxon Mobil,XOM,Energy
2019-10-31 00:00:00+00:00,52.96991857796396,53.02974761040084,49.58966630285334,50.53194808959961,237608200,0.0,0.0,Exxon Mobil,XOM,Energy
2019-11-30 00:00:00+00:00,51.14517889297201,54.682493422542926,50.9521438363978,51.5651969909668,249330500,0.87,0.0,Exxon Mobil,XOM,Energy
2019-12-31 00:00:00+00:00,51.84523379155048,53.389245747682345,51.10350858813469,52.81402206420898,286029400,0.0,0.0,Exxon Mobil,XOM,Energy
2020-01-31 00:00:00+00:00,53.16217157471912,54.01744483175625,46.81965396560141,47.01643753051758,359133900,0.0,0.0,Exxon Mobil,XOM,Energy
2020-02-29 00:00:00+00:00,46.45636068895904,47.69005209223562,36.85874538233575,39.49206161499024,479874900,0.87,0.0,Exxon Mobil,XOM,Energy
2020-03-31 00:00:00+00:00,40.37496391186106,41.57262472471427,23.11637276859576,29.150733947753903,1171277200,0.0,0.0,Exxon Mobil,XOM,Energy
2020-04-30 00:00:00+00:00,28.298558538383386,36.6054023248815,27.899338159914947,35.676448822021484,791507100,0.0,0.0,Exxon Mobil,XOM,Energy
2020-05-31 00:00:00+00:00,35.0315584253147,36.89253967255232,31.46117468878279,35.585575103759766,477169600,0.87,0.0,Exxon Mobil,XOM,Energy
2020-06-30 00:00:00+00:00,35.46818267606795,43.325644922112495,33.77773597723936,34.998619079589844,584980000,0.0,0.0,Exxon Mobil,XOM,Energy
2020-07-31 00:00:00+00:00,34.818607074443264,35.51513523527859,32.01683991713367,32.93250274658203,447137800,0.0,0.0,Exxon Mobil,XOM,Energy
2020-08-31 00:00:00+00:00,32.90902404215348,36.32905888416008,31.371580268254423,31.87435340881348,449216800,0.87,0.0,Exxon Mobil,XOM,Energy
2020-09-30 00:00:00+00:00,31.722714236415257,31.946167691121445,26.94236225671792,27.39726448059082,590803600,0.0,0.0,Exxon Mobil,XOM,Energy
2020-10-31 00:00:00+00:00,26.966305233861345,28.690105442212417,24.82752219453788,26.03258514404297,630433400,0.0,0.0,Exxon Mobil,XOM,Energy
2020-11-30 00:00:00+00:00,26.44757005141288,34.39240945288215,25.960757985269588,31.16403579711914,703960200,0.87,0.0,Exxon Mobil,XOM,Energy
2020-12-31 00:00:00+00:00,31.84240211467538,36.34577929694464,31.33567271441075,33.68951797485352,603794500,0.0,0.0,Exxon Mobil,XOM,Energy
2021-01-31 00:00:00+00:00,33.877496791395835,41.74820276787779,33.50970670401332,36.64818954467773,594784100,0.0,0.0,Exxon Mobil,XOM,Energy
2021-02-28 00:00:00+00:00,37.25299732143305,47.58563111383759,36.19866650264742,45.19178771972656,543959000,0.87,0.0,Exxon Mobil,XOM,Energy
2021-03-31 00:00:00+00:00,46.93729528375705,51.99092449307179,45.25829495122979,46.40533447265625,790785000,0.0,0.0,Exxon Mobil,XOM,Energy
2021-04-30 00:00:00+00:00,46.8126152740401,49.43917303271485,45.13362229828636,47.57731246948242,457851400,0.0,0.0,Exxon Mobil,XOM,Energy
2021-05-31 00:00:00+00:00,48.1923872503458,53.2127666615978,47.99290346142974,49.22334289550781,521302100,0.87,0.0,Exxon Mobil,XOM,Energy
2021-06-30 00:00:00+00:00,50.134105800949975,54.75538634115544,50.134105800949975,53.19528198242188,526456700,0.0,0.0,Exxon Mobil,XOM,Energy
2021-07-31 00:00:00+00:00,54.24940901959424,54.32530281728627,46.04409701456833,48.548709869384766,435901400,0.0,0.0,Exxon Mobil,XOM,Energy
2021-08-31 00:00:00+00:00,48.53183920200696,49.80522203157669,44.600862118979855,46.67253494262695,406363800,0.87,0.0,Exxon Mobil,XOM,Energy
2021-09-30 00:00:00+00:00,46.64684932069463,51.77466524022329,45.3370764674609,50.35360336303711,482908500,0.0,0.0,Exxon Mobil,XOM,Energy
2021-10-31 00:00:00+00:00,50.85868124755464,56.44877066578881,50.85868124755464,55.19036102294922,435214600,0.0,0.0,Exxon Mobil,XOM,Energy
2021-11-30 00:00:00+00:00,55.703994776098185,56.955803235061786,51.654968255069775,51.91523361206055,416061500,0.88,0.0,Exxon Mobil,XOM,Energy
2021-12-31 00:00:00+00:00,52.83484928141795,54.96040125178672,50.28420533117041,53.08645248413086,433112300,0.0,0.0,Exxon Mobil,XOM,Energy
2022-01-31 00:00:00+00:00,53.12982836354667,66.29950136581822,53.1037990914095,65.90042114257812,608287500,0.0,0.0,Exxon Mobil,XOM,Energy
2022-02-28 00:00:00+00:00,66.3255308719868,72.07750549586171,64.93801723030221,68.78886413574219,628643600,0.88,0.0,Exxon Mobil,XOM,Energy
2022-03-31 00:00:00+00:00,69.09587142715372,80.27122494544435,66.88536353772236,72.44670867919922,853500100,0.0,0.0,Exxon Mobil,XOM,Energy
2022-04-30 00:00:00+00:00,71.92042031746061,78.77122966385159,69.55203064954496,74.78003692626953,505627700,0.0,0.0,Exxon Mobil,XOM,Energy
2022-05-31 00:00:00+00:00,74.56951627674627,88.42208808965856,73.26251486870981,85.0723648071289,659837300,0.88,0.0,Exxon Mobil,XOM,Energy
2022-06-30 00:00:00+00:00,85.9762518968777,93.55302038633648,74.01295177126177,75.89163208007812,660217900,0.0,0.0,Exxon Mobil,XOM,Energy
2022-07-31 00:00:00+00:00,76.86642582672535,86.41932926386721,71.50510106666435,85.89649200439453,427905800,0.0,0.0,Exxon Mobil,XOM,Energy
2022-08-31 00:00:00+00:00,84.00010590525027,90.87392882889608,76.45879405869094,85.53208923339844,424555300,0.88,0.0,Exxon Mobil,XOM,Energy
2022-09-30 00:00:00+00:00,84.48519015833853,88.75330912567007,75.06315819750652,78.12329864501953,411406700,0.0,0.0,Exxon Mobil,XOM,Energy
2022-10-31 00:00:00+00:00,80.56605987994074,101.02968723559844,80.27973031183069,99.15064239501952,431618500,0.0,0.0,Exxon Mobil,XOM,Energy
2022-11-30 00:00:00+00:00,100.54650888288704,103.4034281451882,96.2515603827615,100.42688751220705,368035500,0.91,0.0,Exxon Mobil,XOM,Energy
2022-12-31 00:00:00+00:00,100.69748251228616,101.08533586634783,92.3360928311904,99.48883056640624,376504300,0.0,0.0,Exxon Mobil,XOM,Energy
2023-01-31 00:00:00+00:00,99.0197891267736,106.2356803909065,94.49184498701428,104.63916015625,329848000,0.0,0.0,Exxon Mobil,XOM,Energy
2023-02-28 00:00:00+00:00,104.476803174482,107.90434510919144,98.74555865174892,99.89990234375,311238300,0.91,0.0,Exxon Mobil,XOM,Energy
2023-03-31 00:00:00+00:00,99.35453934576924,103.47198403857264,89.09277903250823,99.67266845703124,412537000,0.0,0.0,Exxon Mobil,XOM,Energy
2023-04-30 00:00:00+00:00,103.0629618794844,108.99823632073424,102.8175552838258,107.5621337890625,293296700,0.0,0.0,Exxon Mobil,XOM,Energy
2023-05-31 00:00:00+00:00,105.42615955665106,106.61685546588886,93.27641022799207,93.6798095703125,332367700,0.91,0.0,Exxon Mobil,XOM,Energy
2023-06-30 00:00:00+00:00,93.2855828101534,100.06082577738242,92.83634707258612,98.32806396484376,322616800,0.0,0.0,Exxon Mobil,XOM,Energy
2023-07-31 00:00:00+00:00,98.54807970667218,99.43738810292474,91.88285990559037,98.3188705444336,350375000,0.0,0.0,Exxon Mobil,XOM,Energy
2023-08-31 00:00:00+00:00,98.05300028328058,102.9885388858115,95.87099949623504,102.77594757080078,315906900,0.91,0.0,Exxon Mobil,XOM,Energy
2023-09-30 00:00:00+00:00,103.70950723452738,111.56630094032091,103.70950723452738,108.6823959350586,320591300,0.0,0.0,Exxon Mobil,XOM,Energy
2023-10-31 00:00:00+00:00,108.63617456548693,108.87650161179256,96.629175622524,97.8400421142578,493940300,0.0,0.0,Exxon Mobil,XOM,Energy
2023-11-30 00:00:00+00:00,98.46857809481592,100.9272803815457,94.35064720025694,95.83377075195312,433374000,0.95,0.0,Exxon Mobil,XOM,Energy
2023-12-31 00:00:00+00:00,95.60990321210184,97.214285165625,90.92733855150988,93.25930786132812,453936600,0.0,0.0,Exxon Mobil,XOM,Energy
2024-01-31 00:00:00+00:00,94.13609681825088,97.82992316768836,89.33229281531561,95.89905548095705,413193000,0.0,0.0,Exxon Mobil,XOM,Energy
2024-02-29 00:00:00+00:00,96.60797381041787,99.25690712363824,93.74434117569454,98.40018463134766,360901900,0.95,0.0,Exxon Mobil,XOM,Energy
2024-03-31 00:00:00+00:00,99.5299217239421,109.631678549292,97.93889300381517,109.43397521972656,353953300,0.0,0.0,Exxon Mobil,XOM,Energy
2024-04-30 00:00:00+00:00,109.59401815007006,116.50424432202117,108.62432020747342,111.3450927734375,385735900,0.0,0.0,Exxon Mobil,XOM,Energy
2024-05-31 00:00:00+00:00,111.35452619126504,113.7870325319181,107.06744521962156,111.29092407226562,415960600,0.95,0.0,Exxon Mobil,XOM,Energy
2024-06-30 00:00:00+00:00,110.37979463293144,110.60757081072606,102.67312618549276,109.25985717773438,345560000,0.0,0.0,Exxon Mobil,XOM,Energy
2024-07-31 00:00:00+00:00,109.81980787059663,113.8155074388132,104.79910480496034,112.55321502685548,277953800,0.0,0.0,Exxon Mobil,XOM,Energy
2024-08-31 00:00:00+00:00,112.32543138865816,115.28673412219544,107.48504402307684,112.83748626708984,284673400,0.95,0.0,Exxon Mobil,XOM,Energy
2024-09-30 00:00:00+00:00,110.82833010760542,113.0479703616624,103.1074662484708,112.1486358642578,320434700,0.0,0.0,Exxon Mobil,XOM,Energy
2024-10-31 00:00:00+00:00,111.01968273659226,120.87406540867782,110.91444115812182,111.72766876220705,302678700,0.0,0.0,Exxon Mobil,XOM,Energy
2024-11-30 00:00:00+00:00,114.74137928764836,118.8481132563591,109.8715879568741,113.78397369384766,290430400,0.99,0.0,Exxon Mobil,XOM,Energy
2024-12-31 00:00:00+00:00,113.87079571777316,114.51706506327773,101.12844433078396,103.76179504394533,355120300,0.0,0.0,Exxon Mobil,XOM,Energy
2025-01-31 00:00:00+00:00,104.44667045552544,108.8741750132106,102.03516828007122,103.04800415039062,307740300,0.0,0.0,Exxon Mobil,XOM,Energy
2025-02-28 00:00:00+00:00,102.86472384825966,109.41007305279344,101.59145486040312,108.34925079345705,274851800,0.99,0.0,Exxon Mobil,XOM,Energy
2025-03-31 00:00:00+00:00,108.70934531782127,116.69953810235418,100.89434432590784,115.74577331542967,385645100,0.0,0.0,Exxon Mobil,XOM,Energy
2025-04-30 00:00:00+00:00,116.028009964131,116.08640115063544,95.1815096628531,102.80186462402344,398115700,0.0,0.0,Exxon Mobil,XOM,Energy
2025-05-31 00:00:00+00:00,102.2860514796201,107.55121005907792,99.38777334173,100.4780044555664,327011700,0.99,0.0,Exxon Mobil,XOM,Energy
2025-06-30 00:00:00+00:00,101.90216745502508,114.8670695347602,99.91815521552265,105.88004302978516,410054300,0.0,0.0,Exxon Mobil,XOM,Energy
2025-07-31 00:00:00+00:00,106.20416433397791,113.69826987334072,105.24162267173936,109.65164947509766,317767900,0.0,0.0,Exxon Mobil,XOM,Energy
2025-08-31 00:00:00+00:00,110.00523925917771,113.79468347598136,103.65046951081035,113.29901885986328,327731800,0.99,0.0,Exxon Mobil,XOM,Energy
2025-09-30 00:00:00+00:00,113.1899765941318,117.33372799577,107.41052049907542,111.77237701416016,351985100,0.0,0.0,Exxon Mobil,XOM,Energy
2025-10-31 00:00:00+00:00,111.58401640751998,116.0350883120368,109.43283937018232,113.36841583251952,288638900,0.0,0.0,Exxon Mobil,XOM,Energy
2025-11-30 00:00:00+00:00,113.5072021523262,119.76248485348904,111.53445797757612,115.91999816894533,279417000,1.03,0.0,Exxon Mobil,XOM,Energy
2025-12-31 00:00:00+00:00,116.0999984741211,121.8000030517578,114.61000061035156,120.33999633789062,344720800,0.0,0.0,Exxon Mobil,XOM,Energy
2026-01-31 00:00:00+00:00,120.08999633789062,125.93000030517578,118.2699966430664,122.91000366210938,108192300,0.0,0.0,Exxon Mobil,XOM,Energy
2016-01-31 00:00:00+00:00,1365.6346206849546,1441.2530517578125,1345.102744254801,1441.2530517578125,146500463,0.0,0.0,GSK,GSK.L,Pharma
2016-02-29 00:00:00+00:00,1452.2704546091345,1466.7931541285918,1316.3200243747551,1402.216796875,199226045,53.750004,0.0,GSK,GSK.L,Pharma
2016-03-31 00:00:00+00:00,1404.7216595215082,1439.7895590830465,1364.6440220017337,1417.24609375,196409394,0.0,0.0,GSK,GSK.L,Pharma
2016-04-30 00:00:00+00:00,1417.2459501470682,1535.0702880267204,1407.727804589698,1461.83251953125,156882290,0.0,0.0,GSK,GSK.L,Pharma
2016-05-31 00:00:00+00:00,1478.3644429111578,1483.8746029396348,1410.457763671875,1450.54150390625,141639692,23.75,0.0,GSK,GSK.L,Pharma
2016-06-30 00:00:00+00:00,1449.5392912261427,1624.405971402044,1365.864265502113,1603.3619384765625,233977565,0.0,0.0,GSK,GSK.L,Pharma
2016-07-31 00:00:00+00:00,1605.3670580290077,1720.1071768722425,1595.8463937403055,1704.073486328125,182899761,0.0,0.0,GSK,GSK.L,Pharma
2016-08-31 00:00:00+00:00,1708.58326727673,1720.34595347198,1600.578222652436,1603.0838623046875,155842080,23.75,0.0,GSK,GSK.L,Pharma
2016-09-30 00:00:00+00:00,1606.0907823289947,1696.79333255585,1585.0438399158584,1646.681396484375,156119628,0.0,0.0,GSK,GSK.L,Pharma
2016-10-31 00:00:00+00:00,1656.2025142681548,1749.473213371676,1595.817714651188,1622.12646484375,213090150,0.0,0.0,GSK,GSK.L,Pharma
2016-11-30 00:00:00+00:00,1610.0992671321364,1627.638352969498,1498.6203961359292,1499.070556640625,224781493,23.75,0.0,GSK,GSK.L,Pharma
2016-12-31 00:00:00+00:00,1477.0181185009149,1567.2333114934784,1449.9536932209394,1565.7293701171875,162202699,0.0,0.0,GSK,GSK.L,Pharma
2017-01-31 00:00:00+00:00,1567.2330230018058,1623.8684651138074,1515.1087337819158,1531.6483154296875,160212123,0.0,0.0,GSK,GSK.L,Pharma
2017-02-28 00:00:00+00:00,1545.6820075829255,1663.2486268299665,1521.1234271461426,1652.2198486328125,173301261,28.75,0.0,GSK,GSK.L,Pharma
2017-03-31 00:00:00+00:00,1655.7288169441922,1702.348362764562,1646.2045649240767,1663.74951171875,189522862,0.0,0.0,GSK,GSK.L,Pharma
2017-04-30 00:00:00+00:00,1665.2532721670325,1676.7827007770798,1547.1017087641276,1553.968994140625,177564741,0.0,0.0,GSK,GSK.L,Pharma
2017-05-31 00:00:00+00:00,1568.5061923566095,1727.161623009128,1561.989521460267,1708.1102294921875,233461609,23.75,0.0,GSK,GSK.L,Pharma
2017-06-30 00:00:00+00:00,1718.638570092472,1729.1667161795983,1631.5952861042508,1639.9256591796875,113535623,0.0,0.0,GSK,GSK.L,Pharma
2017-07-31 00:00:00+00:00,1639.925955243302,1640.9287496452544,1512.0810412189064,1520.60400390625,182894542,0.0,0.0,GSK,GSK.L,Pharma
2017-08-31 00:00:00+00:00,1520.1026737726925,1547.4172816154803,1468.4020130981255,1536.8873291015625,148309949,23.75,0.0,GSK,GSK.L,Pharma
2017-09-30 00:00:00+00:00,1532.876015433446,1532.876015433446,1448.1339809744036,1492.7618408203125,172844568,0.0,0.0,GSK,GSK.L,Pharma
2017-10-31 00:00:00+00:00,1498.7787279987883,1548.9215975979398,1350.8561568626733,1361.3863525390625,222336020,0.0,0.0,GSK,GSK.L,Pharma
2017-11-30 00:00:00+00:00,1358.8791648166386,1388.3895293434289,1281.3788818730022,1283.3848876953125,232804108,23.75,0.0,GSK,GSK.L,Pharma
2017-12-31 00:00:00+00:00,1292.4122441023928,1327.1879827841797,1273.8562255736083,1326.5155029296875,200622467,0.0,0.0,GSK,GSK.L,Pharma
2018-01-31 00:00:00+00:00,1327.0172753285135,1385.1936043872945,1315.7832025953169,1324.4090576171875,238925677,0.0,0.0,GSK,GSK.L,Pharma
2018-02-28 00:00:00+00:00,1317.3879978022703,1336.044580037814,1240.154121878344,1311.45166015625,230509779,28.75,0.0,GSK,GSK.L,Pharma
2018-03-31 00:00:00+00:00,1307.2380470310502,1410.9744867656166,1273.9299951094715,1398.5340576171875,235767749,0.0,0.0,GSK,GSK.L,Pharma
2018-04-30 00:00:00+00:00,1382.2814609266195,1482.6065024301502,1374.2554632195472,1472.57421875,209705002,0.0,0.0,GSK,GSK.L,Pharma
2018-05-31 00:00:00+00:00,1477.3898031642264,1540.2382458724885,1453.3117380111464,1527.99658203125,206914232,23.75,0.0,GSK,GSK.L,Pharma
2018-06-30 00:00:00+00:00,1538.2316437217555,1595.426058839867,1481.2376426014696,1535.0206298828125,210490325,0.0,0.0,GSK,GSK.L,Pharma
2018-07-31 00:00:00+00:00,1526.3913250236744,1603.2527579313992,1489.264958721563,1577.76611328125,225084163,0.0,0.0,GSK,GSK.L,Pharma
2018-08-31 00:00:00+00:00,1560.908806535038,1630.7842282839154,1535.823471734061,1565.9541015625,178322131,23.75,0.0,GSK,GSK.L,Pharma
2018-09-30 00:00:00+00:00,1571.5741869948974,1599.0717407050788,1480.852220410704,1537.4527587890625,169780644,0.0,0.0,GSK,GSK.L,Pharma
2018-10-31 00:00:00+00:00,1529.42495823706,1603.4869712207978,1433.6847041739709,1516.5787353515625,218168049,0.0,0.0,GSK,GSK.L,Pharma
2018-11-30 00:00:00+00:00,1508.3497636413504,1627.619140625,1481.4544968059913,1627.619140625,217333709,23.75,0.0,GSK,GSK.L,Pharma
2018-12-31 00:00:00+00:00,1651.1060336143776,1654.920182302072,1414.029511848814,1496.7349853515625,290098673,0.0,0.0,GSK,GSK.L,Pharma
2019-01-31 00:00:00+00:00,1475.8576709293109,1561.9765087456217,1435.1071990092591,1482.683349609375,177233734,0.0,0.0,GSK,GSK.L,Pharma
2019-02-28 00:00:00+00:00,1492.5195899901023,1598.3106082910094,1478.2667289896426,1503.230712890625,166632173,28.75,0.0,GSK,GSK.L,Pharma
2019-03-31 00:00:00+00:00,1514.0728058558648,1615.2654879428756,1490.9833313173715,1588.1602783203125,199852105,0.0,0.0,GSK,GSK.L,Pharma
2019-04-30 00:00:00+00:00,1589.1640338198831,1615.4659808921283,1526.1193761360155,1565.87353515625,160320452,0.0,0.0,GSK,GSK.L,Pharma
2019-05-31 00:00:00+00:00,1591.1717604066175,1601.256106218443,1501.2231885950123,1533.181640625,177863265,23.75,0.0,GSK,GSK.L,Pharma
2019-06-30 00:00:00+00:00,1530.5713297042926,1627.562188970992,1516.5144423196257,1596.838623046875,175453911,0.0,0.0,GSK,GSK.L,Pharma
2019-07-31 00:00:00+00:00,1606.4772508993287,1756.4818719488212,1598.0432580769643,1717.32421875,204223509,0.0,0.0,GSK,GSK.L,Pharma
2019-08-31 00:00:00+00:00,1720.5372679201555,1728.971261014253,1639.4422894421102,1718.773681640625,155356197,23.75,0.0,GSK,GSK.L,Pharma
2019-09-30 00:00:00+00:00,1719.175090956864,1774.405452002538,1629.1997139162947,1737.85302734375,211577678,0.0,0.0,GSK,GSK.L,Pharma
2019-10-31 00:00:00+00:00,1730.422113493846,1803.9289361465776,1619.1576416370435,1776.012451171875,198548539,0.0,0.0,GSK,GSK.L,Pharma
2019-11-30 00:00:00+00:00,1776.2129700890357,1782.8406290630255,1671.978365732476,1761.5899658203125,141762514,23.75,0.0,GSK,GSK.L,Pharma
2019-12-31 00:00:00+00:00,1759.3804520834165,1858.4071661952664,1663.9696117720084,1786.6982421875,198900264,0.0,0.0,GSK,GSK.L,Pharma
2020-01-31 00:00:00+00:00,1787.9030172972036,1865.035637690717,1757.3713764517688,1791.7198486328125,162564739,0.0,0.0,GSK,GSK.L,Pharma
2020-02-29 00:00:00+00:00,1791.7198571773015,1854.9925255555077,1540.0964785546323,1569.2269287109375,244057955,28.75,0.0,GSK,GSK.L,Pharma
2020-03-31 00:00:00+00:00,1596.1473975712504,1676.5074437250055,1334.1610330419169,1506.1441650390625,425678579,0.0,0.0,GSK,GSK.L,Pharma
2020-04-30 00:00:00+00:00,1520.6090583600987,1780.4827442166231,1463.1517849982172,1618.447265625,211442225,0.0,0.0,GSK,GSK.L,Pharma
2020-05-31 00:00:00+00:00,1634.519245814953,1756.4150688378638,1625.47869876322,1669.50048828125,198865030,23.75,0.0,GSK,GSK.L,Pharma
2020-06-30 00:00:00+00:00,1658.449650709258,1701.4481258977926,1569.0374960435968,1644.987548828125,176814131,0.0,0.0,GSK,GSK.L,Pharma
2020-07-31 00:00:00+00:00,1652.0201448257435,1677.5379041303304,1517.8773027116274,1536.8892822265625,168309875,0.0,0.0,GSK,GSK.L,Pharma
2020-08-31 00:00:00+00:00,1540.304777629148,1626.703543329244,1445.8794616860473,1452.7120361328125,134229989,23.75,0.0,GSK,GSK.L,Pharma
2020-09-30 00:00:00+00:00,1462.760254704362,1555.4812583496537,1435.4300923395883,1450.702880859375,161779976,0.0,0.0,GSK,GSK.L,Pharma
2020-10-31 00:00:00+00:00,1440.4537605116718,1468.587652608538,1290.1383868798048,1297.9757080078125,189861379,0.0,0.0,GSK,GSK.L,Pharma
2020-11-30 00:00:00+00:00,1306.4161716015672,1489.2863970288258,1300.1865420350953,1376.771728515625,257202572,23.75,0.0,GSK,GSK.L,Pharma
2020-12-31 00:00:00+00:00,1367.526077470409,1441.28901991439,1335.3678197758704,1348.633544921875,192697095,0.0,0.0,GSK,GSK.L,Pharma
2021-01-31 00:00:00+00:00,1364.9135870491775,1453.7503136666594,1358.8835400708865,1363.707275390625,188976600,0.0,0.0,GSK,GSK.L,Pharma
2021-02-28 00:00:00+00:00,1366.7221251876704,1391.8460079068575,1196.95361328125,1196.95361328125,246397617,28.75,0.0,GSK,GSK.L,Pharma
2021-03-31 00:00:00+00:00,1208.8147120118683,1321.8605092655073,1201.9795062615462,1284.2022705078125,259341153,0.0,0.0,GSK,GSK.L,Pharma
2021-04-30 00:00:00+00:00,1291.037460633156,1396.177554075608,1275.646979350446,1346.522216796875,174451276,0.0,0.0,GSK,GSK.L,Pharma
2021-05-31 00:00:00+00:00,1344.9140544324098,1392.9613974409558,1326.419210623652,1344.9451904296875,181895348,23.75,0.0,GSK,GSK.L,Pharma
2021-06-30 00:00:00+00:00,1342.934215364197,1459.3529871681862,1337.5057090892817,1445.6802978515625,187318946,0.0,0.0,GSK,GSK.L,Pharma
2021-07-31 00:00:00+00:00,1445.8813954333154,1456.8124704236657,1390.6532283545785,1425.3726806640625,129104647,0.0,0.0,GSK,GSK.L,Pharma
2021-08-31 00:00:00+00:00,1428.9917512215588,1536.965263200351,1222.323759164602,1479.4871826171875,131554082,23.75,0.0,GSK,GSK.L,Pharma
2021-09-30 00:00:00+00:00,1482.50396055776,1504.2226274377356,1384.9707754210604,1393.215576171875,156649852,0.0,0.0,GSK,GSK.L,Pharma
2021-10-31 00:00:00+00:00,1392.411376953125,1520.3103213009867,1370.2905713392304,1516.8916015625,148052669,0.0,0.0,GSK,GSK.L,Pharma
2021-11-30 00:00:00+00:00,1528.3543781645224,1613.218294220801,1494.650170889737,1533.6136474609375,226493885,23.75,0.0,GSK,GSK.L,Pharma
2021-12-31 00:00:00+00:00,1532.407182026203,1637.9826650165855,1529.792363574407,1615.6748046875,168588302,0.0,0.0,GSK,GSK.L,Pharma
2022-01-31 00:00:00+00:00,1599.584255639361,1746.8112958643817,1587.7179480142283,1652.2803955078125,198250714,0.0,0.0,GSK,GSK.L,Pharma
2022-02-28 00:00:00+00:00,1651.676904838827,1676.4157792105714,1511.1179245405417,1554.4112548828125,181201325,28.75,0.0,GSK,GSK.L,Pharma
2022-03-31 00:00:00+00:00,1568.29179847853,1676.5191489825393,1453.827857965473,1666.2596435546875,250330849,0.0,0.0,GSK,GSK.L,Pharma
2022-04-30 00:00:00+00:00,1676.9213739101083,1827.59483019677,1658.011722648334,1807.4781494140625,183701136,0.0,0.0,GSK,GSK.L,Pharma
2022-05-31 00:00:00+00:00,1776.4986214701837,1816.3908674588024,1712.9301234311963,1717.9267578125,280883453,17.5,0.0,GSK,GSK.L,Pharma
2022-06-30 00:00:00+00:00,1732.210830450834,2742.6945300989046,1675.8787717039668,1796.1878662109375,244977580,0.0,0.0,GSK,GSK.L,Pharma
2022-07-31 00:00:00+00:00,1802.8271077303984,1835.217757277536,1675.275243536827,1691.3988037109375,241643066,0.0,0.8,GSK,GSK.L,Pharma
2022-08-31 00:00:00+00:00,1679.4160501675797,1706.1779872788002,1348.7193286887018,1355.4315185546875,259580961,16.25,0.0,GSK,GSK.L,Pharma
2022-09-30 00:00:00+00:00,1356.4302762278394,1387.1900675319823,1279.251214105314,1304.0987548828125,215544424,0.0,0.0,GSK,GSK.L,Pharma
2022-10-31 00:00:00+00:00,1288.319206657661,1437.3248289558674,1284.5241090673428,1426.9384765625,171878489,0.0,0.0,GSK,GSK.L,Pharma
2022-11-30 00:00:00+00:00,1432.730553572562,1473.4775269229187,1308.8924256757607,1405.1075439453125,221478121,13.75,0.0,GSK,GSK.L,Pharma
2022-12-31 00:00:00+00:00,1410.9005853200272,1607.0639211152927,1386.1302490234375,1435.8704833984375,190573437,0.0,0.0,GSK,GSK.L,Pharma
2023-01-31 00:00:00+00:00,1420.2892825799015,1468.4312474675871,1383.5335375525449,1421.6875,224516890,0.0,0.0,GSK,GSK.L,Pharma
2023-02-28 00:00:00+00:00,1436.4694409180677,1515.774066926279,1403.3094374988552,1423.8172607421875,224061480,13.75,0.0,GSK,GSK.L,Pharma
2023-03-31 00:00:00+00:00,1413.2288212101123,1450.9870313683084,1370.0767892136137,1427.4132080078125,197590171,0.0,0.0,GSK,GSK.L,Pharma
2023-04-30 00:00:00+00:00,1432.607336946313,1531.8969476891627,1425.215839775981,1439.4000244140625,144261130,0.0,0.0,GSK,GSK.L,Pharma
2023-05-31 00:00:00+00:00,1444.7941937341882,1484.1504042325114,1331.4495665891302,1346.2344970703125,182734635,14.0,0.0,GSK,GSK.L,Pharma
2023-06-30 00:00:00+00:00,1344.6359040428786,1442.5364879071417,1335.2215044956802,1387.3924560546875,182355247,0.0,0.0,GSK,GSK.L,Pharma
2023-07-31 00:00:00+00:00,1387.392545688806,1422.1572958650495,1301.2798889870664,1370.2099609375,143829812,0.0,0.0,GSK,GSK.L,Pharma
2023-08-31 00:00:00+00:00,1357.223151490214,1416.1082356242716,1328.845768885517,1386.335205078125,129041739,14.0,0.0,GSK,GSK.L,Pharma
2023-09-30 00:00:00+00:00,1390.3317402218552,1553.1831991377226,1358.360830781417,1490.64013671875,164667330,0.0,0.0,GSK,GSK.L,Pharma
2023-10-31 00:00:00+00:00,1488.8417613842096,1561.7750791162152,1429.2961138781134,1456.07177734375,160880107,0.0,0.0,GSK,GSK.L,Pharma
2023-11-30 00:00:00+00:00,1499.6319096257632,1511.8207411202468,1370.2877717500528,1418.248779296875,163844551,14.0,0.0,GSK,GSK.L,Pharma
2023-12-31 00:00:00+00:00,1424.8433164633748,1724.410187568422,1413.6526162648015,1449.02392578125,141771718,0.0,0.0,GSK,GSK.L,Pharma
2024-01-31 00:00:00+00:00,1459.0157730181895,1621.2839636864444,1452.021449807227,1566.728271484375,188576313,0.0,0.0,GSK,GSK.L,Pharma
2024-02-29 00:00:00+00:00,1581.5164291289102,1697.9856497520527,1559.3343597093526,1663.410400390625,227039322,16.0,0.0,GSK,GSK.L,Pharma
2024-03-31 00:00:00+00:00,1666.0082250732569,1718.5707570535858,1637.4287250208597,1707.37890625,168132683,0.0,0.0,GSK,GSK.L,Pharma
2024-04-30 00:00:00+00:00,1651.8185486830794,1716.7720804790597,1573.874210550906,1703.7813720703125,145533683,0.0,0.0,GSK,GSK.L,Pharma
2024-05-31 00:00:00+00:00,1703.7812029656764,1822.3472725515576,1694.787636498409,1765.383544921875,148784485,15.000001,0.0,GSK,GSK.L,Pharma
2024-06-30 00:00:00+00:00,1615.4782973803924,1662.6255834686035,1483.061949003727,1525.035400390625,198640566,0.0,0.0,GSK,GSK.L,Pharma
2024-07-31 00:00:00+00:00,1514.5420977760875,1668.2049607128115,1478.564858941695,1525.035400390625,166265640,0.0,0.0,GSK,GSK.L,Pharma
2024-08-31 00:00:00+00:00,1540.025919453125,1668.6015189272182,1509.545403858176,1656.108154296875,128920035,15.000001,0.0,GSK,GSK.L,Pharma
2024-09-30 00:00:00+00:00,1659.1067041710844,1677.7766204264235,1486.949316069283,1520.68115234375,162947818,0.0,0.0,GSK,GSK.L,Pharma
2024-10-31 00:00:00+00:00,1513.1851109970537,1558.6607335493018,1371.761132943994,1391.7503662109375,188965227,0.0,0.0,GSK,GSK.L,Pharma
2024-11-30 00:00:00+00:00,1413.738653136627,1434.7273500018575,1281.9509137070793,1334.428466796875,188253374,15.000001,0.0,GSK,GSK.L,Pharma
2024-12-31 00:00:00+00:00,1334.4284420461297,1397.9012844889735,1299.943205722942,1345.9234619140625,145203873,0.0,0.0,GSK,GSK.L,Pharma
2025-01-31 00:00:00+00:00,1344.424298833146,1415.3938048986486,1288.4480937401852,1404.3984375,162105397,0.0,0.0,GSK,GSK.L,Pharma
2025-02-28 00:00:00+00:00,1399.9003888356249,1504.3456542754784,1358.9179563660553,1466.035400390625,184791234,16.0,0.0,GSK,GSK.L,Pharma
2025-03-31 00:00:00+00:00,1468.0347351301114,1560.0054697055714,1452.5395949503302,1468.534423828125,224682039,0.0,0.0,GSK,GSK.L,Pharma
2025-04-30 00:00:00+00:00,1440.043558323637,1505.022935847381,1242.1062998228435,1462.536376953125,254872988,0.0,0.0,GSK,GSK.L,Pharma
2025-05-31 00:00:00+00:00,1449.5405403218847,1516.6977143771774,1328.0790174347285,1506.69970703125,162850630,16.0,0.0,GSK,GSK.L,Pharma
2025-06-30 00:00:00+00:00,1512.6985508636494,1556.6897899114383,1383.584318414146,1412.2186279296875,218885161,0.0,0.0,GSK,GSK.L,Pharma
2025-07-31 00:00:00+00:00,1411.2187176528828,1495.202052739597,1314.7380197225054,1396.2216796875,199257394,0.0,0.0,GSK,GSK.L,Pharma
2025-08-31 00:00:00+00:00,1402.2205163753156,1498.8685289945663,1288.4918928018967,1447.373046875,146226070,16.0,0.0,GSK,GSK.L,Pharma
2025-09-30 00:00:00+00:00,1444.3732375754846,1671.993352067754,1440.1636460840598,1671.3533935546875,171607055,0.0,0.0,GSK,GSK.L,Pharma
2025-10-31 00:00:00+00:00,1675.3529677538706,1793.8425652906487,1591.8603660300928,1780.34375,198934989,0.0,0.0,GSK,GSK.L,Pharma
2025-11-30 00:00:00+00:00,1782.3435875985456,1829.839395366697,1746.8467458558168,1791.0,187219453,16.0,0.0,GSK,GSK.L,Pharma
2025-12-31 00:00:00+00:00,1790.5,2057.699951171875,1769.5,1824.5,164500393,0.0,0.0,GSK,GSK.L,Pharma
2026-01-31 00:00:00+00:00,1828.0,1909.72998046875,1799.8380126953125,1880.0,36477445,0.0,0.0,GSK,GSK.L,Pharma
2016-01-31 00:00:00+00:00,5.466059305187154,5.701448949276179,4.6942893464920346,5.057020664215088,163525200,0.0,0.0,GameStop,GME,Meme/Speculative
2016-02-29 00:00:00+00:00,5.055091142532752,5.998580543844319,4.775325259607494,5.946485996246338,160745200,0.0,0.0,GameStop,GME,Meme/Speculative
2016-03-31 00:00:00+00:00,5.99086224129393,6.357452763058341,5.542255525991997,6.192105293273926,265259600,0.0925,0.0,GameStop,GME,Meme/Speculative
2016-04-30 00:00:00+00:00,6.192106131879983,6.580453440354306,5.659345906507038,6.400915145874023,267830000,0.0,0.0,GameStop,GME,Meme/Speculative
2016-05-31 00:00:00+00:00,6.402867235000893,6.412624579205414,5.370524773898474,5.678861618041992,280284800,0.0,0.0,GameStop,GME,Meme/Speculative
2016-06-30 00:00:00+00:00,5.663249971498578,5.721793871524275,4.9782093131597165,5.254996299743652,218932400,0.0925,0.0,GameStop,GME,Meme/Speculative
2016-07-31 00:00:00+00:00,5.3143075810516684,6.296901489636556,5.086947589381494,6.118967533111572,234003600,0.0,0.0,GameStop,GME,Meme/Speculative
2016-08-31 00:00:00+00:00,6.122921599763092,6.459019274469501,5.589118708139658,5.612842559814453,278633600,0.0,0.0,GameStop,GME,Meme/Speculative
2016-09-30 00:00:00+00:00,5.628658298500759,5.7250724947491785,5.34647292239843,5.526757717132568,164595200,0.0925,0.0,GameStop,GME,Meme/Speculative
2016-10-31 00:00:00+00:00,5.526757963313233,5.580843761493398,4.745521155730752,4.817634105682373,206180000,0.0,0.0,GameStop,GME,Meme/Speculative
2016-11-30 00:00:00+00:00,4.809622090662815,5.306409581393583,4.026380657801869,5.019686698913574,283342800,0.0925,0.0,GameStop,GME,Meme/Speculative
2016-12-31 00:00:00+00:00,5.013586793130568,5.4588327714927,4.90583315878064,5.1355719566345215,171006400,0.0,0.0,GameStop,GME,Meme/Speculative
2017-01-31 00:00:00+00:00,5.172167627161554,5.296185292965869,4.527679803408688,4.9790239334106445,245090400,0.0,0.0,GameStop,GME,Meme/Speculative
2017-02-28 00:00:00+00:00,4.97902455123951,5.424269643905385,4.7919806533264016,4.9688591957092285,162952400,0.0,0.0,GameStop,GME,Meme/Speculative
2017-03-31 00:00:00+00:00,4.9952884910582505,5.223095652598879,4.178476090079086,4.655367374420166,346333600,0.095,0.0,GameStop,GME,Meme/Speculative
2017-04-30 00:00:00+00:00,4.649175182692571,4.950586002690766,4.4509860247676665,4.684269905090332,192458000,0.0,0.0,GameStop,GME,Meme/Speculative
2017-05-31 00:00:00+00:00,4.700785830014723,5.225160246848343,4.386987293812989,4.570723533630371,304452800,0.0,0.0,GameStop,GME,Meme/Speculative
2017-06-30 00:00:00+00:00,4.572788855878877,4.740010372579515,4.253910707661055,4.537364482879639,222802000,0.095,0.0,GameStop,GME,Meme/Speculative
2017-07-31 00:00:00+00:00,4.570959199293609,4.6192512756056034,4.335796639172881,4.554162502288818,141908000,0.0,0.0,GameStop,GME,Meme/Speculative
2017-08-31 00:00:00+00:00,4.554162049644687,4.696938639181322,3.878071203915022,3.8843703269958496,286556400,0.0,0.0,GameStop,GME,Meme/Speculative
2017-09-30 00:00:00+00:00,3.90536689633646,4.49123154021911,3.896968091841603,4.424838066101074,161517600,0.095,0.0,GameStop,GME,Meme/Speculative
2017-10-31 00:00:00+00:00,4.42269571505041,4.429121086029913,3.981497409234159,4.002914905548096,152454800,0.0,0.0,GameStop,GME,Meme/Speculative
2017-11-30 00:00:00+00:00,3.9986306473382736,4.2243648730102,3.394660145533948,4.095493316650391,427797200,0.095,0.0,GameStop,GME,Meme/Speculative
2017-12-31 00:00:00+00:00,4.091124370156631,4.337946464949514,3.9185677356118,3.920752048492432,231505200,0.0,0.0,GameStop,GME,Meme/Speculative
2018-01-31 00:00:00+00:00,3.922935745388111,4.436238185547487,3.628060638922984,3.671745777130127,359098000,0.0,0.0,GameStop,GME,Meme/Speculative
2018-02-28 00:00:00+00:00,3.647719309385555,3.71543134448478,3.298236815372898,3.4271082878112797,260966000,0.0,0.0,GameStop,GME,Meme/Speculative
2018-03-31 00:00:00+00:00,3.448951099825889,3.618042954239333,2.7297538859209176,2.8237290382385254,413121600,0.095,0.0,GameStop,GME,Meme/Speculative
2018-04-30 00:00:00+00:00,2.7991169995452623,3.17278007517783,2.7968794447770486,3.054192304611206,377341600,0.0,0.0,GameStop,GME,Meme/Speculative
2018-05-31 00:00:00+00:00,3.0385295858743158,3.107892284838288,2.743179270342943,2.9535043239593506,394070800,0.0,0.0,GameStop,GME,Meme/Speculative
2018-06-30 00:00:00+00:00,2.864004405667393,3.671551645781107,2.8617668510464185,3.3475914001464844,619957200,0.095,0.0,GameStop,GME,Meme/Speculative
2018-07-31 00:00:00+00:00,3.3521863492796107,3.591135888910749,3.216628509512952,3.3108296394348145,208422000,0.0,0.0,GameStop,GME,Meme/Speculative
2018-08-31 00:00:00+00:00,3.3131274594988303,3.967941538309815,3.028226057719603,3.0489044189453125,337704000,0.0,0.0,GameStop,GME,Meme/Speculative
2018-09-30 00:00:00+00:00,3.025928408263918,3.963442527545195,3.0052500470728667,3.5896661281585693,300573200,0.095,0.0,GameStop,GME,Meme/Speculative
2018-10-31 00:00:00+00:00,3.592016696929932,3.6672423508015415,3.2064861351864287,3.4321627616882324,209202800,0.0,0.0,GameStop,GME,Meme/Speculative
2018-11-30 00:00:00+00:00,3.4345134806334454,3.7048551762554727,2.8538668721291267,3.211187601089477,338289200,0.0,0.0,GameStop,GME,Meme/Speculative
2018-12-31 00:00:00+00:00,3.2488005253406493,3.3169736636135623,2.795164051925412,3.0514678955078125,200638000,0.095,0.0,GameStop,GME,Meme/Speculative
2019-01-31 00:00:00+00:00,3.0103625622803167,4.086355703647273,2.6839378390873545,2.741968870162964,428926800,0.0,0.0,GameStop,GME,Meme/Speculative
2019-02-28 00:00:00+00:00,2.7347150635599538,2.884628674033444,2.659758189458099,2.8290154933929443,218825600,0.0,0.0,GameStop,GME,Meme/Speculative
2019-03-31 00:00:00+00:00,2.872538754965001,2.9257341357461963,2.5174999237060547,2.539999961853028,268835200,0.095,0.0,GameStop,GME,Meme/Speculative
2019-04-30 00:00:00+00:00,2.572499990463257,2.6050000190734863,2.132499933242798,2.1624999046325684,458060000,0.0,0.0,GameStop,GME,Meme/Speculative
2019-05-31 00:00:00+00:00,2.164999961853028,2.247499942779541,1.830000042915344,1.8949999809265137,269686800,0.0,0.0,GameStop,GME,Meme/Speculative
2019-06-30 00:00:00+00:00,1.8949999809265137,1.962499976158142,1.1775000095367432,1.3674999475479126,681215600,0.0,0.0,GameStop,GME,Meme/Speculative
2019-07-31 00:00:00+00:00,1.3825000524520874,1.409999966621399,0.975000023841858,1.0049999952316284,619928800,0.0,0.0,GameStop,GME,Meme/Speculative
2019-08-31 00:00:00+00:00,1.0049999952316284,1.090000033378601,0.7875000238418579,0.9925000071525574,603640000,0.0,0.0,GameStop,GME,Meme/Speculative
2019-09-30 00:00:00+00:00,0.9925000071525574,1.409999966621399,0.915000021457672,1.3799999952316284,837567600,0.0,0.0,GameStop,GME,Meme/Speculative
2019-10-31 00:00:00+00:00,1.409999966621399,1.6549999713897705,1.2400000095367432,1.3600000143051147,420686800,0.0,0.0,GameStop,GME,Meme/Speculative
2019-11-30 00:00:00+00:00,1.3624999523162842,1.597499966621399,1.337499976158142,1.5850000381469729,227702800,0.0,0.0,GameStop,GME,Meme/Speculative
2019-12-31 00:00:00+00:00,1.587499976158142,1.7300000190734863,1.2949999570846558,1.5199999809265137,484055200,0.0,0.0,GameStop,GME,Meme/Speculative
2020-01-31 00:00:00+00:00,1.534999966621399,1.6174999475479126,0.9574999809265136,0.959999978542328,324282000,0.0,0.0,GameStop,GME,Meme/Speculative
2020-02-29 00:00:00+00:00,0.9700000286102296,1.127500057220459,0.7950000166893005,0.8999999761581421,223157600,0.0,0.0,GameStop,GME,Meme/Speculative
2020-03-31 00:00:00+00:00,0.8999999761581421,1.2725000381469729,0.8475000262260437,0.875,401905600,0.0,0.0,GameStop,GME,Meme/Speculative
2020-04-30 00:00:00+00:00,0.862500011920929,1.6174999475479126,0.6424999833106995,1.4325000047683716,398940800,0.0,0.0,GameStop,GME,Meme/Speculative
2020-05-31 00:00:00+00:00,1.412500023841858,1.5449999570846558,0.9900000095367432,1.0149999856948853,214030400,0.0,0.0,GameStop,GME,Meme/Speculative
2020-06-30 00:00:00+00:00,1.0299999713897705,1.3825000524520874,1.0049999952316284,1.0850000381469729,401126800,0.0,0.0,GameStop,GME,Meme/Speculative
2020-07-31 00:00:00+00:00,1.0774999856948853,1.1375000476837158,0.9424999952316284,1.002500057220459,221976400,0.0,0.0,GameStop,GME,Meme/Speculative
2020-08-31 00:00:00+00:00,1.0075000524520874,1.787500023841858,1.0,1.6699999570846558,469057600,0.0,0.0,GameStop,GME,Meme/Speculative
2020-09-30 00:00:00+00:00,1.825000047683716,2.7925000190734863,1.4674999713897705,2.549999952316284,1019247200,0.0,0.0,GameStop,GME,Meme/Speculative
2020-10-31 00:00:00+00:00,2.5225000381469727,3.9674999713897705,2.275000095367432,2.617500066757202,1439425200,0.0,0.0,GameStop,GME,Meme/Speculative
2020-11-30 00:00:00+00:00,2.7049999237060547,4.855000019073486,2.625,4.139999866485596,645963200,0.0,0.0,GameStop,GME,Meme/Speculative
2020-12-31 00:00:00+00:00,4.277500152587891,5.587500095367432,3.0350000858306885,4.710000038146973,1005146400,0.0,0.0,GameStop,GME,Meme/Speculative
2021-01-31 00:00:00+00:00,4.75,120.75,4.269999980926514,81.25,5046059200,0.0,0.0,GameStop,GME,Meme/Speculative
2021-02-28 00:00:00+00:00,79.13999938964844,80.5,9.625,25.434999465942383,3309952000,0.0,0.0,GameStop,GME,Meme/Speculative
2021-03-31 00:00:00+00:00,26.13500022888184,87.125,24.99250030517578,47.45500183105469,2718499600,0.0,0.0,GameStop,GME,Meme/Speculative
2021-04-30 00:00:00+00:00,48.34000015258789,49.24250030517578,33.0,43.397499084472656,689661600,0.0,0.0,GameStop,GME,Meme/Speculative
2021-05-31 00:00:00+00:00,44.372501373291016,67.19999694824219,34.125,55.5,549800400,0.0,0.0,GameStop,GME,Meme/Speculative
2021-06-30 00:00:00+00:00,58.369998931884766,86.16500091552734,49.25,53.53499984741211,740087600,0.0,0.0,GameStop,GME,Meme/Speculative
2021-07-31 00:00:00+00:00,53.34999847412109,54.20750045776367,39.50249862670898,40.27999877929688,216053600,0.0,0.0,GameStop,GME,Meme/Speculative
2021-08-31 00:00:00+00:00,40.5,56.75,36.30500030517578,54.560001373291016,328216000,0.0,0.0,GameStop,GME,Meme/Speculative
2021-09-30 00:00:00+00:00,56.0,57.86000061035156,41.6974983215332,43.86750030517578,253960400,0.0,0.0,GameStop,GME,Meme/Speculative
2021-10-31 00:00:00+00:00,44.84999847412109,48.04499816894531,41.45249938964844,45.87749862670898,143270000,0.0,0.0,GameStop,GME,Meme/Speculative
2021-11-30 00:00:00+00:00,45.63249969482422,63.92250061035156,45.51250076293945,49.0525016784668,213188400,0.0,0.0,GameStop,GME,Meme/Speculative
2021-12-31 00:00:00+00:00,49.84999847412109,50.02750015258789,32.375,37.09749984741211,237976000,0.0,0.0,GameStop,GME,Meme/Speculative
2022-01-31 00:00:00+00:00,37.307498931884766,40.07749938964844,21.57250022888184,27.232500076293945,338492800,0.0,0.0,GameStop,GME,Meme/Speculative
2022-02-28 00:00:00+00:00,28.252500534057617,33.212501525878906,23.770000457763672,30.834999084472656,185137200,0.0,0.0,GameStop,GME,Meme/Speculative
2022-03-31 00:00:00+00:00,30.54750061035156,49.852500915527344,19.395000457763672,41.64500045776367,636574800,0.0,0.0,GameStop,GME,Meme/Speculative
2022-04-30 00:00:00+00:00,47.22499847412109,47.442501068115234,30.125,31.26749992370605,231608400,0.0,0.0,GameStop,GME,Meme/Speculative
2022-05-31 00:00:00+00:00,30.912500381469727,37.1150016784668,19.4424991607666,31.184999465942383,368167600,0.0,0.0,GameStop,GME,Meme/Speculative
2022-06-30 00:00:00+00:00,30.70499992370605,38.25,28.575000762939453,30.575000762939453,278615200,0.0,0.0,GameStop,GME,Meme/Speculative
2022-07-31 00:00:00+00:00,30.28249931335449,40.407501220703125,28.342500686645508,34.0099983215332,211815200,0.0,4.0,GameStop,GME,Meme/Speculative
2022-08-31 00:00:00+00:00,33.79999923706055,47.9900016784668,28.26000022888184,28.63999938964844,164360700,0.0,0.0,GameStop,GME,Meme/Speculative
2022-09-30 00:00:00+00:00,28.0,30.34000015258789,23.420000076293945,25.1299991607666,109156700,0.0,0.0,GameStop,GME,Meme/Speculative
2022-10-31 00:00:00+00:00,25.13999938964844,34.9900016784668,23.90999984741211,28.309999465942383,102981400,0.0,0.0,GameStop,GME,Meme/Speculative
2022-11-30 00:00:00+00:00,29.399999618530277,29.690000534057617,21.88999938964844,26.209999084472656,81877500,0.0,0.0,GameStop,GME,Meme/Speculative
2022-12-31 00:00:00+00:00,26.0,27.8700008392334,16.979999542236328,18.459999084472656,116516100,0.0,0.0,GameStop,GME,Meme/Speculative
2023-01-31 00:00:00+00:00,18.63999938964844,23.479999542236328,15.40999984741211,21.8700008392334,103365700,0.0,0.0,GameStop,GME,Meme/Speculative
2023-02-28 00:00:00+00:00,21.489999771118164,24.8799991607666,18.88999938964844,19.229999542236328,81856100,0.0,0.0,GameStop,GME,Meme/Speculative
2023-03-31 00:00:00+00:00,18.920000076293945,27.0,15.529999732971191,23.020000457763672,171919100,0.0,0.0,GameStop,GME,Meme/Speculative
2023-04-30 00:00:00+00:00,22.940000534057617,23.850000381469727,18.649999618530277,19.290000915527344,49898900,0.0,0.0,GameStop,GME,Meme/Speculative
2023-05-31 00:00:00+00:00,19.15999984741211,24.799999237060547,18.059999465942383,24.049999237060547,64065900,0.0,0.0,GameStop,GME,Meme/Speculative
2023-06-30 00:00:00+00:00,24.040000915527344,27.649999618530277,20.100000381469727,24.25,128240800,0.0,0.0,GameStop,GME,Meme/Speculative
2023-07-31 00:00:00+00:00,24.290000915527344,25.11000061035156,21.790000915527344,22.200000762939453,47270700,0.0,0.0,GameStop,GME,Meme/Speculative
2023-08-31 00:00:00+00:00,21.950000762939453,22.0,16.18000030517578,18.549999237060547,59275300,0.0,0.0,GameStop,GME,Meme/Speculative
2023-09-30 00:00:00+00:00,18.65999984741211,19.479999542236328,16.399999618530273,16.459999084472656,73553100,0.0,0.0,GameStop,GME,Meme/Speculative
2023-10-31 00:00:00+00:00,16.299999237060547,16.309999465942383,12.59000015258789,13.770000457763672,71816900,0.0,0.0,GameStop,GME,Meme/Speculative
2023-11-30 00:00:00+00:00,13.779999732971191,17.559999465942383,11.829999923706056,14.550000190734863,148487200,0.0,0.0,GameStop,GME,Meme/Speculative
2023-12-31 00:00:00+00:00,14.520000457763672,18.59000015258789,13.5600004196167,17.530000686645508,168408200,0.0,0.0,GameStop,GME,Meme/Speculative
2024-01-31 00:00:00+00:00,17.25,17.600000381469727,13.710000038146973,14.229999542236328,63343800,0.0,0.0,GameStop,GME,Meme/Speculative
2024-02-29 00:00:00+00:00,14.34000015258789,15.229999542236328,13.119999885559082,14.270000457763672,53459300,0.0,0.0,GameStop,GME,Meme/Speculative
2024-03-31 00:00:00+00:00,14.18000030517578,15.890000343322754,12.470000267028809,12.520000457763672,109035200,0.0,0.0,GameStop,GME,Meme/Speculative
2024-04-30 00:00:00+00:00,12.630000114440918,12.670000076293944,9.949999809265137,11.09000015258789,92513100,0.0,0.0,GameStop,GME,Meme/Speculative
2024-05-31 00:00:00+00:00,11.029999732971191,64.83000183105469,10.699999809265137,23.13999938964844,1305750100,0.0,0.0,GameStop,GME,Meme/Speculative
2024-06-30 00:00:00+00:00,40.18999862670898,48.0,22.549999237060547,24.690000534057617,1706253100,0.0,0.0,GameStop,GME,Meme/Speculative
2024-07-31 00:00:00+00:00,23.350000381469727,29.790000915527344,22.309999465942383,22.670000076293945,308566600,0.0,0.0,GameStop,GME,Meme/Speculative
2024-08-31 00:00:00+00:00,22.920000076293945,23.479999542236328,18.729999542236328,23.420000076293945,133244800,0.0,0.0,GameStop,GME,Meme/Speculative
2024-09-30 00:00:00+00:00,24.149999618530277,25.020000457763672,19.309999465942383,22.93000030517578,276216600,0.0,0.0,GameStop,GME,Meme/Speculative
2024-10-31 00:00:00+00:00,22.950000762939453,24.540000915527344,20.299999237060547,22.18000030517578,130242300,0.0,0.0,GameStop,GME,Meme/Speculative
2024-11-30 00:00:00+00:00,22.399999618530277,32.119998931884766,21.8799991607666,29.049999237060547,259026500,0.0,0.0,GameStop,GME,Meme/Speculative
2024-12-31 00:00:00+00:00,28.959999084472656,34.369998931884766,26.149999618530277,31.34000015258789,281320700,0.0,0.0,GameStop,GME,Meme/Speculative
2025-01-31 00:00:00+00:00,31.84000015258789,34.400001525878906,26.32999992370605,26.899999618530277,135097900,0.0,0.0,GameStop,GME,Meme/Speculative
2025-02-28 00:00:00+00:00,25.56999969482422,28.96999931335449,23.82999992370605,25.040000915527344,110678800,0.0,0.0,GameStop,GME,Meme/Speculative
2025-03-31 00:00:00+00:00,25.26000022888184,29.799999237060547,20.729999542236328,22.31999969482422,284195200,0.0,0.0,GameStop,GME,Meme/Speculative
2025-04-30 00:00:00+00:00,22.76000022888184,28.25,20.780000686645508,27.86000061035156,216200100,0.0,0.0,GameStop,GME,Meme/Speculative
2025-05-31 00:00:00+00:00,27.979999542236328,35.810001373291016,25.670000076293945,29.799999237060547,265426600,0.0,0.0,GameStop,GME,Meme/Speculative
2025-06-30 00:00:00+00:00,29.8700008392334,31.049999237060547,21.540000915527344,24.38999938964844,455061000,0.0,0.0,GameStop,GME,Meme/Speculative
2025-07-31 00:00:00+00:00,24.149999618530277,24.84000015258789,22.270000457763672,22.450000762939453,200617300,0.0,0.0,GameStop,GME,Meme/Speculative
2025-08-31 00:00:00+00:00,22.31999969482422,23.209999084472656,21.920000076293945,22.40999984741211,112280200,0.0,0.0,GameStop,GME,Meme/Speculative
2025-09-30 00:00:00+00:00,22.36000061035156,27.34000015258789,22.18000030517578,27.280000686645508,230837700,0.0,0.0,GameStop,GME,Meme/Speculative
2025-10-31 00:00:00+00:00,27.25,28.100000381469727,22.239999771118164,22.290000915527344,186191300,0.0,0.0,GameStop,GME,Meme/Speculative
2025-11-30 00:00:00+00:00,22.25,22.75,19.93000030517578,22.530000686645508,102039300,0.0,0.0,GameStop,GME,Meme/Speculative
2025-12-31 00:00:00+00:00,22.149999618530277,24.0,19.989999771118164,20.07999992370605,139496700,0.0,0.0,GameStop,GME,Meme/Speculative
2026-01-31 00:00:00+00:00,20.26000022888184,22.020000457763672,20.15999984741211,21.420000076293945,30429700,0.0,0.0,GameStop,GME,Meme/Speculative
2016-01-31 00:00:00+00:00,120.86304676712034,126.70715341162732,116.37408968636618,123.23455810546876,168076563,0.0,0.0,General Electric,GE,Industrials
2016-02-29 00:00:00+00:00,122.85341240910113,126.18474510292864,114.7648296432903,124.39188385009766,178647591,1.102261,0.0,General Electric,GE,Industrials
2016-03-31 00:00:00+00:00,125.54444156812237,136.81401089196,125.1175610276908,135.70413208007812,153022344,0.0,0.0,General Electric,GE,Industrials
2016-04-30 00:00:00+00:00,134.466084740649,136.6858405523429,129.3862874446241,131.2646026611328,134883262,0.0,0.0,General Electric,GE,Industrials
2016-05-31 00:00:00+00:00,130.79499510964575,132.28906305678646,124.05035059775484,129.04478454589844,127105155,0.0,0.0,General Electric,GE,Industrials
2016-06-30 00:00:00+00:00,128.2337100313393,135.48483364351517,125.46323449172696,135.39881896972656,180600876,1.102261,0.0,General Electric,GE,Industrials
2016-07-31 00:00:00+00:00,135.39881774801012,141.93650855684558,133.67838998117236,133.9364776611328,160195522,0.0,0.0,General Electric,GE,Industrials
2016-08-31 00:00:00+00:00,133.85041755356954,135.78595107544265,133.3342896741772,134.36656188964844,112148488,0.0,0.0,General Electric,GE,Industrials
2016-09-30 00:00:00+00:00,133.97940085538195,135.26976083383985,127.4394297543993,128.39306640625,153840360,1.102261,0.0,General Electric,GE,Industrials
2016-10-31 00:00:00+00:00,127.69946322937454,128.95658956535675,122.80131616888116,126.1390380859375,144801891,0.0,0.0,General Electric,GE,Industrials
2016-11-30 00:00:00+00:00,125.7055669145842,136.49893177507698,122.19445808460377,133.33457946777344,148770396,0.0,0.0,General Electric,GE,Industrials
2016-12-31 00:00:00+00:00,132.81442239931857,140.3567812387411,132.72772261504312,138.00660705566406,133681477,1.150185,0.0,General Electric,GE,Industrials
2017-01-31 00:00:00+00:00,138.312260160514,139.05469880291386,128.83525643172413,129.70870971679688,137725075,0.0,0.0,General Electric,GE,Industrials
2017-02-28 00:00:00+00:00,129.83971444755946,133.59565142873265,127.78707188456796,131.2274627685547,110018609,1.150185,0.0,General Electric,GE,Industrials
2017-03-31 00:00:00+00:00,131.97585471769338,133.956850932633,128.7622996713327,131.18353271484375,144757592,0.0,0.0,General Electric,GE,Industrials
2017-04-30 00:00:00+00:00,131.0074077870475,134.44108007730904,127.35362548294552,127.61774444580078,120033847,0.0,0.0,General Electric,GE,Industrials
2017-05-31 00:00:00+00:00,127.70583213200275,129.02644858053625,119.29770891956912,120.53030395507812,157573618,0.0,0.0,General Electric,GE,Industrials
2017-06-30 00:00:00+00:00,121.10259417921776,129.73080553035126,118.92794637484118,119.9045867919922,202125709,1.150185,0.0,General Electric,GE,Industrials
2017-07-31 00:00:00+00:00,120.57048241980982,122.47936448052144,112.13587936780064,113.6895980834961,169843345,0.0,0.0,General Electric,GE,Industrials
2017-08-31 00:00:00+00:00,113.77837174997852,114.93258659648866,107.20827340502876,108.98400115966795,143702701,0.0,0.0,General Electric,GE,Industrials
2017-09-30 00:00:00+00:00,109.20592574275364,113.032107837488,104.6779006957974,108.41395568847656,200811099,1.150185,0.0,General Electric,GE,Industrials
2017-10-31 00:00:00+00:00,108.59328488109988,111.59733109403544,89.89661015244714,90.38980865478516,377775640,0.0,0.0,General Electric,GE,Industrials
2017-11-30 00:00:00+00:00,89.98629095562653,93.03512868894144,78.28404161479601,82.00544738769531,392871050,0.0,0.0,General Electric,GE,Industrials
2017-12-31 00:00:00+00:00,81.96060282481571,81.96060282481571,77.83567718240056,78.7793960571289,257852009,0.575092,0.0,General Electric,GE,Industrials
2018-01-31 00:00:00+00:00,79.36627842920265,87.5376566402118,71.33035414389617,73.00074768066406,490162690,0.0,0.0,General Electric,GE,Industrials
2018-02-28 00:00:00+00:00,72.50413689504518,72.72986786653358,63.49959203565624,64.2278823852539,355086455,0.575092,0.0,General Electric,GE,Industrials
2018-03-31 00:00:00+00:00,64.45549285768978,69.78125680728533,57.94620945032506,61.36016082763672,368555593,0.0,0.0,General Electric,GE,Industrials
2018-04-30 00:00:00+00:00,61.2236148999036,68.50671860445924,58.219321842052985,64.0457992553711,310434396,0.0,0.0,General Electric,GE,Industrials
2018-05-31 00:00:00+00:00,64.09134189978585,70.96475452443082,62.68020207354308,64.09132385253906,263048800,0.0,0.0,General Electric,GE,Industrials
2018-06-30 00:00:00+00:00,64.18234252929688,66.31343188834146,57.9094316989526,62.50177383422852,336847718,0.575092,0.0,General Electric,GE,Industrials
2018-07-31 00:00:00+00:00,61.90478172077527,65.6245720501778,59.01160603629242,62.5936393737793,264206352,0.0,0.0,General Electric,GE,Industrials
2018-08-31 00:00:00+00:00,62.22624320271331,62.22624320271331,54.83257662722218,59.42491149902344,223186578,0.0,0.0,General Electric,GE,Industrials
2018-09-30 00:00:00+00:00,59.14936716203904,60.2231128050275,51.97083009187674,52.34170150756836,273054084,0.575092,0.0,General Electric,GE,Industrials
2018-10-31 00:00:00+00:00,60.36219465772744,63.885669280551895,45.43391343946302,46.82474899291992,598687760,0.0,0.0,General Electric,GE,Industrials
2018-11-30 00:00:00+00:00,46.40750092771712,47.427446327470605,33.658189150949795,34.770870208740234,698172168,0.0,0.0,General Electric,GE,Industrials
2018-12-31 00:00:00+00:00,34.95630767403436,36.90779793970626,30.876514236208827,35.14364242553711,539271895,0.047924,0.0,General Electric,GE,Industrials
2019-01-31 00:00:00+00:00,34.63297505687795,49.99961942470772,34.40085216907857,47.16769790649414,519833877,0.0,0.0,General Electric,GE,Industrials
2019-02-28 00:00:00+00:00,47.353408535646224,54.54927078391893,44.28936767026367,50.16490936279297,399624869,0.0,1.04,General Electric,GE,Industrials
2019-03-31 00:00:00+00:00,50.45459223826493,51.03397662280871,43.69512092821969,48.28471374511719,388025936,0.049841,0.0,General Electric,GE,Industrials
2019-04-30 00:00:00+00:00,48.429718521608656,50.89471047121154,42.484750479377766,49.15472030639648,288692648,0.0,0.0,General Electric,GE,Industrials
2019-05-31 00:00:00+00:00,49.05804842453913,50.74971389770508,44.224745103331,45.62639236450195,256046463,0.0,0.0,General Electric,GE,Industrials
2019-06-30 00:00:00+00:00,44.94973010623954,51.76469024429824,44.70806508949934,50.798561096191406,194098920,0.049841,0.0,General Electric,GE,Industrials
2019-07-31 00:00:00+00:00,51.37910159315416,52.2015623305467,48.186054058908525,50.55665588378906,205450821,0.0,0.0,General Electric,GE,Industrials
2019-08-31 00:00:00+00:00,50.16961412335669,50.75016776041629,37.01036873543803,39.91313934326172,432225082,0.0,0.0,General Electric,GE,Industrials
2019-09-30 00:00:00+00:00,39.18744871504045,46.20400896963244,39.09069039611625,43.29808807373047,205331821,0.049841,0.0,General Electric,GE,Industrials
2019-10-31 00:00:00+00:00,43.39495856832873,50.22385557123968,39.907857397596416,48.33501434326172,250427271,0.0,0.0,General Electric,GE,Industrials
2019-11-30 00:00:00+00:00,48.81932672966661,57.34333555478909,48.72246010307296,54.58271789550781,219519499,0.0,0.0,General Electric,GE,Industrials
2019-12-31 00:00:00+00:00,54.776442359718416,56.18097062321669,52.1126955476697,54.09896469116211,207993487,0.049841,0.0,General Electric,GE,Industrials
2020-01-31 00:00:00+00:00,54.438298559074646,63.01852473609606,54.438298559074646,60.352352142333984,299534931,0.0,0.0,General Electric,GE,Industrials
2020-02-29 00:00:00+00:00,60.40081969860992,64.2788858267177,47.797117445565846,52.74164581298828,235792796,0.0,0.0,General Electric,GE,Industrials
2020-03-31 00:00:00+00:00,54.34135055541992,55.16543648359941,28.62911042745642,38.52799987792969,512354815,0.049841,0.0,General Electric,GE,Industrials
2020-04-30 00:00:00+00:00,36.48999009306242,37.60603864209634,30.08483095017193,32.99626159667969,505934362,0.0,0.0,General Electric,GE,Industrials
2020-05-31 00:00:00+00:00,32.36545355037796,36.34442934437808,26.59110585823012,31.880220413208008,506753623,0.0,0.0,General Electric,GE,Industrials
2020-06-30 00:00:00+00:00,31.92874294513987,41.58499552001953,31.152363543679357,33.191524505615234,456936029,0.049841,0.0,General Electric,GE,Industrials
2020-07-31 00:00:00+00:00,33.677492436217065,35.03820044196773,29.1579971525074,29.49817276000977,352963603,0.0,0.0,General Electric,GE,Industrials
2020-08-31 00:00:00+00:00,29.83835464095317,34.01766704324697,29.25519397933763,30.810283660888672,313996018,0.0,0.0,General Electric,GE,Industrials
2020-09-30 00:00:00+00:00,30.470114603039114,34.8924075769268,28.817825609947644,30.325767517089844,482244773,0.049841,0.0,General Electric,GE,Industrials
2020-10-31 00:00:00+00:00,30.520474657322,39.0876189548724,29.449582147676026,36.11832809448242,499428781,0.0,0.0,General Electric,GE,Industrials
2020-11-30 00:00:00+00:00,36.50775316990218,52.81453652004603,35.680245518739675,49.55317687988281,452933268,0.0,0.0,General Electric,GE,Industrials
2020-12-31 00:00:00+00:00,50.2833362029999,55.92986175061984,48.72566845822905,52.619510650634766,354030288,0.049841,0.0,General Electric,GE,Industrials
2021-01-31 00:00:00+00:00,53.05801167665459,59.58672247589003,50.67064446901289,52.03486251831055,338299251,0.0,0.0,General Electric,GE,Industrials
2021-02-28 00:00:00+00:00,52.911842800658405,65.04357835497227,51.83996545587149,61.09711456298828,249725767,0.0,0.0,General Electric,GE,Industrials
2021-03-31 00:00:00+00:00,62.948525810597225,70.30859730429852,58.26545070458232,64.01885986328125,470322867,0.049841,0.0,General Electric,GE,Industrials
2021-04-30 00:00:00+00:00,64.50643295427412,68.26079196533365,62.26358475460277,63.97011947631836,248517393,0.0,0.0,General Electric,GE,Industrials
2021-05-31 00:00:00+00:00,64.55517424205541,70.21108854372882,62.019793643063736,68.5533218383789,265294768,0.0,0.0,General Electric,GE,Industrials
2021-06-30 00:00:00+00:00,69.38221515754567,70.06482725774016,62.16607359141468,65.67782592773438,236134362,0.049841,0.0,General Electric,GE,Industrials
2021-07-31 00:00:00+00:00,66.26334573016265,66.50731954814599,57.675469131870216,63.18928146362305,245270467,0.0,0.0,General Electric,GE,Industrials
2021-08-31 00:00:00+00:00,63.7260179228366,65.40334773640019,59.84073635287154,64.29326629638672,325002441,0.0,0.125,General Electric,GE,Industrials
2021-09-30 00:00:00+00:00,64.26275704159202,65.48264530838007,58.681853769417735,62.89048004150391,339598676,0.049841,0.0,General Electric,GE,Industrials
2021-10-31 00:00:00+00:00,63.59242345995199,67.73711885042053,61.76121481190818,64.01363372802734,220162741,0.0,0.0,General Electric,GE,Industrials
2021-11-30 00:00:00+00:00,64.5568898771383,70.91126158399044,57.6653655655963,57.9827766418457,268107032,0.0,0.0,General Electric,GE,Industrials
2021-12-31 00:00:00+00:00,58.93503338516818,60.39390841942196,53.86692568243844,57.71586608886719,202893065,0.049841,0.0,General Electric,GE,Industrials
2022-01-31 00:00:00+00:00,58.17407670889388,63.37320512291889,53.79360724042312,57.72197723388672,231129542,0.0,0.0,General Electric,GE,Industrials
2022-02-28 00:00:00+00:00,58.03966658941628,62.261289858320495,53.57977299103451,58.35123825073242,213939955,0.0,0.0,General Electric,GE,Industrials
2022-03-31 00:00:00+00:00,58.01523765830396,58.84394103365007,52.15421254136719,55.95157241821289,232081198,0.049841,0.0,General Electric,GE,Industrials
2022-04-30 00:00:00+00:00,56.31847074791624,57.34578221403657,45.46448210917755,45.5867805480957,233598656,0.0,0.0,General Electric,GE,Industrials
2022-05-31 00:00:00+00:00,45.30549485052946,49.39026205917568,43.50158535094006,47.873756408691406,224269212,0.0,0.0,General Electric,GE,Industrials
2022-06-30 00:00:00+00:00,48.3568313819416,48.576967776254016,37.81087706157717,38.980224609375,238743140,0.049841,0.0,General Electric,GE,Industrials
2022-07-31 00:00:00+00:00,38.87002365134497,45.85547960090889,36.69051044242583,45.2493896484375,226697395,0.0,0.0,General Electric,GE,Industrials
2022-08-31 00:00:00+00:00,44.87593080459546,49.77371286262615,44.50247221329196,44.96163940429688,203508938,0.0,0.0,General Electric,GE,Industrials
2022-09-30 00:00:00+00:00,44.84531384934172,46.82891979975329,37.93135415719109,37.94974136352539,225091180,0.049841,0.0,General Electric,GE,Industrials
2022-10-31 00:00:00+00:00,38.47077783408476,48.33979798993451,38.09685958185549,47.69616317749024,205191879,0.0,0.0,General Electric,GE,Industrials
2022-11-30 00:00:00+00:00,48.15590424193359,54.17539096411485,46.93606244738366,52.69810104370117,186225136,0.0,0.0,General Electric,GE,Industrials
2022-12-31 00:00:00+00:00,52.845218949504655,53.39077219612296,47.05504301451362,51.41143035888672,193897482,0.049841,0.0,General Electric,GE,Industrials
2023-01-31 00:00:00+00:00,51.57095316195328,66.0152214304618,51.25803106935044,63.25640869140625,241121352,0.0,1.281,General Electric,GE,Industrials
2023-02-28 00:00:00+00:00,63.09135437663626,67.3199747914947,62.88699868704066,66.58113861083984,136081942,0.0,0.0,General Electric,GE,Industrials
2023-03-31 00:00:00+00:00,66.54184428359011,75.26528713466635,65.53578005461924,75.21022033691406,255262038,0.063847,0.0,General Electric,GE,Industrials
2023-04-30 00:00:00+00:00,75.32823285043997,80.25308340273969,73.53450467718312,77.86146545410156,155150846,0.0,0.0,General Electric,GE,Industrials
2023-05-31 00:00:00+00:00,78.27056016542288,83.34489522865316,76.63418309574008,79.87545776367188,145848825,0.0,0.0,General Electric,GE,Industrials
2023-06-30 00:00:00+00:00,79.6237101163644,86.74352384244713,79.51356898833221,86.42096710205078,142631246,0.0,0.0,General Electric,GE,Industrials
2023-07-31 00:00:00+00:00,85.79946074085898,92.86985864347407,84.0686709345817,89.94110870361328,126651862,0.063847,0.0,General Electric,GE,Industrials
2023-08-31 00:00:00+00:00,89.50807644432521,91.20866331594124,86.61869891175236,90.1143035888672,110066152,0.0,0.0,General Electric,GE,Industrials
2023-09-30 00:00:00+00:00,90.55520160160856,92.64154532425096,86.4683081142173,87.09860229492188,103146835,0.063847,0.0,General Electric,GE,Industrials
2023-10-31 00:00:00+00:00,87.01981869148119,90.5179445568494,83.14352137416586,85.58590698242188,143308868,0.0,0.0,General Electric,GE,Industrials
2023-11-30 00:00:00+00:00,85.32591006229498,95.99361747454688,83.37988181627053,95.96210479736328,121447653,0.0,0.0,General Electric,GE,Industrials
2023-12-31 00:00:00+00:00,95.88331970811836,101.85622733404588,93.10213142382976,100.61849975585938,107725423,0.063847,0.0,General Electric,GE,Industrials
2024-01-31 00:00:00+00:00,100.12972283569503,106.01088919945394,97.4808239029484,104.3947525024414,134450786,0.0,0.0,General Electric,GE,Industrials
2024-02-29 00:00:00+00:00,104.87565093848713,123.9145690343986,104.43416631966429,123.68594360351562,139973507,0.0,0.0,General Electric,GE,Industrials
2024-03-31 00:00:00+00:00,123.77265879419096,142.18878262335878,123.44155394672528,138.38096618652344,190019457,0.0,0.0,General Electric,GE,Industrials
2024-04-30 00:00:00+00:00,138.43618862314744,164.52649106822392,132.3575164569093,160.13279724121094,205917292,0.28,1.253,General Electric,GE,Industrials
2024-05-31 00:00:00+00:00,160.8749677445955,169.01917607999434,155.71928787258489,163.41815185546875,124843200,0.0,0.0,General Electric,GE,Industrials
2024-06-30 00:00:00+00:00,164.3879201117951,165.75355919233394,151.6224759489443,157.31248474121094,117064600,0.0,0.0,General Electric,GE,Industrials
2024-07-31 00:00:00+00:00,158.9947565027188,175.6492247027954,154.42293222268992,168.71047973632812,129300600,0.28,0.0,General Electric,GE,Industrials
2024-08-31 00:00:00+00:00,169.25568332587846,174.4299808807913,148.88551481745185,173.09181213378906,94693100,0.0,0.0,General Electric,GE,Industrials
2024-09-30 00:00:00+00:00,172.66555805839974,189.20950326169452,159.18458657590358,187.2064971923828,100351700,0.28,0.0,General Electric,GE,Industrials
2024-10-31 00:00:00+00:00,186.1244351172233,193.38120165330864,169.1886809165071,170.5288543701172,102242700,0.0,0.0,General Electric,GE,Industrials
2024-11-30 00:00:00+00:00,171.5017095156818,186.10456799811732,170.2012477230372,180.833251953125,83995100,0.0,0.0,General Electric,GE,Industrials
2024-12-31 00:00:00+00:00,179.48317205435853,181.56785076813,158.43759242099546,165.84494018554688,111508700,0.28,0.0,General Electric,GE,Industrials
2025-01-31 00:00:00+00:00,166.96854846671116,206.47340891867904,166.2725177636764,202.4165496826172,127868100,0.0,0.0,General Electric,GE,Industrials
2025-02-28 00:00:00+00:00,198.8667783097783,210.9876933816052,193.7359930549565,205.8072204589844,77583700,0.0,0.0,General Electric,GE,Industrials
2025-03-31 00:00:00+00:00,205.91659623272315,213.39256876901075,186.6165791723885,199.38619995117188,106232400,0.36,0.0,General Electric,GE,Industrials
2025-04-30 00:00:00+00:00,198.79846012824373,203.71961111238812,158.75185844160004,200.7709045410156,169188600,0.0,0.0,General Electric,GE,Industrials
2025-05-31 00:00:00+00:00,201.4781819213964,245.91794448824345,200.0934869898848,244.97157287597656,114992600,0.0,0.0,General Electric,GE,Industrials
2025-06-30 00:00:00+00:00,244.9118141006328,259.5557013541775,231.35375718921165,256.40777587890625,155562100,0.0,0.0,General Electric,GE,Industrials
2025-07-31 00:00:00+00:00,254.7740307541005,274.29078151315434,242.73017271863444,270.4398803710937,143241400,0.36,0.0,General Electric,GE,Industrials
2025-08-31 00:00:00+00:00,264.903011787439,280.83529604526854,261.0920245171204,274.5501708984375,86108500,0.0,0.0,General Electric,GE,Industrials
2025-09-30 00:00:00+00:00,273.25324367430454,306.5244823037673,267.3771673515144,300.47637939453125,93106300,0.36,0.0,General Electric,GE,Industrials
2025-10-31 00:00:00+00:00,296.0414561742726,316.30827236880054,291.1570129394531,308.5970764160156,81474600,0.0,0.0,General Electric,GE,Industrials
2025-11-30 00:00:00+00:00,308.7469187206677,313.4016075630429,283.71555368650365,298.1091003417969,78934100,0.0,0.0,General Electric,GE,Industrials
2025-12-31 00:00:00+00:00,295.41216288631,317.696676702095,279.32057643783867,308.0299987792969,100698000,0.36,0.0,General Electric,GE,Industrials
2026-01-31 00:00:00+00:00,309.75,332.7900085449219,308.6600036621094,314.44000244140625,24632200,0.0,0.0,General Electric,GE,Industrials
2016-01-31 00:00:00+00:00,134.4690446734598,137.0606332629352,123.15732387422396,131.66549682617188,75765600,0.0,0.0,Goldman Sachs,GS,Financials
2016-02-29 00:00:00+00:00,130.72831278369677,131.20913831851482,113.32065664432882,122.3909912109375,123724900,0.65,0.0,Goldman Sachs,GS,Financials
2016-03-31 00:00:00+00:00,123.55328401996243,130.06036191130906,121.75262408555538,128.48887634277344,88703100,0.0,0.0,Goldman Sachs,GS,Financials
2016-04-30 00:00:00+00:00,128.06320960410878,138.24543659350593,122.26002297688834,134.3247833251953,71372200,0.0,0.0,Goldman Sachs,GS,Financials
2016-05-31 00:00:00+00:00,135.1187108611113,136.84575568316455,125.83687564829184,131.07017517089844,58432900,0.65,0.0,Goldman Sachs,GS,Financials
2016-06-30 00:00:00+00:00,129.77167487369815,131.94961116124432,113.58101194163213,122.11194610595705,84293800,0.0,0.0,Goldman Sachs,GS,Financials
2016-07-31 00:00:00+00:00,122.03794143935605,134.85898399090712,117.2136291300081,130.51954650878906,65644400,0.0,0.0,Goldman Sachs,GS,Financials
2016-08-31 00:00:00+00:00,130.5195609977032,140.46052719394245,127.69229912653522,139.8169708251953,50549000,0.65,0.0,Goldman Sachs,GS,Financials
2016-09-30 00:00:00+00:00,140.2624908418739,142.25918253103455,130.17188111360548,133.05966186523438,55335600,0.0,0.0,Goldman Sachs,GS,Financials
2016-10-31 00:00:00+00:00,132.42430956043094,147.56441581395418,132.218041165477,147.06112670898438,58811600,0.0,0.0,Goldman Sachs,GS,Financials
2016-11-30 00:00:00+00:00,147.68815348597263,182.7160986462432,144.1651025678131,181.4911956787109,90417900,0.65,0.0,Goldman Sachs,GS,Financials
2016-12-31 00:00:00+00:00,182.84850292102595,203.2413981104032,182.3684880748357,198.17626953125,96096900,0.0,0.0,Goldman Sachs,GS,Financials
2017-01-31 00:00:00+00:00,200.86604637591824,205.0621579820722,188.8323185314148,189.79237365722656,83814200,0.0,0.0,Goldman Sachs,GS,Financials
2017-02-28 00:00:00+00:00,190.7771829665252,209.1009709813444,187.9136173971048,205.83876037597656,65167300,0.65,0.0,Goldman Sachs,GS,Financials
2017-03-31 00:00:00+00:00,210.5271209741487,211.7220141505064,183.26011105193817,190.62039184570312,90305600,0.0,0.0,Goldman Sachs,GS,Financials
2017-04-30 00:00:00+00:00,190.85268078109056,193.25078541633255,176.89554786550562,185.7079925537109,81431200,0.0,0.0,Goldman Sachs,GS,Financials
2017-05-31 00:00:00+00:00,186.6207337362281,189.9316313752248,174.52701286584883,175.8924560546875,71757000,0.75,0.0,Goldman Sachs,GS,Financials
2017-06-30 00:00:00+00:00,177.01650370970677,190.4877754697164,175.5011877211155,184.751220703125,74347400,0.0,0.0,Goldman Sachs,GS,Financials
2017-07-31 00:00:00+00:00,186.8826541673748,192.0280574651621,181.50413200020924,187.60704040527344,63113900,0.0,0.0,Goldman Sachs,GS,Financials
2017-08-31 00:00:00+00:00,189.07238164359688,196.3491456100248,180.24433315604483,186.91940307617188,60429700,0.75,0.0,Goldman Sachs,GS,Financials
2017-09-30 00:00:00+00:00,187.596119603926,198.49848998927104,179.3170038639872,198.1559600830078,55573100,0.0,0.0,Goldman Sachs,GS,Financials
2017-10-31 00:00:00+00:00,198.164303841632,206.4183921597996,196.4851163380353,202.5753936767578,59100600,0.0,0.0,Goldman Sachs,GS,Financials
2017-11-30 00:00:00+00:00,203.7533487075352,210.17620429142747,195.1149718287065,207.5363311767578,54376000,0.75,0.0,Goldman Sachs,GS,Financials
2017-12-31 00:00:00+00:00,209.3297742961368,219.68820629717104,204.4941841850598,213.5033416748047,53592500,0.0,0.0,Goldman Sachs,GS,Financials
2018-01-31 00:00:00+00:00,216.02584136961883,229.4515662931347,208.54206861555173,224.5070343017578,80616900,0.0,0.0,Goldman Sachs,GS,Financials
2018-02-28 00:00:00+00:00,223.0488260907464,228.8900592530025,200.53858033415,220.96875,72971300,0.75,0.0,Goldman Sachs,GS,Financials
2018-03-31 00:00:00+00:00,220.69980534447305,231.3730055945824,205.3707843585994,211.66549682617188,62342400,0.0,0.0,Goldman Sachs,GS,Financials
2018-04-30 00:00:00+00:00,211.1612192364324,220.60742421300108,199.6055967458209,200.29473876953125,76273900,0.0,0.0,Goldman Sachs,GS,Financials
2018-05-31 00:00:00+00:00,199.6056142174313,206.6398757998628,188.9933005662052,190.50296020507807,63073600,0.8,0.0,Goldman Sachs,GS,Financials
2018-06-30 00:00:00+00:00,192.62826411219496,200.9187123320422,184.8016804390046,186.02459716796875,60707000,0.0,0.0,Goldman Sachs,GS,Financials
2018-07-31 00:00:00+00:00,185.3330106747965,202.18369972048595,184.60770235944443,200.24400329589844,62274700,0.0,0.0,Goldman Sachs,GS,Financials
2018-08-31 00:00:00+00:00,201.1463937146509,206.6958776809585,191.08486239870305,201.2286529541016,58750500,0.8,0.0,Goldman Sachs,GS,Financials
2018-09-30 00:00:00+00:00,201.18635527099607,202.61635815919897,189.37380552034347,189.74612426757807,48635800,0.0,0.0,Goldman Sachs,GS,Financials
2018-10-31 00:00:00+00:00,191.4214597292687,195.80467165295732,176.34270120979875,190.70220947265625,79100600,0.0,0.0,Goldman Sachs,GS,Financials
2018-11-30 00:00:00+00:00,191.0322455623524,198.05547188538628,159.82691078675103,162.01039123535156,84619000,0.8,0.0,Goldman Sachs,GS,Financials
2018-12-31 00:00:00+00:00,164.82257093588936,166.23291150986802,128.88443265500047,141.92579650878906,99800200,0.0,0.0,Goldman Sachs,GS,Financials
2019-01-31 00:00:00+00:00,139.6149060319023,172.7153045558099,138.78230084789763,168.2294464111328,89708600,0.0,0.0,Goldman Sachs,GS,Financials
2019-02-28 00:00:00+00:00,168.2209679867427,171.1945608195456,159.91189680255175,167.7913360595703,49619100,0.8,0.0,Goldman Sachs,GS,Financials
2019-03-31 00:00:00+00:00,169.5400318032586,176.10841339830125,159.090449022522,163.77357482910156,62988100,0.0,0.0,Goldman Sachs,GS,Financials
2019-04-30 00:00:00+00:00,165.4881883992721,179.11105950968422,165.15550647932497,175.6562957763672,63471300,0.0,0.0,Goldman Sachs,GS,Financials
2019-05-31 00:00:00+00:00,176.06578182707565,178.07038941675944,156.21715435512417,156.37139892578125,51152900,0.85,0.0,Goldman Sachs,GS,Financials
2019-06-30 00:00:00+00:00,155.69442571560836,176.379458818941,154.86325463394988,175.3169403076172,44089700,0.0,0.0,Goldman Sachs,GS,Financials
2019-07-31 00:00:00+00:00,178.23030237939298,190.4322657684011,174.40863664227163,188.62423706054688,51995900,0.0,0.0,Goldman Sachs,GS,Financials
2019-08-31 00:00:00+00:00,187.9558718339659,188.46998990633904,165.98559260345448,175.82229614257812,43352400,1.25,0.0,Goldman Sachs,GS,Financials
2019-09-30 00:00:00+00:00,173.39935006355958,190.9893381723842,169.50195682963894,178.6849365234375,45995700,0.0,0.0,Goldman Sachs,GS,Financials
2019-10-31 00:00:00+00:00,178.49528757819647,189.0751379055564,167.26862836885633,183.98782348632807,61684500,0.0,0.0,Goldman Sachs,GS,Financials
2019-11-30 00:00:00+00:00,185.6088591859667,193.8089218419897,185.16911422164208,191.9360809326172,39274300,1.25,0.0,Goldman Sachs,GS,Financials
2019-12-31 00:00:00+00:00,191.60666041009105,201.35301992467015,182.0943377628922,199.37600708007807,46468200,0.0,0.0,Goldman Sachs,GS,Financials
2020-01-31 00:00:00+00:00,200.30375577707167,217.17786116733268,198.99445593172587,206.1568298339844,70831600,0.0,0.0,Goldman Sachs,GS,Financials
2020-02-29 00:00:00+00:00,206.6857695429287,213.1111103095247,169.99062242756435,175.15533447265625,61711300,1.25,0.0,Goldman Sachs,GS,Financials
2020-03-31 00:00:00+00:00,175.71364650447052,184.7693974859989,114.15585948268428,134.86705017089844,133808200,0.0,0.0,Goldman Sachs,GS,Financials
2020-04-30 00:00:00+00:00,127.4602631404958,169.0048078910854,123.59543839061926,160.01885986328125,84992100,0.0,0.0,Goldman Sachs,GS,Financials
2020-05-31 00:00:00+00:00,156.16277637922303,184.35062111979065,144.26299398244174,172.492919921875,68838500,1.25,0.0,Goldman Sachs,GS,Financials
2020-06-30 00:00:00+00:00,173.212768551641,195.7477364213897,165.48746759752402,173.48486328125,77455700,0.0,0.0,Goldman Sachs,GS,Financials
2020-07-31 00:00:00+00:00,174.59103394461638,197.7317350930421,171.18489112443623,173.7834014892578,84411600,0.0,0.0,Goldman Sachs,GS,Financials
2020-08-31 00:00:00+00:00,174.24861775558057,190.45413818156703,172.5279847200055,180.93832397460935,56569800,1.25,0.0,Goldman Sachs,GS,Financials
2020-09-30 00:00:00+00:00,179.8167303922809,190.08815366974372,164.15778929956917,177.49392700195312,79074100,0.0,0.0,Goldman Sachs,GS,Financials
2020-10-31 00:00:00+00:00,177.98851960633093,189.78787572849728,163.8486837452077,166.95748901367188,71860700,0.0,0.0,Goldman Sachs,GS,Financials
2020-11-30 00:00:00+00:00,169.57174771782022,210.30428497621887,166.24213202310744,203.6450653076172,61139000,0.0,0.0,Goldman Sachs,GS,Financials
2020-12-31 00:00:00+00:00,205.98055672608837,234.36983007527357,205.4388759980029,234.17446899414065,57496000,1.25,0.0,Goldman Sachs,GS,Financials
2021-01-31 00:00:00+00:00,237.0960073794959,274.7561080335,231.02209044240132,240.7989501953125,73466400,0.0,0.0,Goldman Sachs,GS,Financials
2021-02-28 00:00:00+00:00,242.12211462994551,298.1993553744607,241.53603130203848,283.69830322265625,56397500,0.0,0.0,Goldman Sachs,GS,Financials
2021-03-31 00:00:00+00:00,289.7335877143073,318.1275603018203,282.12038625921,291.51666259765625,69663600,1.25,0.0,Goldman Sachs,GS,Financials
2021-04-30 00:00:00+00:00,289.10959437676337,315.4352152736288,287.9238975793384,310.6390075683594,64000400,0.0,0.0,Goldman Sachs,GS,Financials
2021-05-31 00:00:00+00:00,312.324005064333,336.0731645178405,305.3971253137901,332.7714538574219,54534300,1.25,0.0,Goldman Sachs,GS,Financials
2021-06-30 00:00:00+00:00,337.85227715496103,351.7706906612168,311.4019432466015,339.4891967773437,61458900,0.0,0.0,Goldman Sachs,GS,Financials
2021-07-31 00:00:00+00:00,340.5357704186167,344.6772639392157,312.1800963826191,335.32977294921875,53710100,0.0,0.0,Goldman Sachs,GS,Financials
2021-08-31 00:00:00+00:00,336.4836798214606,376.3693676264076,332.5479150696155,371.6815185546875,48011900,2.0,0.0,Goldman Sachs,GS,Financials
2021-09-30 00:00:00+00:00,371.36704449349946,375.3399965638099,334.8198978270884,339.79058837890625,50989600,0.0,0.0,Goldman Sachs,GS,Financials
2021-10-31 00:00:00+00:00,341.0578975544899,377.3442614996237,335.1075566918343,371.5377807617188,52460700,0.0,0.0,Goldman Sachs,GS,Financials
2021-11-30 00:00:00+00:00,374.88148811394495,383.0519163863063,339.0984047301363,342.4510803222656,51024900,0.0,0.0,Goldman Sachs,GS,Financials
2021-12-31 00:00:00+00:00,346.81550586718095,363.0167803782285,331.30083052995315,345.6678771972656,54077900,2.0,0.0,Goldman Sachs,GS,Financials
2022-01-31 00:00:00+00:00,351.49599407079097,372.8749824444283,294.77774038063984,320.4848937988281,86070200,0.0,0.0,Goldman Sachs,GS,Financials
2022-02-28 00:00:00+00:00,321.7950582558056,341.01439464410385,295.4284279869643,308.3858642578125,55246800,0.0,0.0,Goldman Sachs,GS,Financials
2022-03-31 00:00:00+00:00,306.6679721413024,315.1845509484304,289.5349056364961,300.03289794921875,68146100,2.0,0.0,Goldman Sachs,GS,Financials
2022-04-30 00:00:00+00:00,303.5140661392787,315.7116701505268,276.9555370144842,277.6644897460937,60544400,0.0,0.0,Goldman Sachs,GS,Financials
2022-05-31 00:00:00+00:00,277.95530354119376,301.5228115755903,267.1301440375797,298.89825439453125,50846700,2.0,0.0,Goldman Sachs,GS,Financials
2022-06-30 00:00:00+00:00,299.03540968224075,301.1112723570957,254.3630147069269,271.6192321777344,55802300,0.0,0.0,Goldman Sachs,GS,Financials
2022-07-31 00:00:00+00:00,270.0189528512446,306.51583821583944,254.07954436796163,304.8789367675781,53637700,0.0,0.0,Goldman Sachs,GS,Financials
2022-08-31 00:00:00+00:00,303.36095356179425,327.9513163305433,299.2366183431609,306.517333984375,41448800,2.5,0.0,Goldman Sachs,GS,Financials
2022-09-30 00:00:00+00:00,303.9375003756232,317.29760378264314,265.93035496287763,270.0121154785156,40946400,0.0,0.0,Goldman Sachs,GS,Financials
2022-10-31 00:00:00+00:00,273.8081817611589,318.96527297403026,265.12872343861653,317.42657470703125,50063200,0.0,0.0,Goldman Sachs,GS,Financials
2022-11-30 00:00:00+00:00,317.9978717423186,358.9534806152412,315.6575461710344,358.1263732910156,54123100,2.5,0.0,Goldman Sachs,GS,Financials
2022-12-31 00:00:00+00:00,358.4509606107682,358.4509606107682,314.67640759808734,318.4602966308594,42481000,0.0,0.0,Goldman Sachs,GS,Financials
2023-01-31 00:00:00+00:00,320.4264278417765,347.1827598344634,311.76424908232883,339.262451171875,72602300,0.0,0.0,Goldman Sachs,GS,Financials
2023-02-28 00:00:00+00:00,333.03945232031543,352.1259714052268,325.8333736207084,326.1301574707031,43626100,0.0,0.0,Goldman Sachs,GS,Financials
2023-03-31 00:00:00+00:00,326.35430973655275,335.199878366919,281.96737510486304,305.543212890625,71663200,2.5,0.0,Goldman Sachs,GS,Financials
2023-04-30 00:00:00+00:00,304.63717379254814,322.3097383352215,298.31352385791826,320.79656982421875,41876000,0.0,0.0,Goldman Sachs,GS,Financials
2023-05-31 00:00:00+00:00,321.3663553501304,324.55153334026045,296.39867368832535,304.8485412597656,40053000,2.5,0.0,Goldman Sachs,GS,Financials
2023-06-30 00:00:00+00:00,305.42269725845324,327.27688891466903,292.2931870669481,303.56854248046875,54495000,0.0,0.0,Goldman Sachs,GS,Financials
2023-07-31 00:00:00+00:00,303.44619609344863,340.3499253618141,294.3073614542808,334.93804931640625,53380000,0.0,0.0,Goldman Sachs,GS,Financials
2023-08-31 00:00:00+00:00,333.1781262708726,337.6298864735928,299.2955787523117,311.0062866210937,39256100,2.75,0.0,Goldman Sachs,GS,Financials
2023-09-30 00:00:00+00:00,312.8664115916579,328.54439484709945,302.7212995297449,307.0773010253906,34252100,0.0,0.0,Goldman Sachs,GS,Financials
2023-10-31 00:00:00+00:00,305.6157875431722,307.0867708112717,274.61104274788806,288.1347045898437,49101000,0.0,0.0,Goldman Sachs,GS,Financials
2023-11-30 00:00:00+00:00,287.8689563415974,329.87393651941375,287.4039413953962,326.79296875,41300200,2.75,0.0,Goldman Sachs,GS,Financials
2023-12-31 00:00:00+00:00,326.7163275985044,371.0172402060711,325.72125406022843,369.1131591796875,44129800,0.0,0.0,Goldman Sachs,GS,Financials
2024-01-31 00:00:00+00:00,366.4627610086096,376.9017304995775,356.00468683531057,367.42919921875,52633300,0.0,0.0,Goldman Sachs,GS,Financials
2024-02-29 00:00:00+00:00,367.83103638391214,381.5673137831702,358.99956491066774,374.8895263671875,44348700,2.75,0.0,Goldman Sachs,GS,Financials
2024-03-31 00:00:00+00:00,375.4484623210819,403.94217073469184,367.53723985089175,402.4871215820313,45998300,0.0,0.0,Goldman Sachs,GS,Financials
2024-04-30 00:00:00+00:00,401.5138315843742,417.557845274014,373.029773989379,411.17877197265625,54684900,0.0,0.0,Goldman Sachs,GS,Financials
2024-05-31 00:00:00+00:00,411.15951865805897,454.3193226060441,409.7141150290584,442.56591796875,48543700,2.75,0.0,Goldman Sachs,GS,Financials
2024-06-30 00:00:00+00:00,444.84411089826,450.3213431601265,425.7268566611842,438.4943237304688,38992800,0.0,0.0,Goldman Sachs,GS,Financials
2024-07-31 00:00:00+00:00,440.6173577103651,501.4493370582179,440.1326408193801,493.4708862304688,52458200,0.0,0.0,Goldman Sachs,GS,Financials
2024-08-31 00:00:00+00:00,494.4112319968132,498.4966172472132,424.00126564126833,497.5799560546875,44402100,3.0,0.0,Goldman Sachs,GS,Financials
2024-09-30 00:00:00+00:00,494.8690064072287,497.0436439590581,446.12033175141846,482.8158874511719,39016900,0.0,0.0,Goldman Sachs,GS,Financials
2024-10-31 00:00:00+00:00,482.2990652421074,527.0886331276796,472.1768479135303,504.9327392578125,41889200,0.0,0.0,Goldman Sachs,GS,Financials
2024-11-30 00:00:00+00:00,507.0878325731605,597.515295102198,497.83352994148686,593.4586181640625,49162600,0.0,0.0,Goldman Sachs,GS,Financials
2024-12-31 00:00:00+00:00,595.8399592956962,599.6717327155725,533.6001855979882,561.1676025390625,38981500,3.0,0.0,Goldman Sachs,GS,Financials
2025-01-31 00:00:00+00:00,567.7238074467605,637.0000173460306,545.6247769737337,627.592041015625,53209500,0.0,0.0,Goldman Sachs,GS,Financials
2025-02-28 00:00:00+00:00,613.48,658.7462768554688,593.8799819547708,612.8681640625,47574900,3.0,0.0,Goldman Sachs,GS,Financials
2025-03-31 00:00:00+00:00,612.9765755571404,619.2599839628292,512.1859924176704,538.0188598632812,63323500,0.0,0.0,Goldman Sachs,GS,Financials
2025-04-30 00:00:00+00:00,535.02489801971,558.7304790212827,432.72759045162655,539.259765625,74597700,0.0,0.0,Goldman Sachs,GS,Financials
2025-05-31 00:00:00+00:00,539.801416871451,611.3908337563146,537.2408064579587,594.3065185546875,48437500,3.0,0.0,Goldman Sachs,GS,Financials
2025-06-30 00:00:00+00:00,592.4754098569589,706.9916386879383,586.1112055446689,700.5086669921875,42628800,0.0,0.0,Goldman Sachs,GS,Financials
2025-07-31 00:00:00+00:00,700.7561554608908,730.3304311426441,684.226984741422,716.1867065429688,48019900,0.0,0.0,Goldman Sachs,GS,Financials
2025-08-31 00:00:00+00:00,703.2405045384446,745.6223319895571,686.948891475058,741.5736083984375,34757600,4.0,0.0,Goldman Sachs,GS,Financials
2025-09-30 00:00:00+00:00,732.7573384728116,821.1790176967284,717.6024280921206,792.4215087890625,37248400,0.0,0.0,Goldman Sachs,GS,Financials
2025-10-31 00:00:00+00:00,789.705049407869,803.1583632961381,736.3594765409005,785.4760131835938,48971300,0.0,0.0,Goldman Sachs,GS,Financials
2025-11-30 00:00:00+00:00,785.6750285810837,837.1299528459042,750.2804505512979,821.965087890625,37634000,0.0,0.0,Goldman Sachs,GS,Financials
2025-12-31 00:00:00+00:00,814.5518942967358,919.0999755859376,805.6161516442521,879.0,45267500,4.0,0.0,Goldman Sachs,GS,Financials
2026-01-31 00:00:00+00:00,884.0,961.6900024414062,880.75,934.8300170898438,13169700,0.0,0.0,Goldman Sachs,GS,Financials
2016-01-31 00:00:00+00:00,496.4407009835388,510.215594180525,459.2933488641044,489.6279296875,494933939,0.0,0.0,HSBC,HSBA.L,Banking
2016-02-29 00:00:00+00:00,490.67218499462194,494.2526508686517,417.8694763183594,457.1550903320313,792343561,0.0,0.0,HSBC,HSBA.L,Banking
2016-03-31 00:00:00+00:00,458.9951533029096,474.2618184178281,425.31305948893225,429.7900390625,762410566,14.7908,0.0,HSBC,HSBA.L,Banking
2016-04-30 00:00:00+00:00,429.3422703590462,474.4105903691321,411.8324515129445,450.1851196289063,602361712,0.0,0.0,HSBC,HSBA.L,Banking
2016-05-31 00:00:00+00:00,461.2780770226085,463.5165665879348,418.1995153957653,442.6509094238281,585420603,7.5421,0.0,HSBC,HSBA.L,Banking
2016-06-30 00:00:00+00:00,445.1385379722669,472.60213842002526,390.4313642353728,467.52734375,968330366,0.0,0.0,HSBC,HSBA.L,Banking
2016-07-31 00:00:00+00:00,465.68651027628033,497.1800272206773,437.5602003512884,486.63232421875,555083291,0.0,0.0,HSBC,HSBA.L,Banking
2016-08-31 00:00:00+00:00,485.4880324579452,579.1595822302819,479.6669461931536,565.37109375,655607083,7.6633,0.0,HSBC,HSBA.L,Banking
2016-09-30 00:00:00+00:00,572.4371687613027,591.6443815776473,553.8269259331324,575.92041015625,802147089,0.0,0.0,HSBC,HSBA.L,Banking
2016-10-31 00:00:00+00:00,577.5126034636824,634.0778794324629,568.2073974022999,613.319091796875,723425402,8.0417,0.0,HSBC,HSBA.L,Banking
2016-11-30 00:00:00+00:00,612.6225718470982,642.5816775760968,585.549614358588,632.2304077148438,781059645,0.0,0.0,HSBC,HSBA.L,Banking
2016-12-31 00:00:00+00:00,625.5615770950151,676.7212470758088,617.1012713173825,653.8287353515625,566814233,0.0,0.0,HSBC,HSBA.L,Banking
2017-01-31 00:00:00+00:00,656.0185673867004,689.2446301476147,654.9238332919973,673.2379150390625,463780750,0.0,0.0,HSBC,HSBA.L,Banking
2017-02-28 00:00:00+00:00,678.8114427573101,711.8562535924634,515.8729988726739,643.6355590820312,612438838,16.675701,0.0,HSBC,HSBA.L,Banking
2017-03-31 00:00:00+00:00,652.5954546409477,675.4935529854374,637.7614183219235,648.0159912109375,652867568,0.0,0.0,HSBC,HSBA.L,Banking
2017-04-30 00:00:00+00:00,647.4186033438698,660.659649033072,615.2615526585048,633.6797485351562,479739473,0.0,0.0,HSBC,HSBA.L,Banking
2017-05-31 00:00:00+00:00,639.8522173161402,687.9381338125447,634.2034538946152,673.9790649414062,567508350,7.8636,0.0,HSBC,HSBA.L,Banking
2017-06-30 00:00:00+00:00,678.9573693280887,722.2705042604839,675.074060167011,708.6285400390625,329962311,0.0,0.0,HSBC,HSBA.L,Banking
2017-07-31 00:00:00+00:00,721.2738530304026,768.6684215550694,710.9974265549903,761.4995727539062,492165193,0.0,0.0,HSBC,HSBA.L,Banking
2017-08-31 00:00:00+00:00,766.1791709979065,767.6493367171412,726.9218342946108,746.5386962890625,409994441,7.5769997,0.0,HSBC,HSBA.L,Banking
2017-09-30 00:00:00+00:00,741.1613991001458,759.2847718671901,702.2263454806144,733.99169921875,469263014,0.0,0.0,HSBC,HSBA.L,Banking
2017-10-31 00:00:00+00:00,733.493967864139,766.6536220192523,669.3770534298628,731.27734375,528880656,7.6405005,0.0,HSBC,HSBA.L,Banking
2017-11-30 00:00:00+00:00,736.6549606317631,744.7217584514802,721.8163291033711,730.9785766601562,532571128,0.0,0.0,HSBC,HSBA.L,Banking
2017-12-31 00:00:00+00:00,731.2773135917328,770.0172175445886,719.127429521296,763.7431640625,471505287,0.0,0.0,HSBC,HSBA.L,Banking
2018-01-31 00:00:00+00:00,763.0459477704727,795.3126618589962,747.2114024375766,748.0081176757812,566453313,0.0,0.0,HSBC,HSBA.L,Banking
2018-02-28 00:00:00+00:00,752.8879127529963,761.1537911641086,711.500232585757,714.2892456054688,716302689,14.762001,0.0,HSBC,HSBA.L,Banking
2018-03-31 00:00:00+00:00,716.9785766601562,718.373113376893,656.9149205298949,662.7918090820312,588283178,0.0,0.0,HSBC,HSBA.L,Banking
2018-04-30 00:00:00+00:00,659.4050144484826,729.1307223914063,648.0498369720676,726.2420654296875,498290844,0.0,0.0,HSBC,HSBA.L,Banking
2018-05-31 00:00:00+00:00,728.8319077875581,747.0369430759955,694.1682681052761,722.0328979492188,725417260,7.5502,0.0,HSBC,HSBA.L,Banking
2018-06-30 00:00:00+00:00,727.212910041623,736.2782551673591,697.6263292425953,707.9866943359375,636980539,0.0,0.0,HSBC,HSBA.L,Banking
2018-07-31 00:00:00+00:00,701.6111434644624,733.1899568548052,690.8522623289845,711.3736572265625,586079279,0.0,0.0,HSBC,HSBA.L,Banking
2018-08-31 00:00:00+00:00,706.8908673541787,725.1209494819767,666.318669486231,666.4183349609375,557068422,7.632,0.0,HSBC,HSBA.L,Banking
2018-09-30 00:00:00+00:00,668.0123524738731,681.0637661136491,642.10894386388,667.1156616210938,566430289,0.0,0.0,HSBC,HSBA.L,Banking
2018-10-31 00:00:00+00:00,660.5401241529589,676.3812740415045,594.2580595794789,642.5838623046875,708626813,7.7799997,0.0,HSBC,HSBA.L,Banking
2018-11-30 00:00:00+00:00,641.587457141605,676.4617227647534,625.8441411488118,661.9142456054688,594967042,0.0,0.0,HSBC,HSBA.L,Banking
2018-12-31 00:00:00+00:00,675.265958290665,683.536133157106,629.7302794784736,644.57666015625,440137570,0.0,0.0,HSBC,HSBA.L,Banking
2019-01-31 00:00:00+00:00,634.1143318699488,655.8361186092466,627.8369102795384,636.6053466796875,438462896,0.0,0.0,HSBC,HSBA.L,Banking
2019-02-28 00:00:00+00:00,639.0964830264985,667.5935504201334,607.8600829535702,610.8499755859375,498583581,15.9271,0.0,HSBC,HSBA.L,Banking
2019-03-31 00:00:00+00:00,613.9395063159114,634.3709495210065,606.9628722860957,633.6732788085938,586880981,0.0,0.0,HSBC,HSBA.L,Banking
2019-04-30 00:00:00+00:00,633.7731320205663,669.1543504349927,633.4740867646158,662.6760864257812,422394488,0.0,0.0,HSBC,HSBA.L,Banking
2019-05-31 00:00:00+00:00,662.7758760217584,685.3998362260354,640.9250505094085,643.0182495117188,499538662,7.8368,0.0,HSBC,HSBA.L,Banking
2019-06-30 00:00:00+00:00,638.9314542859057,663.6513983227541,635.9411354670949,659.664306640625,547822562,0.0,0.0,HSBC,HSBA.L,Banking
2019-07-31 00:00:00+00:00,663.7511969694123,672.6222159559122,651.0920080182523,663.850830078125,474884598,0.0,0.0,HSBC,HSBA.L,Banking
2019-08-31 00:00:00+00:00,655.9763528856158,656.8734730110483,576.4112227687797,589.5703125,935193464,8.0335,0.0,HSBC,HSBA.L,Banking
2019-09-30 00:00:00+00:00,584.585806769393,631.5398215607202,584.2866862391118,617.98193359375,739532926,0.0,0.0,HSBC,HSBA.L,Banking
2019-10-31 00:00:00+00:00,619.3777695155732,619.9759497043752,577.9810378378446,581.271240234375,746914598,7.7998,0.0,HSBC,HSBA.L,Banking
2019-11-30 00:00:00+00:00,583.7637530982754,601.7103158457651,564.2218611498087,574.5910034179688,458921576,0.0,0.0,HSBC,HSBA.L,Banking
2019-12-31 00:00:00+00:00,574.2919078128966,601.1120726694983,550.6621704101562,590.144775390625,548325945,0.0,0.0,HSBC,HSBA.L,Banking
2020-01-31 00:00:00+00:00,587.2533189854728,600.2407526226118,548.8675634417767,550.1636962890625,435202755,0.0,0.0,HSBC,HSBA.L,Banking
2020-02-29 00:00:00+00:00,551.3600577686702,597.2236237395398,509.9831229470973,522.3463745117188,855165141,0.0,0.0,HSBC,HSBA.L,Banking
2020-03-31 00:00:00+00:00,526.3345968925313,528.1292470262858,407.0891532647376,409.7811584472656,1945268194,0.0,0.0,HSBC,HSBA.L,Banking
2020-04-30 00:00:00+00:00,403.9485452522475,434.1088196428379,386.5004404801653,401.256591796875,861312478,0.0,0.0,HSBC,HSBA.L,Banking
2020-05-31 00:00:00+00:00,398.9134736945472,416.2619624827352,368.25472650985535,379.27191162109375,795799575,0.0,0.0,HSBC,HSBA.L,Banking
2020-06-30 00:00:00+00:00,379.1721588107276,465.1524981455499,368.6534971112813,371.1959228515625,925121832,0.0,0.0,HSBC,HSBA.L,Banking
2020-07-31 00:00:00+00:00,378.1253404011865,407.7870784845806,339.0914933490993,341.1852722167969,636951984,0.0,0.0,HSBC,HSBA.L,Banking
2020-08-31 00:00:00+00:00,328.57270417744235,358.7330211883585,314.06592817336605,316.0599975585937,591757350,0.0,0.0,HSBC,HSBA.L,Banking
2020-09-30 00:00:00+00:00,317.8047848360831,327.37624619607163,280.6652454928279,303.6967163085937,719389299,0.0,0.0,HSBC,HSBA.L,Banking
2020-10-31 00:00:00+00:00,299.1104057015785,341.1852805290609,291.93169453734515,323.5875244140625,554660572,0.0,0.0,HSBC,HSBA.L,Banking
2020-11-30 00:00:00+00:00,326.87775985768275,410.6287029495453,323.2385900966173,387.0986328125,923883306,0.0,0.0,HSBC,HSBA.L,Banking
2020-12-31 00:00:00+00:00,393.87844213377485,425.8334219422092,371.4452451885997,377.72650146484375,690035050,0.0,0.0,HSBC,HSBA.L,Banking
2021-01-31 00:00:00+00:00,381.3656944957394,419.8512328499806,375.1840971507724,381.614990234375,501402365,0.0,0.0,HSBC,HSBA.L,Banking
2021-02-28 00:00:00+00:00,383.7087173305978,448.7811545652368,376.2807984460432,424.9361572265625,506677223,0.0,0.0,HSBC,HSBA.L,Banking
2021-03-31 00:00:00+00:00,424.8364513231959,455.4453636824545,413.5204716828166,422.047119140625,678891185,10.7923,0.0,HSBC,HSBA.L,Banking
2021-04-30 00:00:00+00:00,424.04172618850646,457.6997655174442,411.0272229449279,451.56646728515625,456077780,0.0,0.0,HSBC,HSBA.L,Banking
2021-05-31 00:00:00+00:00,443.7877438864204,461.28994245536967,431.0724362311565,445.0841369628906,417645368,0.0,0.0,HSBC,HSBA.L,Banking
2021-06-30 00:00:00+00:00,445.8820379494825,451.0678541009959,412.92203115328726,422.19671630859375,406583173,0.0,0.0,HSBC,HSBA.L,Banking
2021-07-31 00:00:00+00:00,418.257492766642,423.9917602006881,388.2893302158072,396.3672790527344,390940458,0.0,0.0,HSBC,HSBA.L,Banking
2021-08-31 00:00:00+00:00,400.65552038075833,413.6202364767453,381.40644906738703,385.7451171875,444336195,5.1203003,0.0,HSBC,HSBA.L,Banking
2021-09-30 00:00:00+00:00,385.595530386348,393.7742102352436,328.69372932019377,387.6401672363281,575002876,0.0,0.0,HSBC,HSBA.L,Banking
2021-10-31 00:00:00+00:00,383.00222868865126,446.9856040786007,343.5690117280011,440.3529357910156,589370939,0.0,0.0,HSBC,HSBA.L,Banking
2021-11-30 00:00:00+00:00,439.8541044468042,446.33721482980695,408.7851202267454,418.2604370117188,595409440,0.0,0.0,HSBC,HSBA.L,Banking
2021-12-31 00:00:00+00:00,417.4126578335392,451.82295186744966,417.16330738083104,447.48431396484375,476673845,0.0,0.0,HSBC,HSBA.L,Banking
2022-01-31 00:00:00+00:00,455.7128609841154,545.6046462638354,453.8178037155976,526.2291259765625,714772997,0.0,0.0,HSBC,HSBA.L,Banking
2022-02-28 00:00:00+00:00,532.0141565665917,565.7264404296875,502.0920576099915,513.262939453125,659329182,0.0,0.0,HSBC,HSBA.L,Banking
2022-03-31 00:00:00+00:00,513.6619357027763,531.9649478405205,448.0328854061888,527.6748657226562,939123303,13.8188,0.0,HSBC,HSBA.L,Banking
2022-04-30 00:00:00+00:00,525.6795463002961,539.8466404115428,471.5053671812027,500.1388244628906,559832954,0.0,0.0,HSBC,HSBA.L,Banking
2022-05-31 00:00:00+00:00,502.7328038904892,535.556564348109,476.8429459515075,528.3732299804688,821526009,0.0,0.0,HSBC,HSBA.L,Banking
2022-06-30 00:00:00+00:00,529.4707798969137,554.1633826428236,496.6469625729768,533.162109375,866222384,0.0,0.0,HSBC,HSBA.L,Banking
2022-07-31 00:00:00+00:00,537.8513043643494,556.5079857662886,507.2223652005602,543.9371948242188,598812788,0.0,0.0,HSBC,HSBA.L,Banking
2022-08-31 00:00:00+00:00,531.8650720549632,555.1112024253462,517.0743876387621,519.6688842773438,506402526,7.8821,0.0,HSBC,HSBA.L,Banking
2022-09-30 00:00:00+00:00,526.4540271111456,539.8251030146866,460.9466679146597,466.2849731445313,611309917,0.0,0.0,HSBC,HSBA.L,Banking
2022-10-31 00:00:00+00:00,461.3956551355175,483.2580882818039,433.7558095028338,446.3285217285156,685021684,0.0,0.0,HSBC,HSBA.L,Banking
2022-11-30 00:00:00+00:00,452.6147556078537,514.2805792511141,449.3219185480527,508.5929260253906,532666103,0.0,0.0,HSBC,HSBA.L,Banking
2022-12-31 00:00:00+00:00,499.9118152920957,519.5690255743167,479.9553116642927,514.579833984375,472572909,0.0,0.0,HSBC,HSBA.L,Banking
2023-01-31 00:00:00+00:00,516.9746056097504,602.5883178710938,514.5798552145496,595.104736328125,683229946,0.0,0.0,HSBC,HSBA.L,Banking
2023-02-28 00:00:00+00:00,590.7141694036734,652.379993758037,582.931081692981,634.2194213867188,728285733,0.0,0.0,HSBC,HSBA.L,Banking
2023-03-31 00:00:00+00:00,634.6185319819745,639.9070075679748,511.33532842130114,548.6649169921875,1070919051,18.5392,0.0,HSBC,HSBA.L,Banking
2023-04-30 00:00:00+00:00,553.356061023407,587.9907005788293,549.3636614465858,572.7196044921875,411862531,0.0,0.0,HSBC,HSBA.L,Banking
2023-05-31 00:00:00+00:00,591.3844109393411,619.3136101619459,582.3014837563012,592.7601318359375,732448248,7.9378,0.0,HSBC,HSBA.L,Banking
2023-06-30 00:00:00+00:00,594.7565905330083,624.6042621350693,592.6602925382377,620.6112670898438,522359463,0.0,0.0,HSBC,HSBA.L,Banking
2023-07-31 00:00:00+00:00,621.9090560576228,664.4345114791273,597.152554910772,653.7532958984375,602722928,0.0,0.0,HSBC,HSBA.L,Banking
2023-08-31 00:00:00+00:00,650.3590756849325,653.7511352519292,578.4579999724326,587.3434448242188,1117400708,7.9779997,0.0,HSBC,HSBA.L,Banking
2023-09-30 00:00:00+00:00,592.9344628108074,649.042998197376,575.9620838512677,643.8515014648438,648177898,0.0,0.0,HSBC,HSBA.L,Banking
2023-10-31 00:00:00+00:00,647.4456328715248,663.4196283730064,581.652782894727,591.3369750976562,818823806,0.0,0.0,HSBC,HSBA.L,Banking
2023-11-30 00:00:00+00:00,595.7297465078899,619.9706720349831,581.1534503165764,601.19970703125,726231372,7.9529004,0.0,HSBC,HSBA.L,Banking
2023-12-31 00:00:00+00:00,600.1014365742554,635.6472227007198,594.1103984723611,634.5498657226562,521469538,0.0,0.0,HSBC,HSBA.L,Banking
2024-01-31 00:00:00+00:00,631.7540348847585,642.238379803527,580.8303810261864,617.2758178710938,794658125,0.0,0.0,HSBC,HSBA.L,Banking
2024-02-29 00:00:00+00:00,614.8792919105912,643.1369416062902,583.5263226759772,613.5812377929688,950388078,0.0,0.0,HSBC,HSBA.L,Banking
2024-03-31 00:00:00+00:00,616.8762520173577,629.0136277896576,572.2756216029021,618.325439453125,835190917,24.8286,0.0,HSBC,HSBA.L,Banking
2024-04-30 00:00:00+00:00,628.5142651299267,701.7343005130427,618.0256014765276,696.7398071289062,697808568,0.0,0.0,HSBC,HSBA.L,Banking
2024-05-31 00:00:00+00:00,704.6312779197034,724.6544323744848,676.9902112928256,695.8760375976562,532551521,24.3432,0.0,HSBC,HSBA.L,Banking
2024-06-30 00:00:00+00:00,698.673905305064,700.6724591331835,669.7956620075215,690.3802490234375,510610246,0.0,0.0,HSBC,HSBA.L,Banking
2024-07-31 00:00:00+00:00,691.0796336656864,705.1690700959351,615.5664723981649,658.0045776367188,544863839,0.0,0.0,HSBC,HSBA.L,Banking
2024-08-31 00:00:00+00:00,659.4035076969709,670.4734648780034,610.4274186078455,666.276123046875,523162529,7.5817,0.0,HSBC,HSBA.L,Banking
2024-09-30 00:00:00+00:00,665.0769144681087,682.965535558885,645.089629956368,664.2774047851562,610426396,0.0,0.0,HSBC,HSBA.L,Banking
2024-10-31 00:00:00+00:00,674.9705963160116,728.7364227181157,662.2787342905505,711.24755859375,517265209,0.0,0.0,HSBC,HSBA.L,Banking
2024-11-30 00:00:00+00:00,711.6472141820109,740.464027581603,688.3366061927042,732.3132934570312,577836741,7.8285003,0.0,HSBC,HSBA.L,Banking
2024-12-31 00:00:00+00:00,734.0124063900906,784.9856039534311,730.3143470580221,784.8856201171875,370340067,0.0,0.0,HSBC,HSBA.L,Banking
2025-01-31 00:00:00+00:00,776.5899861054259,849.3515351095226,766.5952643168341,845.2537231445312,538457584,0.0,0.0,HSBC,HSBA.L,Banking
2025-02-28 00:00:00+00:00,828.3626558559588,933.1353001573664,814.5699498866883,933.1072998046876,594947188,0.0,0.0,HSBC,HSBA.L,Banking
2025-03-31 00:00:00+00:00,933.507110126202,949.6985732733058,834.6050425454295,876.9951171875,631572467,27.319801,0.0,HSBC,HSBA.L,Banking
2025-04-30 00:00:00+00:00,879.1946882352925,882.7938232421875,698.5368336812294,824.5074462890625,717520177,0.0,0.0,HSBC,HSBA.L,Banking
2025-05-31 00:00:00+00:00,838.1041973227043,891.5697030201773,829.6061825535542,873.0723876953125,465252960,7.3666997,0.0,HSBC,HSBA.L,Banking
2025-06-30 00:00:00+00:00,865.6734729362217,895.2691693285292,859.2744141998091,870.4727783203125,375380759,0.0,0.0,HSBC,HSBA.L,Banking
2025-07-31 00:00:00+00:00,884.1707394206852,978.6469085303894,879.9713898136899,917.765869140625,369267502,0.0,0.0,HSBC,HSBA.L,Banking
2025-08-31 00:00:00+00:00,922.2652166794892,972.3327771850315,920.0655260017878,953.5340576171876,413296806,7.3562,0.0,HSBC,HSBA.L,Banking
2025-09-30 00:00:00+00:00,952.9341209802562,1056.9269396202717,946.1345669969704,1050.7274169921875,526512004,0.0,0.0,HSBC,HSBA.L,Banking
2025-10-31 00:00:00+00:00,1054.9270683672137,1073.3258056640625,959.2197069071294,1063.3265380859375,572028678,0.0,0.0,HSBC,HSBA.L,Banking
2025-11-30 00:00:00+00:00,1060.1267065897346,1126.199951171875,1027.800048828125,1070.199951171875,520684227,7.5079,0.0,HSBC,HSBA.L,Banking
2025-12-31 00:00:00+00:00,1074.4000244140625,1181.199951171875,1049.199951171875,1173.800048828125,404960447,0.0,0.0,HSBC,HSBA.L,Banking
2026-01-31 00:00:00+00:00,1185.5999755859375,1227.199951171875,1180.800048828125,1193.5999755859375,89737394,0.0,0.0,HSBC,HSBA.L,Banking
2016-01-31 00:00:00+00:00,72.13504571725872,75.50017834850027,68.40494898868293,75.33228302001953,62713960,0.0,0.0,Honeywell,HON,Industrials
2016-02-29 00:00:00+00:00,74.60233657438226,81.65382912876505,72.57303806106054,74.40281677246094,122697656,0.534642,0.0,Honeywell,HON,Industrials
2016-03-31 00:00:00+00:00,76.06192762318196,83.3003144475413,75.83435411962441,82.25787353515625,82523264,0.0,0.0,Honeywell,HON,Industrials
2016-04-30 00:00:00+00:00,81.85412951423069,85.56872902391466,81.362268997087,83.88761901855469,64190214,0.0,0.0,Honeywell,HON,Industrials
2016-05-31 00:00:00+00:00,84.02710909889183,85.06983226270235,81.7048316032604,83.99981689453125,60019086,0.534642,0.0,Honeywell,HON,Industrials
2016-06-30 00:00:00+00:00,84.04410289327122,87.46813291212497,81.32108348018446,85.8373031616211,66219579,0.0,0.0,Honeywell,HON,Industrials
2016-07-31 00:00:00+00:00,86.08079690227858,88.56765279097145,83.1659411808637,85.84467315673828,67825596,0.0,0.0,Honeywell,HON,Industrials
2016-08-31 00:00:00+00:00,85.56426537605071,87.33965675405587,84.8927341059526,86.56822967529297,48400018,0.534642,0.0,Honeywell,HON,Industrials
2016-09-30 00:00:00+00:00,86.33829743629674,87.31739318284704,82.33293977029341,86.47921752929688,73765228,0.0,0.0,Honeywell,HON,Industrials
2016-10-31 00:00:00+00:00,86.3583788803999,86.71631289206103,78.48389822352667,81.78726196289062,110922376,0.0,1.0053282396702523,Honeywell,HON,Industrials
2016-11-30 00:00:00+00:00,81.92898458225129,86.0664595994102,80.54196507511004,85.46637725830078,77295806,0.600725,0.0,Honeywell,HON,Industrials
2016-12-31 00:00:00+00:00,84.94129178023478,88.97682255437053,84.13871110727567,86.8990478515625,83757235,0.0,0.0,Honeywell,HON,Industrials
2017-01-31 00:00:00+00:00,87.48414841130202,89.43441450872793,86.68154468364716,88.75182342529297,73597554,0.0,0.0,Honeywell,HON,Industrials
2017-02-28 00:00:00+00:00,89.04434094487745,94.80808148480284,87.85920062018306,93.88805389404295,62531463,0.600725,0.0,Honeywell,HON,Industrials
2017-03-31 00:00:00+00:00,94.53660371273388,96.16548488823014,92.79457691262628,94.1670913696289,65711973,0.0,0.0,Honeywell,HON,Industrials
2017-04-30 00:00:00+00:00,94.06153293669836,101.80633468875692,92.30439642957109,98.89543151855467,68203492,0.0,0.0,Honeywell,HON,Industrials
2017-05-31 00:00:00+00:00,98.81248768929318,101.6547922509551,97.77417128614358,100.7983169555664,66153778,0.600725,0.0,Honeywell,HON,Industrials
2017-06-30 00:00:00+00:00,101.23035129218871,103.00392540931044,99.60835885214354,101.02568817138672,60196695,0.0,0.0,Honeywell,HON,Industrials
2017-07-31 00:00:00+00:00,101.5107806803989,105.12615343814215,100.95747412254494,103.17066955566406,51694634,0.0,0.0,Honeywell,HON,Industrials
2017-08-31 00:00:00+00:00,103.34500652266286,106.27063495682334,102.4385284843481,105.3098602294922,61072553,0.600725,0.0,Honeywell,HON,Industrials
2017-09-30 00:00:00+00:00,105.32508955038055,108.19640904266564,103.71043159229548,107.9526824951172,63441523,0.0,0.0,Honeywell,HON,Industrials
2017-10-31 00:00:00+00:00,108.00601292179972,111.95881349076129,106.77979311352776,109.79582977294922,61222884,0.0,0.0,Honeywell,HON,Industrials
2017-11-30 00:00:00+00:00,110.12332030722428,119.95715367596966,109.56732425940356,119.3906707763672,58909262,0.672992,0.0,Honeywell,HON,Industrials
2017-12-31 00:00:00+00:00,119.19160198234752,119.826993370353,116.97931083059817,117.40032958984376,65608249,0.0,0.0,Honeywell,HON,Industrials
2018-01-31 00:00:00+00:00,117.75246367275318,126.41049570408502,116.20610437207608,122.23076629638672,80066401,0.0,0.0,Honeywell,HON,Industrials
2018-02-28 00:00:00+00:00,121.71786615381068,123.10345999340284,110.12020806931308,116.24002838134766,75663540,0.672992,0.0,Honeywell,HON,Industrials
2018-03-31 00:00:00+00:00,116.40926979420178,118.82469203137023,109.60917994495088,111.16302490234376,69049016,0.0,0.0,Honeywell,HON,Industrials
2018-04-30 00:00:00+00:00,110.64766026411544,116.6400478423671,107.82454485230012,111.29379272460938,67587893,0.0,0.0,Honeywell,HON,Industrials
2018-05-31 00:00:00+00:00,111.05533412538368,117.87367896677208,107.31685938761096,114.35586547851562,62606961,0.672992,0.0,Honeywell,HON,Industrials
2018-06-30 00:00:00+00:00,115.0826214169615,117.9045948957832,109.74793243428692,111.37152099609376,57745366,0.0,0.0,Honeywell,HON,Industrials
2018-07-31 00:00:00+00:00,110.838060877748,123.58721138415332,110.56746760394466,123.43258666992188,68074527,0.0,0.0,Honeywell,HON,Industrials
2018-08-31 00:00:00+00:00,123.64135143720556,125.08470004674211,116.90725841534034,123.57748413085938,59249439,0.672992,0.0,Honeywell,HON,Industrials
2018-09-30 00:00:00+00:00,123.5852288524767,130.23567541655092,122.91706680121446,129.28005981445312,51611718,0.0,0.0,Honeywell,HON,Industrials
2018-10-31 00:00:00+00:00,130.67856421726017,131.73894347352544,112.9172222647138,117.39177703857422,94244840,0.0,2.043,Honeywell,HON,Industrials
2018-11-30 00:00:00+00:00,117.89436371386572,122.88771581095368,115.75738160296038,119.62110137939452,71473416,0.772856,0.0,Honeywell,HON,Industrials
2018-12-31 00:00:00+00:00,122.2702970462372,123.50115280299708,100.65292127000086,107.6956787109375,74249313,0.0,0.0,Honeywell,HON,Industrials
2019-01-31 00:00:00+00:00,106.122487020182,117.42842122125872,105.20952570202388,117.0779037475586,64605989,0.0,0.0,Honeywell,HON,Industrials
2019-02-28 00:00:00+00:00,121.21063602047369,126.86409654083988,117.6566470348243,126.25765991210938,59804646,0.772856,0.0,Honeywell,HON,Industrials
2019-03-31 00:00:00+00:00,127.01158994211228,130.69928494321573,123.2337608194815,130.232177734375,63784669,0.0,0.0,Honeywell,HON,Industrials
2019-04-30 00:00:00+00:00,131.1171560045619,142.598147899007,130.46982651736585,142.2867431640625,66192925,0.0,0.0,Honeywell,HON,Industrials
2019-05-31 00:00:00+00:00,142.39325720055936,142.868550018328,133.96224872842205,135.30447387695312,67241939,0.772856,0.0,Honeywell,HON,Industrials
2019-06-30 00:00:00+00:00,135.44449378624887,146.05074665331605,135.31273714524627,143.769775390625,49839628,0.0,0.0,Honeywell,HON,Industrials
2019-07-31 00:00:00+00:00,145.4496029394096,146.96482680286843,138.77127289283192,142.01573181152344,49221807,0.0,0.0,Honeywell,HON,Industrials
2019-08-31 00:00:00+00:00,141.54639189439425,143.1274580071533,128.20466749979022,136.24082946777344,60165595,0.772856,0.0,Honeywell,HON,Industrials
2019-09-30 00:00:00+00:00,135.3221520464599,142.95269488159136,134.610417409679,140.03126525878906,63792417,0.0,0.0,Honeywell,HON,Industrials
2019-10-31 00:00:00+00:00,140.3209375942597,144.8313753917526,131.25034935652536,142.9526824951172,64587737,0.0,0.0,Honeywell,HON,Industrials
2019-11-30 00:00:00+00:00,144.24375750406213,151.5515248279567,143.94581244071503,148.50390625,57497394,0.848256,0.0,Honeywell,HON,Industrials
2019-12-31 00:00:00+00:00,148.50392820534873,148.70354737907968,142.44065802803732,147.2147674560547,53452229,0.0,0.0,Honeywell,HON,Industrials
2020-01-31 00:00:00+00:00,147.63056858512994,153.08668376147838,142.5072111180512,144.0708465576172,57838931,0.0,0.0,Honeywell,HON,Industrials
2020-02-29 00:00:00+00:00,145.1021768417764,151.54798472869908,125.95198620621323,135.61036682128906,64282704,0.848256,0.0,Honeywell,HON,Industrials
2020-03-31 00:00:00+00:00,136.3797190161047,143.771935225674,84.525479227475,111.87834930419922,142307264,0.0,0.0,Honeywell,HON,Industrials
2020-04-30 00:00:00+00:00,107.27074483007782,123.65237786174036,104.94604281311786,118.66012573242188,78882169,0.0,0.0,Honeywell,HON,Industrials
2020-05-31 00:00:00+00:00,116.51100992572796,127.37763328236504,98.6521643495376,122.8624267578125,82125219,0.848256,0.0,Honeywell,HON,Industrials
2020-06-30 00:00:00+00:00,122.55914049185114,139.60069417911626,115.8537624193832,121.80101013183594,88020879,0.0,0.0,Honeywell,HON,Industrials
2020-07-31 00:00:00+00:00,122.3316933669048,132.2718863328481,118.6925982426324,125.82765197753906,73928255,0.0,0.0,Honeywell,HON,Industrials
2020-08-31 00:00:00+00:00,126.4678552596454,142.91455445446135,123.16566898091078,140.2460174560547,79285241,0.848256,0.0,Honeywell,HON,Industrials
2020-09-30 00:00:00+00:00,138.75502959455036,147.25198504480787,132.8757924348165,139.44970703125,65833885,0.0,0.0,Honeywell,HON,Industrials
2020-10-31 00:00:00+00:00,140.7966322371426,151.33522846410028,135.0529752504448,139.7377471923828,57402224,0.0,0.0,Honeywell,HON,Industrials
2020-11-30 00:00:00+00:00,143.33811767849767,178.40408763240362,142.4147258047706,173.5612030029297,82076944,0.876532,0.0,Honeywell,HON,Industrials
2020-12-31 00:00:00+00:00,176.25924460103187,184.43859727171895,174.35272894147542,181.03402709960935,60835831,0.0,0.0,Honeywell,HON,Industrials
2021-01-31 00:00:00+00:00,181.15317072712568,182.14899575275876,165.58613440084494,166.2840576171875,62013754,0.0,0.0,Honeywell,HON,Industrials
2021-02-28 00:00:00+00:00,168.13952749416143,180.55740805211772,166.20747193871426,172.98728942871094,47714867,0.876532,0.0,Honeywell,HON,Industrials
2021-03-31 00:00:00+00:00,174.67998277287356,187.79397300887143,171.4142617280771,185.57125854492188,75506385,0.0,0.0,Honeywell,HON,Industrials
2021-04-30 00:00:00+00:00,186.3320799913744,198.6340020250289,184.2204893760596,190.6749725341797,57925826,0.0,0.0,Honeywell,HON,Industrials
2021-05-31 00:00:00+00:00,191.7007966230597,199.3826507164235,186.10993901285968,198.2408142089844,56506421,0.876532,0.0,Honeywell,HON,Industrials
2021-06-30 00:00:00+00:00,199.9406927983311,200.9108157963702,181.97189614276007,188.31634521484372,61126117,0.0,0.0,Honeywell,HON,Industrials
2021-07-31 00:00:00+00:00,189.3722868674578,201.10827125897515,185.38021801015384,200.7133331298828,88463634,0.0,0.0,Honeywell,HON,Industrials
2021-08-31 00:00:00+00:00,201.8723084904177,203.3489594258026,194.8335411573697,199.89317321777344,43092620,0.876532,0.0,Honeywell,HON,Industrials
2021-09-30 00:00:00+00:00,200.789603208498,200.99646456367023,182.8180748220266,182.9732208251953,56031517,0.0,0.0,Honeywell,HON,Industrials
2021-10-31 00:00:00+00:00,183.57660230738247,193.8164957483573,182.42160313963677,188.4379425048828,44561471,0.0,0.0,Honeywell,HON,Industrials
2021-11-30 00:00:00+00:00,188.5068761674465,197.2943357563307,174.09444253323375,175.07264709472656,53372438,0.923657,0.0,Honeywell,HON,Industrials
2021-12-31 00:00:00+00:00,178.02457090115612,183.123372432466,171.4887775883385,180.5004119873047,78437925,0.0,0.0,Honeywell,HON,Industrials
2022-01-31 00:00:00+00:00,179.93771575593826,192.08302515039017,169.7141766643687,177.0117645263672,73152876,0.0,0.0,Honeywell,HON,Industrials
2022-02-28 00:00:00+00:00,176.5356514780878,179.9204043138722,151.82116605838692,165.1649169921875,82995242,0.923657,0.0,Honeywell,HON,Industrials
2022-03-31 00:00:00+00:00,162.46656399037536,173.55590505925906,158.43643655610236,169.3690948486328,89960920,0.0,0.0,Honeywell,HON,Industrials
2022-04-30 00:00:00+00:00,170.5180823889804,175.8190294189533,161.24795661587234,168.437744140625,63101494,0.0,0.0,Honeywell,HON,Industrials
2022-05-31 00:00:00+00:00,169.29078022188094,179.65762494649408,161.76017493303763,169.39805603027344,83819530,0.923657,0.0,Honeywell,HON,Industrials
2022-06-30 00:00:00+00:00,170.16795925524966,173.22136802672526,148.8904040566686,152.0662841796875,66584541,0.0,0.0,Honeywell,HON,Industrials
2022-07-31 00:00:00+00:00,151.92629853969743,168.96935215000528,146.41444930872402,168.3831787109375,51096063,0.0,0.0,Honeywell,HON,Industrials
2022-08-31 00:00:00+00:00,167.46450589014344,179.5993776661106,164.30614711900168,166.4894561767578,52570749,0.923657,0.0,Honeywell,HON,Industrials
2022-09-30 00:00:00+00:00,166.31363188533808,170.2879369512785,146.51251351543044,146.81146240234375,71667792,0.0,0.0,Honeywell,HON,Industrials
2022-10-31 00:00:00+00:00,149.5372135310508,180.39071398832783,148.666744164977,179.38836669921875,70605200,0.0,0.0,Honeywell,HON,Industrials
2022-11-30 00:00:00+00:00,179.76643448736093,195.23456388008933,175.12392828169314,193.98876953125,70465150,0.970782,0.0,Honeywell,HON,Industrials
2022-12-31 00:00:00+00:00,194.63379242422116,194.93420533442224,182.21954875641063,189.3499755859375,59995625,0.0,0.0,Honeywell,HON,Industrials
2023-01-31 00:00:00+00:00,190.10101487796797,191.9300367970505,175.6634112114484,184.20758056640625,64139996,0.0,0.0,Honeywell,HON,Industrials
2023-02-28 00:00:00+00:00,183.26216237183257,184.1810672683216,168.4396922293668,170.0829620361328,68361503,0.970782,0.0,Honeywell,HON,Industrials
2023-03-31 00:00:00+00:00,169.32792465659134,177.03800972303438,163.64310851423136,169.76315307617188,77314541,0.0,0.0,Honeywell,HON,Industrials
2023-04-30 00:00:00+00:00,169.27464940365238,178.37034853578626,167.88895411786615,177.5087432861328,52160140,0.0,0.0,Honeywell,HON,Industrials
2023-05-31 00:00:00+00:00,177.6508728410016,179.5694994893795,169.64488471150554,171.08248901367188,53010216,0.970782,0.0,Honeywell,HON,Industrials
2023-06-30 00:00:00+00:00,171.30571971100213,186.16382526859303,170.0734976921189,185.27984619140625,52988889,0.0,0.0,Honeywell,HON,Industrials
2023-07-31 00:00:00+00:00,184.64586813788708,188.2889299845047,172.70758950037916,173.34156799316406,64440473,0.0,0.0,Honeywell,HON,Industrials
2023-08-31 00:00:00+00:00,172.64510290894856,174.38627402556068,165.71619102189956,168.7327880859375,60483474,0.970782,0.0,Honeywell,HON,Industrials
2023-09-30 00:00:00+00:00,169.70241165483412,176.94769277567644,164.50415899453117,165.85983276367188,61890571,0.0,0.0,Honeywell,HON,Industrials
2023-10-31 00:00:00+00:00,165.19542781474908,169.0470188979283,157.00752524207047,164.53106689453125,65260307,0.0,0.0,Honeywell,HON,Industrials
2023-11-30 00:00:00+00:00,165.36602879648828,177.29349864602128,162.8791300183848,176.9322967529297,56590030,1.017908,0.0,Honeywell,HON,Industrials
2023-12-31 00:00:00+00:00,177.45605492451608,189.80121627037283,174.30428741929134,189.3857879638672,63521328,0.0,0.0,Honeywell,HON,Industrials
2024-01-31 00:00:00+00:00,188.61817512479115,190.1985835554096,177.00451734122228,182.65782165527344,68829724,0.0,0.0,Honeywell,HON,Industrials
2024-02-29 00:00:00+00:00,176.88712146870367,182.99195524510608,171.2789703556701,180.4563751220703,68798317,1.017908,0.0,Honeywell,HON,Industrials
2024-03-31 00:00:00+00:00,179.42121859362408,187.80248189713825,177.0330513439704,186.37684631347656,62006006,0.0,0.0,Honeywell,HON,Industrials
2024-04-30 00:00:00+00:00,186.50399695459484,186.95801994396064,172.30211764572817,175.0081024169922,65887145,0.0,0.0,Honeywell,HON,Industrials
2024-05-31 00:00:00+00:00,174.31798033889444,189.2076403291533,174.25442829442983,184.57032775878903,60198911,1.017908,0.0,Honeywell,HON,Industrials
2024-06-30 00:00:00+00:00,186.0582918192721,199.331210665481,183.47490731454505,194.9311981201172,61845585,0.0,0.0,Honeywell,HON,Industrials
2024-07-31 00:00:00+00:00,194.56607570705617,201.549441047266,180.96453102082225,186.9072113037109,63194222,0.0,0.0,Honeywell,HON,Industrials
2024-08-31 00:00:00+00:00,186.52383125533487,191.6013131944291,178.52718741230618,190.830322265625,64631662,1.017908,0.0,Honeywell,HON,Industrials
2024-09-30 00:00:00+00:00,190.5916852841381,193.5288220236086,181.1470047128672,189.7289123535156,47215879,0.0,0.0,Honeywell,HON,Industrials
2024-10-31 00:00:00+00:00,189.4719279726721,204.66234573212185,185.03870120569508,188.7835235595703,99763391,0.0,0.0,Honeywell,HON,Industrials
2024-11-30 00:00:00+00:00,189.3434002190108,222.82660334728035,188.87530759333148,214.8474578857422,104660967,1.065033,0.0,Honeywell,HON,Industrials
2024-12-31 00:00:00+00:00,215.08724963140057,219.80979396240383,205.83590815580612,208.3539581298828,86339302,0.0,0.0,Honeywell,HON,Industrials
2025-01-31 00:00:00+00:00,209.44235820360103,211.1948537171663,197.94043026594463,206.35243225097656,74503210,0.0,0.0,Honeywell,HON,Industrials
2025-02-28 00:00:00+00:00,205.22714576376544,208.1787187003688,185.8942703835809,197.41409301757807,97839160,1.065033,0.0,Honeywell,HON,Industrials
2025-03-31 00:00:00+00:00,198.1837521351269,202.58844697199856,189.84727339781583,196.35694885253903,103810680,0.0,0.0,Honeywell,HON,Industrials
2025-04-30 00:00:00+00:00,195.76349182983483,200.67820084965524,166.32153071295718,195.1978302001953,118798369,0.0,0.0,Honeywell,HON,Industrials
2025-05-31 00:00:00+00:00,195.10509850482015,212.40340872216692,194.26125101608548,211.2663116455078,89861079,1.065033,0.0,Honeywell,HON,Industrials
2025-06-30 00:00:00+00:00,209.70980207165965,217.68809035981215,205.2359951099206,217.0542907714844,64004508,0.0,0.0,Honeywell,HON,Industrials
2025-07-31 00:00:00+00:00,217.70674086693876,225.29357581122608,206.18668503959557,207.23989868164065,85050078,0.0,0.0,Honeywell,HON,Industrials
2025-08-31 00:00:00+00:00,206.3264799889425,209.00264068858087,199.64373638436876,205.6485595703125,68217526,1.065033,0.0,Honeywell,HON,Industrials
2025-09-30 00:00:00+00:00,203.33443638051608,204.35564832708377,191.4733380892013,197.2165069580078,104748818,0.0,0.0,Honeywell,HON,Industrials
2025-10-31 00:00:00+00:00,197.21651179281588,208.4405266627909,187.95060497358145,200.13131713867188,112592983,0.0,1.061,Honeywell,HON,Industrials
2025-11-30 00:00:00+00:00,200.13131595391744,201.83111704849676,186.75999450683597,192.19000244140625,76568100,1.19,0.0,Honeywell,HON,Industrials
2025-12-31 00:00:00+00:00,190.27999877929688,202.4600067138672,189.52999877929688,195.08999633789065,81081300,0.0,0.0,Honeywell,HON,Industrials
2026-01-31 00:00:00+00:00,195.69000244140625,206.0,193.3500061035156,205.2400054931641,21287100,0.0,0.0,Honeywell,HON,Industrials
2016-01-31 00:00:00+00:00,25.139892869330893,26.02504433674224,23.08507672163252,24.515544891357425,477747600,0.0,0.0,Intel,INTC,Semiconductors
2016-02-29 00:00:00+00:00,24.27845499259369,24.594581921632983,22.06844293771945,23.591228485107425,526508800,0.26,0.0,Intel,INTC,Semiconductors
2016-03-31 00:00:00+00:00,23.862299184933224,26.11060209767538,23.71879029446585,25.79169273376465,471958200,0.0,0.0,Intel,INTC,Semiconductors
2016-04-30 00:00:00+00:00,25.727911020051245,25.88736567638394,23.99783138800793,24.141340255737305,515836800,0.0,0.0,Intel,INTC,Semiconductors
2016-05-31 00:00:00+00:00,24.276876823027457,25.45156813859887,23.722627792201088,25.40331649780273,431523200,0.26,0.0,Intel,INTC,Semiconductors
2016-06-30 00:00:00+00:00,25.427446408517284,26.53718069256814,24.47853805430916,26.3763484954834,484891000,0.0,0.0,Intel,INTC,Semiconductors
2016-07-31 00:00:00+00:00,26.247681925092817,28.893356434683604,26.03860307499711,28.032915115356445,530528900,0.0,0.0,Intel,INTC,Semiconductors
2016-08-31 00:00:00+00:00,28.000748096428797,29.088069848392752,27.54048582597786,29.079965591430664,390892300,0.26,0.0,Intel,INTC,Semiconductors
2016-09-30 00:00:00+00:00,29.16098470780109,30.83010597259475,28.40745545159213,30.58703994750977,505600300,0.0,0.0,Intel,INTC,Semiconductors
2016-10-31 00:00:00+00:00,30.5384209700695,31.08128929832232,28.12386651387063,28.25350379943848,471649900,0.0,0.0,Intel,INTC,Semiconductors
2016-11-30 00:00:00+00:00,28.27781411970247,29.11236562917894,27.283660445345472,28.328638076782227,412448100,0.26,0.0,Intel,INTC,Semiconductors
2016-12-31 00:00:00+00:00,28.459265346422548,30.492053316429924,27.397962346138986,29.610370635986328,405906200,0.0,0.0,Intel,INTC,Semiconductors
2017-01-31 00:00:00+00:00,29.887947342142407,31.39009071871263,29.54505956893998,30.05938148498535,456335100,0.0,0.0,Intel,INTC,Semiconductors
2017-02-28 00:00:00+00:00,30.05937436718208,30.27396573998868,28.64598684267135,29.764198303222656,477551300,0.26,0.0,Intel,INTC,Semiconductors
2017-03-31 00:00:00+00:00,29.4764270591368,29.846416505120036,28.497992255121293,29.657306671142575,546151800,0.0,0.0,Intel,INTC,Semiconductors
2017-04-30 00:00:00+00:00,29.755975350022045,30.83307514739529,28.950211815203737,29.723094940185547,444122200,0.0,0.0,Intel,INTC,Semiconductors
2017-05-31 00:00:00+00:00,29.690199157629863,30.78910921368762,29.00819036416324,29.91107177734375,432927300,0.273,0.0,Intel,INTC,Semiconductors
2017-06-30 00:00:00+00:00,29.919357299804688,30.2921062918389,27.616597625799205,27.94792938232422,499455600,0.0,0.0,Intel,INTC,Semiconductors
2017-07-31 00:00:00+00:00,27.75740794790527,29.70399713165744,27.52547948307333,29.380937576293945,440860400,0.0,0.0,Intel,INTC,Semiconductors
2017-08-31 00:00:00+00:00,29.538324763882837,30.627993301303,28.69183736437028,29.26767349243164,497303200,0.273,0.0,Intel,INTC,Semiconductors
2017-09-30 00:00:00+00:00,29.40955615743381,31.838094702747203,29.1508443958728,31.77967643737793,431948900,0.0,0.0,Intel,INTC,Semiconductors
2017-10-31 00:00:00+00:00,31.81305693820165,38.22239256623482,31.779677345291805,37.96368408203125,633392500,0.0,0.0,Intel,INTC,Semiconductors
2017-11-30 00:00:00+00:00,38.36428038312846,39.53186277599594,36.74474539283115,37.64299774169922,579910400,0.273,0.0,Intel,INTC,Semiconductors
2017-12-31 00:00:00+00:00,37.55065259232571,39.99359158243043,35.82128813426131,38.75113296508789,559756900,0.0,0.0,Intel,INTC,Semiconductors
2018-01-31 00:00:00+00:00,38.93581483585118,42.68836064084167,35.62820651386146,40.413333892822266,910041000,0.0,0.0,Intel,INTC,Semiconductors
2018-02-28 00:00:00+00:00,40.04395398125458,43.02023920264491,35.53184114256192,41.65947723388672,608494100,0.3,0.0,Intel,INTC,Semiconductors
2018-03-31 00:00:00+00:00,41.83695398656994,45.45439821163888,39.69017813457318,44.0175666809082,710899300,0.0,0.0,Intel,INTC,Semiconductors
2018-04-30 00:00:00+00:00,43.68794428164734,47.15323511839904,39.969103887905234,43.6287727355957,666315000,0.0,0.0,Intel,INTC,Semiconductors
2018-05-31 00:00:00+00:00,43.645675627579685,47.77389602033984,43.28224156995788,46.92384719848633,486323900,0.3,0.0,Intel,INTC,Semiconductors
2018-06-30 00:00:00+00:00,47.46787003436959,48.96399113015613,41.22835765393253,42.2569465637207,638342400,0.0,0.0,Intel,INTC,Semiconductors
2018-07-31 00:00:00+00:00,41.68740069508308,45.3086975922283,39.46872411956479,40.88832473754883,479303100,0.0,0.0,Intel,INTC,Semiconductors
2018-08-31 00:00:00+00:00,40.85433037036463,43.27508481100204,39.50348286481477,41.419219970703125,516977100,0.3,0.0,Intel,INTC,Semiconductors
2018-09-30 00:00:00+00:00,41.37647127649313,41.41923258179301,37.68182731327624,40.44425582885742,462762400,0.0,0.0,Intel,INTC,Semiconductors
2018-10-31 00:00:00+00:00,40.0166382050183,42.52248612063232,36.22791977990555,40.0936164855957,782226900,0.0,0.0,Intel,INTC,Semiconductors
2018-11-30 00:00:00+00:00,40.15347385832218,42.44583392328117,39.98242712883749,42.43722915649414,552786700,0.3,0.0,Intel,INTC,Semiconductors
2018-12-31 00:00:00+00:00,43.03105884899027,43.46136943748017,37.4456326545592,40.38895034790039,565278100,0.0,0.0,Intel,INTC,Semiconductors
2019-01-31 00:00:00+00:00,39.55415295701155,43.06548099477136,38.2029755198096,40.55247116088867,620374700,0.0,0.0,Intel,INTC,Semiconductors
2019-02-28 00:00:00+00:00,40.50082895632397,46.43035590035873,40.45779527618288,45.86739730834961,410236000,0.315,0.0,Intel,INTC,Semiconductors
2019-03-31 00:00:00+00:00,46.28312303484764,47.62553544497906,44.7761445992948,46.50829315185547,435022900,0.0,0.0,Intel,INTC,Semiconductors
2019-04-30 00:00:00+00:00,47.062592204678346,51.60949154234196,44.05730174469554,44.20453643798828,472425200,0.0,0.0,Intel,INTC,Semiconductors
2019-05-31 00:00:00+00:00,44.25650223776684,44.88007927747671,37.347377603161576,38.37559509277344,637861500,0.315,0.0,Intel,INTC,Semiconductors
2019-06-30 00:00:00+00:00,38.558584833304046,42.24452624656504,37.6436360274938,41.712982177734375,416046000,0.0,0.0,Intel,INTC,Semiconductors
2019-07-31 00:00:00+00:00,42.95034042174424,46.61885388422915,41.01587164687928,44.04827117919922,431034400,0.0,0.0,Intel,INTC,Semiconductors
2019-08-31 00:00:00+00:00,44.02214362990255,45.21593399422897,39.3014104123628,41.5910758972168,531370100,0.315,0.0,Intel,INTC,Semiconductors
2019-09-30 00:00:00+00:00,41.33666449624539,46.78447348805452,40.79276194072117,45.20540237426758,387955800,0.0,0.0,Intel,INTC,Semiconductors
2019-10-31 00:00:00+00:00,45.59140673651606,50.214579934531166,42.57360047921698,49.59171676635742,438267300,0.0,0.0,Intel,INTC,Semiconductors
2019-11-30 00:00:00+00:00,49.07412912830277,52.15808470321054,48.793405018,51.20542907714844,319751400,0.315,0.0,Intel,INTC,Semiconductors
2019-12-31 00:00:00+00:00,51.646480943596806,53.34890936236848,49.17662747490988,52.79319381713867,419629000,0.0,0.0,Intel,INTC,Semiconductors
2020-01-31 00:00:00+00:00,53.137208243109534,61.12015429858162,51.620014332577085,56.39213180541992,534150100,0.0,0.0,Intel,INTC,Semiconductors
2020-02-29 00:00:00+00:00,56.85964437819211,60.35740994000648,47.51295772770149,49.21491622924805,441506700,0.33,0.0,Intel,INTC,Semiconductors
2020-03-31 00:00:00+00:00,49.454267671069225,52.31745200267572,38.67518917189437,47.973899841308594,961035400,0.0,0.0,Intel,INTC,Semiconductors
2020-04-30 00:00:00+00:00,46.53788197247491,55.0742599469352,45.40324237042213,53.16841506958008,617557900,0.0,0.0,Intel,INTC,Semiconductors
2020-05-31 00:00:00+00:00,52.14903112286241,57.17716007650628,49.9152026697216,56.09851837158203,409253500,0.33,0.0,Intel,INTC,Semiconductors
2020-06-30 00:00:00+00:00,55.70628636965745,58.04185699798786,50.59830093925034,53.33504104614258,570572500,0.0,0.0,Intel,INTC,Semiconductors
2020-07-31 00:00:00+00:00,53.40636751140071,55.20707417680927,41.87108488740854,42.54858016967773,808654500,0.0,0.0,Intel,INTC,Semiconductors
2020-08-31 00:00:00+00:00,43.02996326729258,46.221112316290885,42.557499463924486,45.72748947143555,667321500,0.33,0.0,Intel,INTC,Semiconductors
2020-09-30 00:00:00+00:00,45.69159537311134,47.28016550686772,43.45681083097307,46.472415924072266,680429800,0.0,0.0,Intel,INTC,Semiconductors
2020-10-31 00:00:00+00:00,47.02886096999661,50.4662774099584,39.13985509909842,39.74117660522461,738437500,0.0,0.0,Intel,INTC,Semiconductors
2020-11-30 00:00:00+00:00,40.351481540875525,43.84522660249244,39.70528575285209,43.70962142944336,676942800,0.33,0.0,Intel,INTC,Semiconductors
2020-12-31 00:00:00+00:00,44.07123554392571,47.59693505337688,40.89810662989358,45.03853988647461,883810300,0.0,0.0,Intel,INTC,Semiconductors
2021-01-31 00:00:00+00:00,45.101817866172624,57.81242289792434,44.59556862665967,50.18244552612305,962555600,0.0,0.0,Intel,INTC,Semiconductors
2021-02-28 00:00:00+00:00,50.58021451598584,57.790431705255216,50.36324693393912,55.28017807006836,511339300,0.348,0.0,Intel,INTC,Semiconductors
2021-03-31 00:00:00+00:00,56.13512426375227,61.337536310195794,52.66987893996316,58.20881271362305,770803800,0.0,0.0,Intel,INTC,Semiconductors
2021-04-30 00:00:00+00:00,58.86365324863812,62.29252389915058,51.90588951700606,52.32426452636719,654934800,0.0,0.0,Intel,INTC,Semiconductors
2021-05-31 00:00:00+00:00,52.62439921298319,53.08578580048553,48.88541968231206,52.27134323120117,495384200,0.348,0.0,Intel,INTC,Semiconductors
2021-06-30 00:00:00+00:00,52.71973932788218,53.4609779483408,50.42280490253589,51.37452697753906,511873100,0.0,0.0,Intel,INTC,Semiconductors
2021-07-31 00:00:00+00:00,51.36537425965049,52.582477322337326,47.86963439661015,49.15995788574219,516953700,0.0,0.0,Intel,INTC,Semiconductors
2021-08-31 00:00:00+00:00,49.40703116029699,50.53862450733223,47.360962213657935,49.79256439208984,402375000,0.348,0.0,Intel,INTC,Semiconductors
2021-09-30 00:00:00+00:00,49.83862260490997,51.109689091820414,48.18992080479416,49.07413101196289,413346700,0.0,0.0,Intel,INTC,Semiconductors
2021-10-31 00:00:00+00:00,49.414934468328,51.64389981294672,44.09119749548327,45.13199234008789,672042200,0.0,0.0,Intel,INTC,Semiconductors
2021-11-30 00:00:00+00:00,45.5004232547515,48.21898535539512,44.62968216269201,45.631343841552734,617076700,0.348,0.0,Intel,INTC,Semiconductors
2021-12-31 00:00:00+00:00,46.22493109471257,51.01064806315403,44.82446129435575,47.76451873779297,714651800,0.0,0.0,Intel,INTC,Semiconductors
2022-01-31 00:00:00+00:00,47.90363401647494,52.19780484620986,42.941686397227976,45.278907775878906,890542800,0.0,0.0,Intel,INTC,Semiconductors
2022-02-28 00:00:00+00:00,45.24181539469681,46.698536853452445,40.77360967312874,44.57715606689453,756814900,0.365,0.0,Intel,INTC,Semiconductors
2022-03-31 00:00:00+00:00,44.42762837785608,49.07224608619334,41.18480314978474,46.31538391113281,849288700,0.0,0.0,Intel,INTC,Semiconductors
2022-04-30 00:00:00+00:00,46.56770724097482,46.633124162021375,40.65212096379609,40.73622894287109,639472500,0.0,0.0,Intel,INTC,Semiconductors
2022-05-31 00:00:00+00:00,40.85771590290056,43.58655858749509,37.968743875018745,41.84002685546875,773236800,0.365,0.0,Intel,INTC,Semiconductors
2022-06-30 00:00:00+00:00,42.16970086977554,42.32040771890644,34.47421855675341,35.237186431884766,783353000,0.0,0.0,Intel,INTC,Semiconductors
2022-07-31 00:00:00+00:00,34.93576333773339,38.364345272386046,33.19321987106009,34.201072692871094,792918100,0.0,0.0,Intel,INTC,Semiconductors
2022-08-31 00:00:00+00:00,33.95616297978007,35.50090882555509,30.22686169318529,30.36957550048828,899717100,0.365,0.0,Intel,INTC,Semiconductors
2022-09-30 00:00:00+00:00,30.036574406998323,30.807231068816066,24.48974989514429,24.518293380737305,889075300,0.0,0.0,Intel,INTC,Semiconductors
2022-10-31 00:00:00+00:00,25.051094256871966,27.800718562151637,23.39560976216964,27.049091339111328,981043600,0.0,0.0,Intel,INTC,Semiconductors
2022-11-30 00:00:00+00:00,27.401121334324326,30.220466396071025,25.850293091900937,28.995832443237305,788916300,0.365,0.0,Intel,INTC,Semiconductors
2022-12-31 00:00:00+00:00,29.15975994826637,29.39118639556841,24.444442348638717,25.48586082458496,758549700,0.0,0.0,Intel,INTC,Semiconductors
2023-01-31 00:00:00+00:00,26.083711241679197,29.400830644794556,25.42800394578297,27.250486373901367,840843300,0.0,0.0,Intel,INTC,Semiconductors
2023-02-28 00:00:00+00:00,26.89370891457504,30.056538724554706,24.137158798074477,24.332365036010746,880323200,0.365,0.0,Intel,INTC,Semiconductors
2023-03-31 00:00:00+00:00,24.429965139133525,32.11130562192371,24.37140215800737,31.886816024780277,1193573500,0.0,0.0,Intel,INTC,Semiconductors
2023-04-30 00:00:00+00:00,32.15034023567914,33.028761261973365,27.826542865986188,30.315410614013672,728910000,0.0,0.0,Intel,INTC,Semiconductors
2023-05-31 00:00:00+00:00,30.3642129110737,31.64498309198206,26.32345093758732,30.811962127685547,968066700,0.125,0.0,Intel,INTC,Semiconductors
2023-06-30 00:00:00+00:00,31.16477218253184,36.36870175041591,29.106723708259256,32.772010803222656,1065468900,0.0,0.0,Intel,INTC,Semiconductors
2023-07-31 00:00:00+00:00,32.8700176594415,36.447102218638456,30.75316065538785,35.05546951293945,791768500,0.0,0.0,Intel,INTC,Semiconductors
2023-08-31 00:00:00+00:00,35.104466502664245,35.300472090127435,31.49327360788662,34.561946868896484,716076000,0.125,0.0,Intel,INTC,Semiconductors
2023-09-30 00:00:00+00:00,35.20125600982714,39.4108472880644,33.08662163259565,34.96520233154297,841397800,0.0,0.0,Intel,INTC,Semiconductors
2023-10-31 00:00:00+00:00,35.024216283042065,36.6077359901128,31.62113770928137,35.89957809448242,795476300,0.0,0.0,Intel,INTC,Semiconductors
2023-11-30 00:00:00+00:00,35.89957316106329,44.74079596740847,35.68319097152479,44.1092529296875,807901900,0.125,0.0,Intel,INTC,Semiconductors
2023-12-31 00:00:00+00:00,43.77374279486742,50.60229297367966,40.6259019977016,49.58590316772461,829551100,0.0,0.0,Intel,INTC,Semiconductors
2024-01-31 00:00:00+00:00,48.54977694264902,49.63524501796823,41.80018005243761,42.51066589355469,1002867500,0.0,0.0,Intel,INTC,Semiconductors
2024-02-29 00:00:00+00:00,42.579736837340135,44.802659637413264,41.05021843039699,42.60557556152344,815630800,0.125,0.0,Intel,INTC,Semiconductors
2024-03-31 00:00:00+00:00,42.96185895503192,46.14861915352694,40.15117964680319,43.714012145996094,949239600,0.0,0.0,Intel,INTC,Semiconductors
2024-04-30 00:00:00+00:00,43.83277675551231,44.94121347108948,30.10596202430713,30.155445098876957,1262774700,0.0,0.0,Intel,INTC,Semiconductors
2024-05-31 00:00:00+00:00,29.858542429729663,32.21563613099912,29.5425936212785,30.65553474426269,1024217800,0.125,0.0,Intel,INTC,Semiconductors
2024-06-30 00:00:00+00:00,30.83439895760554,31.281561790135704,29.75127113543878,30.774776458740234,751509700,0.0,0.0,Intel,INTC,Semiconductors
2024-07-31 00:00:00+00:00,30.71515590338328,36.92575583925324,29.820828601697457,30.546226501464844,1187303500,0.0,0.0,Intel,INTC,Semiconductors
2024-08-31 00:00:00+00:00,30.2381805481622,30.516414316046976,18.84000015258789,22.040000915527344,2013019200,0.125,0.0,Intel,INTC,Semiconductors
2024-09-30 00:00:00+00:00,21.540000915527344,24.65999984741211,18.51000022888184,23.459999084472656,2132943300,0.0,0.0,Intel,INTC,Semiconductors
2024-10-31 00:00:00+00:00,23.459999084472656,23.81999969482422,21.46999931335449,21.520000457763672,1274330900,0.0,0.0,Intel,INTC,Semiconductors
2024-11-30 00:00:00+00:00,23.0,26.43000030517578,21.90999984741211,24.049999237060547,1435238600,0.0,0.0,Intel,INTC,Semiconductors
2024-12-31 00:00:00+00:00,24.84000015258789,25.479999542236328,18.899999618530277,20.049999237060547,1681318400,0.0,0.0,Intel,INTC,Semiconductors
2025-01-31 00:00:00+00:00,20.229999542236328,22.40999984741211,18.729999542236328,19.43000030517578,1473128300,0.0,0.0,Intel,INTC,Semiconductors
2025-02-28 00:00:00+00:00,18.96999931335449,27.549999237060547,18.780000686645508,23.729999542236328,2309470800,0.0,0.0,Intel,INTC,Semiconductors
2025-03-31 00:00:00+00:00,25.0,26.40999984741211,19.290000915527344,22.709999084472656,2204778500,0.0,0.0,Intel,INTC,Semiconductors
2025-04-30 00:00:00+00:00,22.559999465942383,23.899999618530277,17.670000076293945,20.100000381469727,2422926400,0.0,0.0,Intel,INTC,Semiconductors
2025-05-31 00:00:00+00:00,20.21999931335449,22.8799991607666,19.309999465942383,19.549999237060547,1397631200,0.0,0.0,Intel,INTC,Semiconductors
2025-06-30 00:00:00+00:00,19.479999542236328,23.3799991607666,19.3700008392334,22.399999618530277,1853561900,0.0,0.0,Intel,INTC,Semiconductors
2025-07-31 00:00:00+00:00,22.32999992370605,24.040000915527344,19.65999984741211,19.799999237060547,1842370800,0.0,0.0,Intel,INTC,Semiconductors
2025-08-31 00:00:00+00:00,19.5,26.530000686645508,18.96999931335449,24.350000381469727,2840289900,0.0,0.0,Intel,INTC,Semiconductors
2025-09-30 00:00:00+00:00,23.8799991607666,36.29999923706055,23.68000030517578,33.54999923706055,2703395800,0.0,0.0,Intel,INTC,Semiconductors
2025-10-31 00:00:00+00:00,33.529998779296875,42.47999954223633,33.5,39.9900016784668,2783044300,0.0,0.0,Intel,INTC,Semiconductors
2025-11-30 00:00:00+00:00,40.25,40.59000015258789,32.88999938964844,40.560001373291016,1483649900,0.0,0.0,Intel,INTC,Semiconductors
2025-12-31 00:00:00+00:00,39.86000061035156,44.02000045776367,34.95000076293945,36.900001525878906,1627536500,0.0,0.0,Intel,INTC,Semiconductors
2026-01-31 00:00:00+00:00,37.77000045776367,44.56999969482422,37.7599983215332,41.11000061035156,512229200,0.0,0.0,Intel,INTC,Semiconductors
2016-01-31 00:00:00+00:00,44.98602294921875,45.63600425881826,41.797324434212754,45.49837112426758,355331700,0.0,0.0,JPMorgan Chase,JPM,Financials
2016-02-29 00:00:00+00:00,45.23836360763561,45.6130572208203,40.14561548455138,43.05139923095703,477952300,0.0,0.0,JPMorgan Chase,JPM,Financials
2016-03-31 00:00:00+00:00,43.40313468372721,46.622443028478585,43.33431352692943,45.28426361083984,356907400,0.0,0.0,JPMorgan Chase,JPM,Financials
2016-04-30 00:00:00+00:00,45.13132405256547,49.81018232777111,43.96328741571364,48.68547058105469,344767700,0.44,0.0,JPMorgan Chase,JPM,Financials
2016-05-31 00:00:00+00:00,49.06294075836877,50.99647979007293,46.67488854631651,50.28007507324219,283915300,0.0,0.0,JPMorgan Chase,JPM,Financials
2016-06-30 00:00:00+00:00,49.88720620026367,50.78079729610396,43.94788870805548,47.868919372558594,394697700,0.0,0.0,JPMorgan Chase,JPM,Financials
2016-07-31 00:00:00+00:00,47.86891212052307,50.446351689922565,45.61753397148743,49.66226196289063,283878900,0.48,0.0,JPMorgan Chase,JPM,Financials
2016-08-31 00:00:00+00:00,49.801993018632125,52.61233351449482,49.20421475048232,52.40272521972656,263306200,0.0,0.0,JPMorgan Chase,JPM,Financials
2016-09-30 00:00:00+00:00,52.51140675954528,52.713253369155,50.54727190414733,51.69623565673828,316507200,0.0,0.0,JPMorgan Chase,JPM,Financials
2016-10-31 00:00:00+00:00,51.509923337053245,54.55873853262288,51.44005589813884,54.15993118286133,304123000,0.48,0.0,JPMorgan Chase,JPM,Financials
2016-11-30 00:00:00+00:00,54.33198569680437,62.972877696375946,52.89313685778193,62.69136428833008,458561900,0.0,0.0,JPMorgan Chase,JPM,Financials
2016-12-31 00:00:00+00:00,63.06670346184888,68.33724296514235,63.06670346184888,67.47705078125,343139500,0.0,0.0,JPMorgan Chase,JPM,Financials
2017-01-31 00:00:00+00:00,68.29814000897709,69.3286701294787,65.2870670277449,66.54512786865234,343161300,0.48,0.0,JPMorgan Chase,JPM,Financials
2017-02-28 00:00:00+00:00,67.26070005742595,71.82127455892359,66.17559616127319,71.25514221191406,271414600,0.0,0.0,JPMorgan Chase,JPM,Financials
2017-03-31 00:00:00+00:00,72.96144363159529,73.89715109138037,67.01694701714757,69.0691909790039,371669000,0.0,0.0,JPMorgan Chase,JPM,Financials
2017-04-30 00:00:00+00:00,69.1871770821652,70.48622397300274,66.71399427203245,68.8017578125,321139800,0.5,0.0,JPMorgan Chase,JPM,Financials
2017-05-31 00:00:00+00:00,69.08645487001255,69.66374930037945,64.56294045336146,64.96626281738281,283639500,0.0,0.0,JPMorgan Chase,JPM,Financials
2017-06-30 00:00:00+00:00,65.21139663829845,73.26993186751913,64.57083063470925,72.2813949584961,334136800,0.0,0.0,JPMorgan Chase,JPM,Financials
2017-07-31 00:00:00+00:00,72.80618925761642,75.1519847865523,71.82020657281821,72.99705505371094,271473000,0.5,0.0,JPMorgan Chase,JPM,Financials
2017-08-31 00:00:00+00:00,73.54571778202258,75.71653601535282,71.69296907472979,72.2734375,253237800,0.0,0.0,JPMorgan Chase,JPM,Financials
2017-09-30 00:00:00+00:00,72.55970760614883,76.2413679714552,70.03898626478309,75.9471664428711,250922800,0.0,0.0,JPMorgan Chase,JPM,Financials
2017-10-31 00:00:00+00:00,76.15389337045602,81.91786514105596,75.9073911061797,80.47019958496094,259433200,0.56,0.0,JPMorgan Chase,JPM,Financials
2017-11-30 00:00:00+00:00,80.8621003965723,85.30912284127056,76.743021737142,83.59749603271484,256086400,0.0,0.0,JPMorgan Chase,JPM,Financials
2017-12-31 00:00:00+00:00,83.90143469330008,86.7488096445122,81.74190891210824,85.53306579589844,284432100,0.0,0.0,JPMorgan Chase,JPM,Financials
2018-01-31 00:00:00+00:00,86.0849382586041,94.3481654959694,85.42908371152265,92.9974594116211,304940100,0.56,0.0,JPMorgan Chase,JPM,Financials
2018-02-28 00:00:00+00:00,93.07789423667008,95.94006135015373,83.59884549653214,92.8607940673828,354632300,0.0,0.0,JPMorgan Chase,JPM,Financials
2018-03-31 00:00:00+00:00,92.84472197078486,95.47375006257325,85.74547184599214,88.41473388671875,321513800,0.0,0.0,JPMorgan Chase,JPM,Financials
2018-04-30 00:00:00+00:00,88.40668444440132,93.04889898958288,85.28720740107617,87.9014892578125,340100300,0.56,0.0,JPMorgan Chase,JPM,Financials
2018-05-31 00:00:00+00:00,87.63482578352469,92.70948224734136,84.81465477318864,86.47119903564453,273649200,0.0,0.0,JPMorgan Chase,JPM,Financials
2018-06-30 00:00:00+00:00,87.54593319808362,90.43074264495225,83.31976229035429,84.20054626464844,307772000,0.0,0.0,JPMorgan Chase,JPM,Financials
2018-07-31 00:00:00+00:00,83.81265026674996,95.55317944939718,83.03318528492095,93.3920440673828,298256100,0.56,0.0,JPMorgan Chase,JPM,Financials
2018-08-31 00:00:00+00:00,94.04201320295508,96.10564213672178,91.78338160207598,93.09142303466795,234427900,0.0,0.0,JPMorgan Chase,JPM,Financials
2018-09-30 00:00:00+00:00,92.89642460099928,96.87747387693292,91.41776334473305,91.67774963378906,232549000,0.0,0.0,JPMorgan Chase,JPM,Financials
2018-10-31 00:00:00+00:00,92.10836432147146,95.56777832524456,84.04826799311994,89.19440460205078,433042000,0.8,0.0,JPMorgan Chase,JPM,Financials
2018-11-30 00:00:00+00:00,89.68531117142084,92.3933733973458,86.70725469873958,90.96980285644533,283227700,0.0,0.0,JPMorgan Chase,JPM,Financials
2018-12-31 00:00:00+00:00,91.9433975522729,92.36065445127608,74.54142322164425,79.8675537109375,425217000,0.0,0.0,JPMorgan Chase,JPM,Financials
2019-01-31 00:00:00+00:00,78.50123795014386,86.80105777465921,78.49306097063082,85.36592102050781,325890900,0.8,0.0,JPMorgan Chase,JPM,Financials
2019-02-28 00:00:00+00:00,85.77831379065978,88.4753805112352,82.52862921005242,86.0752182006836,224935100,0.0,0.0,JPMorgan Chase,JPM,Financials
2019-03-31 00:00:00+00:00,86.68558148715736,89.40740322831589,80.90379056002001,83.49364471435547,306599600,0.0,0.0,JPMorgan Chase,JPM,Financials
2019-04-30 00:00:00+00:00,84.25244632127678,97.37199219397516,84.22770358505886,96.4494857788086,252516300,0.8,0.0,JPMorgan Chase,JPM,Financials
2019-05-31 00:00:00+00:00,96.17521625540424,97.23902681630068,87.13278442369821,88.0636215209961,230711900,0.0,0.0,JPMorgan Chase,JPM,Financials
2019-06-30 00:00:00+00:00,87.93066256208736,93.44087450988587,87.51511123871418,92.9172821044922,248214000,0.0,0.0,JPMorgan Chase,JPM,Financials
2019-07-31 00:00:00+00:00,94.10574272411156,98.1283212030268,93.86802489238792,97.09046173095705,232008700,0.8,0.0,JPMorgan Chase,JPM,Financials
2019-08-31 00:00:00+00:00,96.52964819041496,97.76001928571606,87.3311706940392,91.95134735107422,259393900,0.0,0.0,JPMorgan Chase,JPM,Financials
2019-09-30 00:00:00+00:00,91.21480522693916,100.7731913456398,89.82540436392588,98.50495910644533,229360700,0.0,0.0,JPMorgan Chase,JPM,Financials
2019-10-31 00:00:00+00:00,99.09922455131586,107.50316042793052,93.24476288777764,105.39395141601562,251981600,0.9,0.0,JPMorgan Chase,JPM,Financials
2019-11-30 00:00:00+00:00,106.47384209437136,111.7300541775311,106.3219773991758,111.16480255126952,191200900,0.0,0.0,JPMorgan Chase,JPM,Financials
2019-12-31 00:00:00+00:00,111.62881031675909,118.18431823553637,108.4902754855024,117.61058044433594,212915300,0.0,0.0,JPMorgan Chase,JPM,Financials
2020-01-31 00:00:00+00:00,117.9396061594918,119.52040702618643,110.13777326701118,112.38792419433594,247990900,0.9,0.0,JPMorgan Chase,JPM,Financials
2020-02-29 00:00:00+00:00,112.64266216498908,118.27222327657206,95.66047073207277,98.5898895263672,240714700,0.0,0.0,JPMorgan Chase,JPM,Financials
2020-03-31 00:00:00+00:00,99.03141984052732,104.39782337373136,65.30489425962556,76.44518280029297,734330700,0.0,0.0,JPMorgan Chase,JPM,Financials
2020-04-30 00:00:00+00:00,72.2590752871697,89.55942847232068,70.44199159043428,82.1554946899414,531938200,0.9,0.0,JPMorgan Chase,JPM,Financials
2020-05-31 00:00:00+00:00,80.21655032078638,88.32400823073061,70.69353948540714,83.48529052734375,497858600,0.0,0.0,JPMorgan Chase,JPM,Financials
2020-06-30 00:00:00+00:00,83.86277032604984,99.32267453735255,78.9296757503076,80.69700622558594,536015600,0.0,0.0,JPMorgan Chase,JPM,Financials
2020-07-31 00:00:00+00:00,81.40909139927287,87.746653198813,78.64191998028707,83.7183837890625,432613400,0.9,0.0,JPMorgan Chase,JPM,Financials
2020-08-31 00:00:00+00:00,84.04758922876623,92.19938007035591,82.32366421052637,86.7937240600586,319706000,0.0,0.0,JPMorgan Chase,JPM,Financials
2020-09-30 00:00:00+00:00,86.23929569809735,91.14253213205104,79.16171024099164,83.39787292480469,390701400,0.0,0.0,JPMorgan Chase,JPM,Financials
2020-10-31 00:00:00+00:00,84.13420984285,91.32375363605786,82.37563600464746,85.71932220458984,325366100,0.9,0.0,JPMorgan Chase,JPM,Financials
2020-11-30 00:00:00+00:00,86.89964136350063,107.9797444585892,85.56191778945924,103.0660171508789,333803100,0.0,0.0,JPMorgan Chase,JPM,Financials
2020-12-31 00:00:00+00:00,105.21685734998992,111.32841709752071,103.26711034430166,111.10108947753906,274143300,0.0,0.0,JPMorgan Chase,JPM,Financials
2021-01-31 00:00:00+00:00,111.4770580529206,125.70943811024485,108.99515163512083,113.31023406982422,318582400,0.9,0.0,JPMorgan Chase,JPM,Financials
2021-02-28 00:00:00+00:00,113.95306590088757,136.40908084178506,113.14289111789348,129.60182189941406,229245300,0.0,0.0,JPMorgan Chase,JPM,Financials
2021-03-31 00:00:00+00:00,131.67129146229735,142.38850341741934,130.3063110305166,134.0577850341797,399416900,0.0,0.0,JPMorgan Chase,JPM,Financials
2021-04-30 00:00:00+00:00,133.7671540613046,139.2941227047361,129.9399668903332,136.24693298339844,288694200,0.9,0.0,JPMorgan Chase,JPM,Financials
2021-05-31 00:00:00+00:00,137.16817890684598,146.77925415930193,134.7675991549912,145.48599243164062,248957700,0.0,0.0,JPMorgan Chase,JPM,Financials
2021-06-30 00:00:00+00:00,146.929825776099,148.32055574261042,130.71063236966415,137.77938842773438,356723300,0.0,0.0,JPMorgan Chase,JPM,Financials
2021-07-31 00:00:00+00:00,138.4172116523904,141.7984825755835,129.815665397487,135.22349548339844,280571500,0.9,0.0,JPMorgan Chase,JPM,Financials
2021-08-31 00:00:00+00:00,135.44621293703463,145.95906772362025,133.21001413895357,142.50230407714844,208085700,0.0,0.0,JPMorgan Chase,JPM,Financials
2021-09-30 00:00:00+00:00,142.74285270413515,150.8323793184173,134.0742274324531,145.83433532714844,234791100,0.0,0.0,JPMorgan Chase,JPM,Financials
2021-10-31 00:00:00+00:00,146.1105166131168,155.0216837880608,143.45959045151446,152.2700958251953,231680800,1.0,0.0,JPMorgan Chase,JPM,Financials
2021-11-30 00:00:00+00:00,154.19712616768516,154.45705691597723,141.87320580908312,142.35720825195312,203498400,0.0,0.0,JPMorgan Chase,JPM,Financials
2021-12-31 00:00:00+00:00,144.302115036909,146.4442373019538,136.0921277501959,141.92694091796875,251966400,0.0,0.0,JPMorgan Chase,JPM,Financials
2022-01-31 00:00:00+00:00,143.28037091382043,153.11067291689878,125.8445491797596,133.98651123046875,373950200,1.0,0.0,JPMorgan Chase,JPM,Financials
2022-02-28 00:00:00+00:00,134.0676779237184,143.39078855318846,126.0338764061564,127.85523986816406,288730100,0.0,0.0,JPMorgan Chase,JPM,Financials
2022-03-31 00:00:00+00:00,126.26829337023882,129.77576020318918,114.7541240039746,122.91413116455078,390796800,0.0,0.0,JPMorgan Chase,JPM,Financials
2022-04-30 00:00:00+00:00,123.88791979980073,123.89694519351288,108.00189453819128,108.41973114013672,303650400,1.0,0.0,JPMorgan Chase,JPM,Financials
2022-05-31 00:00:00+00:00,108.892073347871,120.94576537213284,104.4775157784686,120.11009216308594,313630400,0.0,0.0,JPMorgan Chase,JPM,Financials
2022-06-30 00:00:00+00:00,120.69143971904832,120.69143971904832,100.76239885354724,102.28841400146484,268201900,0.0,0.0,JPMorgan Chase,JPM,Financials
2022-07-31 00:00:00+00:00,102.32476255687853,106.7579415211145,97.19095329496648,105.71327209472656,239623100,1.0,0.0,JPMorgan Chase,JPM,Financials
2022-08-31 00:00:00+00:00,104.92518931366378,113.85069288013403,101.73618523456727,104.2195816040039,258430300,0.0,0.0,JPMorgan Chase,JPM,Financials
2022-09-30 00:00:00+00:00,103.81636027398932,111.38564445406696,95.66977725616036,95.76141357421876,248558100,0.0,0.0,JPMorgan Chase,JPM,Financials
2022-10-31 00:00:00+00:00,96.78777209007646,117.81870796342766,93.64105486026882,116.38561248779295,318197200,1.0,0.0,JPMorgan Chase,JPM,Financials
2022-11-30 00:00:00+00:00,117.30095645252048,127.75788116455078,116.41335191164342,127.75788116455078,227228500,0.0,0.0,JPMorgan Chase,JPM,Financials
2022-12-31 00:00:00+00:00,127.75789116545624,128.20169775541186,118.72481105520907,123.98564910888672,202046000,0.0,0.0,JPMorgan Chase,JPM,Financials
2023-01-31 00:00:00+00:00,125.03964674799052,133.6473717091843,123.79146367024173,130.3595428466797,209965200,1.0,0.0,JPMorgan Chase,JPM,Financials
2023-02-28 00:00:00+00:00,128.72954752224172,134.4390740829232,128.01237239472763,133.51695251464844,169562800,0.0,0.0,JPMorgan Chase,JPM,Financials
2023-03-31 00:00:00+00:00,132.35272097319069,134.159647630083,114.66534030038656,121.37142944335938,458474400,0.0,0.0,JPMorgan Chase,JPM,Financials
2023-04-30 00:00:00+00:00,120.99888386997586,133.0910149988568,118.48463160317064,129.7679901123047,242865000,1.0,0.0,JPMorgan Chase,JPM,Financials
2023-05-31 00:00:00+00:00,133.5415901693672,134.58356438783375,123.73202979228915,127.39306640625,235306100,0.0,0.0,JPMorgan Chase,JPM,Financials
2023-06-30 00:00:00+00:00,128.15340169083998,137.05242690700237,127.14896956264376,136.52674865722656,206562200,0.0,0.0,JPMorgan Chase,JPM,Financials
2023-07-31 00:00:00+00:00,137.23077186825142,150.63988799679169,133.68368798522096,149.29776000976562,231261000,1.0,0.0,JPMorgan Chase,JPM,Financials
2023-08-31 00:00:00+00:00,148.79683736010875,149.3355865887295,137.48326480392976,138.30555725097656,169299800,0.0,0.0,JPMorgan Chase,JPM,Financials
2023-09-30 00:00:00+00:00,138.07869818855855,142.01055832556247,134.8273587679302,137.0673828125,172239300,0.0,0.0,JPMorgan Chase,JPM,Financials
2023-10-31 00:00:00+00:00,136.8877945617825,145.78158514246005,128.7192749923256,132.404052734375,244013000,1.05,0.0,JPMorgan Chase,JPM,Financials
2023-11-30 00:00:00+00:00,132.58493950187864,148.65701522867897,131.84227457574136,148.60940551757812,162193400,0.0,0.0,JPMorgan Chase,JPM,Financials
2023-12-31 00:00:00+00:00,148.36186986520025,162.52010027323502,148.36186986520025,161.95834350585938,184769100,0.0,0.0,JPMorgan Chase,JPM,Financials
2024-01-31 00:00:00+00:00,160.99668997848715,170.8126979280155,157.40058944095534,167.03814697265625,231656800,1.05,0.0,JPMorgan Chase,JPM,Financials
2024-02-29 00:00:00+00:00,166.3483684322335,178.60128417576158,164.23116610345946,178.246826171875,154730900,0.0,0.0,JPMorgan Chase,JPM,Financials
2024-03-31 00:00:00+00:00,177.90195704317333,192.29121627105732,176.53200338846983,191.88885498046875,166255900,0.0,0.0,JPMorgan Chase,JPM,Financials
2024-04-30 00:00:00+00:00,191.59187857143775,192.5019825513943,172.67629281717151,184.75979614257807,224749100,1.15,0.0,JPMorgan Chase,JPM,Financials
2024-05-31 00:00:00+00:00,185.27050491712367,198.3850431496676,181.59919563511028,195.2533721923828,195900400,0.0,0.0,JPMorgan Chase,JPM,Financials
2024-06-30 00:00:00+00:00,194.94499171240668,195.2244384276402,183.93109968979465,194.8968048095703,174847900,0.0,0.0,JPMorgan Chase,JPM,Financials
2024-07-31 00:00:00+00:00,195.455703082382,210.8014561824825,195.28226295405597,206.1893310546875,197445800,1.15,0.0,JPMorgan Chase,JPM,Financials
2024-08-31 00:00:00+00:00,206.57690389817884,218.4754121390974,184.96964357079216,217.8165435791016,172435900,0.0,0.0,JPMorgan Chase,JPM,Financials
2024-09-30 00:00:00+00:00,215.39421425176897,217.13829989127248,194.3780007977512,204.30958557128903,206487600,0.0,0.0,JPMorgan Chase,JPM,Financials
2024-10-31 00:00:00+00:00,202.41048048727717,221.05233730563867,197.9921255825151,216.3437042236328,178337400,1.25,0.0,JPMorgan Chase,JPM,Financials
2024-11-30 00:00:00+00:00,217.94248990978247,247.9198154691697,213.66278877033548,243.44517517089844,188851300,0.0,0.0,JPMorgan Chase,JPM,Financials
2024-12-31 00:00:00+00:00,243.2794450238981,243.96185282595877,223.7624857846589,233.68667602539065,181266200,0.0,0.0,JPMorgan Chase,JPM,Financials
2025-01-31 00:00:00+00:00,234.8662717490942,265.3785228398926,233.4332080399909,261.9292297363281,209826800,1.25,0.0,JPMorgan Chase,JPM,Financials
2025-02-28 00:00:00+00:00,256.56911700815533,274.61903699637526,248.25952153447065,259.3324584960937,156634700,0.0,0.0,JPMorgan Chase,JPM,Financials
2025-03-31 00:00:00+00:00,258.695514143098,260.96890614141057,219.7246113852769,240.37127685546875,265181900,0.0,0.0,JPMorgan Chase,JPM,Financials
2025-04-30 00:00:00+00:00,237.74510920532487,243.3701802137976,199.318263676067,241.181396484375,287378000,1.4,0.0,JPMorgan Chase,JPM,Financials
2025-05-31 00:00:00+00:00,239.42642201137784,265.7313827931952,238.76584193081504,260.2889709472656,165122600,0.0,0.0,JPMorgan Chase,JPM,Financials
2025-06-30 00:00:00+00:00,259.3227361836595,288.5362215871362,256.6508610440278,285.8347473144531,174361400,0.0,0.0,JPMorgan Chase,JPM,Financials
2025-07-31 00:00:00+00:00,286.8009917731804,298.4859277853207,277.7011499441943,293.4828796386719,198593200,1.4,0.0,JPMorgan Chase,JPM,Financials
2025-08-31 00:00:00+00:00,287.6972620199026,300.1304440767961,281.5945890692511,298.6146850585937,148828400,0.0,0.0,JPMorgan Chase,JPM,Financials
2025-09-30 00:00:00+00:00,297.4654912302876,315.0503072271631,288.7275485985168,312.4942932128906,182562300,0.0,0.0,JPMorgan Chase,JPM,Financials
2025-10-31 00:00:00+00:00,311.0478755707353,311.66210037984325,289.2353303984808,309.722900390625,189429800,1.5,0.0,JPMorgan Chase,JPM,Financials
2025-11-30 00:00:00+00:00,309.60346109874524,320.8029251766445,291.4951361556371,311.6741027832031,150218700,0.0,0.0,JPMorgan Chase,JPM,Financials
2025-12-31 00:00:00+00:00,311.5447084439427,329.3742653747722,297.1197580970947,320.7730712890625,211615600,0.0,0.0,JPMorgan Chase,JPM,Financials
2026-01-31 00:00:00+00:00,321.0518034652283,335.8699951171875,319.2996970795839,329.7900085449219,48017300,1.5,0.0,JPMorgan Chase,JPM,Financials
2016-01-31 00:00:00+00:00,74.4754990254345,79.41066741859983,71.47341299714346,79.1756591796875,165154400,0.0,0.0,Johnson & Johnson,JNJ,Pharma
2016-02-29 00:00:00+00:00,78.54646404435455,81.64317575639456,75.64296811710962,80.33745574951172,201552000,0.75,0.0,Johnson & Johnson,JNJ,Pharma
2016-03-31 00:00:00+00:00,80.86432075295279,83.65906507162202,80.51306945005483,82.62059020996094,172970400,0.0,0.0,Johnson & Johnson,JNJ,Pharma
2016-04-30 00:00:00+00:00,82.46786556949841,87.19449754635411,82.23115411589673,85.58332824707031,158186600,0.0,0.0,Johnson & Johnson,JNJ,Pharma
2016-05-31 00:00:00+00:00,85.690222442369,87.81301409591707,85.29316811072917,86.66345977783203,141096900,0.8,0.0,Johnson & Johnson,JNJ,Pharma
2016-06-30 00:00:00+00:00,86.66347021062067,93.36955312107514,86.18666136871073,93.2849578857422,167571400,0.0,0.0,Johnson & Johnson,JNJ,Pharma
2016-07-31 00:00:00+00:00,93.28493664224102,96.95328573896283,92.89272299204544,96.30728149414062,131996000,0.0,0.0,Johnson & Johnson,JNJ,Pharma
2016-08-31 00:00:00+00:00,96.36878661172928,96.82252750954414,91.60796219949346,92.38987731933594,138570700,0.8,0.0,Johnson & Johnson,JNJ,Pharma
2016-09-30 00:00:00+00:00,92.2737429329977,92.87759450339324,90.60926640214012,91.453125,130378400,0.0,0.0,Johnson & Johnson,JNJ,Pharma
2016-10-31 00:00:00+00:00,91.35249729911337,93.05565926574673,87.47387632013056,89.79637908935547,140054500,0.0,0.0,Johnson & Johnson,JNJ,Pharma
2016-11-30 00:00:00+00:00,88.84416616298535,94.836265428106,86.76093292236328,86.76093292236328,171310900,0.8,0.0,Johnson & Johnson,JNJ,Pharma
2016-12-31 00:00:00+00:00,86.80770774540177,91.4380853725849,85.2174984235307,89.80888366699219,138044800,0.0,0.0,Johnson & Johnson,JNJ,Pharma
2017-01-31 00:00:00+00:00,90.25321066666336,91.20423525962404,86.33999347581693,88.281005859375,143312500,0.0,0.0,Johnson & Johnson,JNJ,Pharma
2017-02-28 00:00:00+00:00,87.68078415570862,96.42164952268588,87.67298725740007,95.89593505859376,133814500,0.8,0.0,Johnson & Johnson,JNJ,Pharma
2017-03-31 00:00:00+00:00,96.11563513117603,101.22390976158972,96.03714832894715,97.73206329345705,166544900,0.0,0.0,Johnson & Johnson,JNJ,Pharma
2017-04-30 00:00:00+00:00,97.87329928570664,98.72075730187154,94.9072221165289,96.88462829589844,106205200,0.0,0.0,Johnson & Johnson,JNJ,Pharma
2017-05-31 00:00:00+00:00,96.82968535745825,101.73718878739562,95.99791827735962,101.30274963378906,112541500,0.84,0.0,Johnson & Johnson,JNJ,Pharma
2017-06-30 00:00:00+00:00,101.3580570206036,108.2142248697956,101.20007036592808,104.4938735961914,145558900,0.0,0.0,Johnson & Johnson,JNJ,Pharma
2017-07-31 00:00:00+00:00,104.88879730950435,108.27743263596952,102.34540929470722,104.83353424072266,107885800,0.0,0.0,Johnson & Johnson,JNJ,Pharma
2017-08-31 00:00:00+00:00,105.18899826694872,106.6107692983321,103.79087267982,105.22218322753906,107061100,0.84,0.0,Johnson & Johnson,JNJ,Pharma
2017-09-30 00:00:00+00:00,105.40504238326513,107.9407323908857,102.58307741940156,103.34618377685548,116205400,0.0,0.0,Johnson & Johnson,JNJ,Pharma
2017-10-31 00:00:00+00:00,103.46542701630406,114.74524042697188,103.35414016762203,110.81834411621094,123841100,0.0,0.0,Johnson & Johnson,JNJ,Pharma
2017-11-30 00:00:00+00:00,111.15222987811994,112.7738070382276,108.5846327296589,111.43299865722656,93742200,0.84,0.0,Johnson & Johnson,JNJ,Pharma
2017-12-31 00:00:00+00:00,111.62496605768229,115.00800993668796,110.84918080544412,111.74490356445312,114023200,0.0,0.0,Johnson & Johnson,JNJ,Pharma
2018-01-31 00:00:00+00:00,111.69691508490982,118.62300353404493,110.4492784465056,110.52125549316406,170954200,0.0,0.0,Johnson & Johnson,JNJ,Pharma
2018-02-28 00:00:00+00:00,109.99337518979102,112.50467551718772,97.6928102044071,104.54026794433594,177033700,0.84,0.0,Johnson & Johnson,JNJ,Pharma
2018-03-31 00:00:00+00:00,103.92048366008828,109.22476874830843,100.53185565225418,103.14777374267578,151837800,0.0,0.0,Johnson & Johnson,JNJ,Pharma
2018-04-30 00:00:00+00:00,102.88216581399516,106.9549464613012,99.43719988419828,101.81163787841795,144094200,0.0,0.0,Johnson & Johnson,JNJ,Pharma
2018-05-31 00:00:00+00:00,101.67483256007004,102.7131335875926,96.1852116274762,96.99607849121094,139533300,0.9,0.0,Johnson & Johnson,JNJ,Pharma
2018-06-30 00:00:00+00:00,97.61233668812396,101.23690013873478,97.2798838579257,98.3907699584961,138683200,0.0,0.0,Johnson & Johnson,JNJ,Pharma
2018-07-31 00:00:00+00:00,98.39078291461252,107.55356090887084,97.39341810278908,107.45626068115234,145735900,0.0,0.0,Johnson & Johnson,JNJ,Pharma
2018-08-31 00:00:00+00:00,107.35088698819592,111.43762515357496,104.54524086022224,109.9437026977539,123996800,0.9,0.0,Johnson & Johnson,JNJ,Pharma
2018-09-30 00:00:00+00:00,109.94372456622914,116.83302003455704,108.92338413103184,112.78433990478516,122168800,0.0,0.0,Johnson & Johnson,JNJ,Pharma
2018-10-31 00:00:00+00:00,112.85779442077934,115.44538779933656,107.93567468289928,114.26996612548828,167964600,0.0,0.0,Johnson & Johnson,JNJ,Pharma
2018-11-30 00:00:00+00:00,114.33525980300568,121.42048883972456,113.46185973309564,120.6739730834961,152746600,0.9,0.0,Johnson & Johnson,JNJ,Pharma
2018-12-31 00:00:00+00:00,119.58140686127116,122.39087793839632,99.39789119653308,106.0107421875,289169400,0.0,0.0,Johnson & Johnson,JNJ,Pharma
2019-01-31 00:00:00+00:00,105.25498802608531,111.0545612130945,102.68377303503,109.32125854492188,174392900,0.0,0.0,Johnson & Johnson,JNJ,Pharma
2019-02-28 00:00:00+00:00,110.09342862696256,114.0734271411208,107.8261515500322,112.99016571044922,119453700,0.9,0.0,Johnson & Johnson,JNJ,Pharma
2019-03-31 00:00:00+00:00,113.4697453334504,115.76860206330238,112.2458942618209,115.59493255615234,137354500,0.0,0.0,Johnson & Johnson,JNJ,Pharma
2019-04-30 00:00:00+00:00,115.7603131650858,116.96760148071051,111.1543902418554,116.76087188720705,124329800,0.0,0.0,Johnson & Johnson,JNJ,Pharma
2019-05-31 00:00:00+00:00,116.55416968846404,117.71186325485031,107.00276936803031,109.1924285888672,159034100,0.95,0.0,Johnson & Johnson,JNJ,Pharma
2019-06-30 00:00:00+00:00,109.48381333778806,120.70693403341023,109.1008225454294,115.96127319335938,150883000,0.0,0.0,Johnson & Johnson,JNJ,Pharma
2019-07-31 00:00:00+00:00,116.72723144125436,118.61719411677966,106.4365593536378,108.41812896728516,159847900,0.0,0.0,Johnson & Johnson,JNJ,Pharma
2019-08-31 00:00:00+00:00,108.45140311751793,111.64853329811032,105.84546541639656,107.67033386230467,176400700,0.95,0.0,Johnson & Johnson,JNJ,Pharma
2019-09-30 00:00:00+00:00,107.3599720699846,111.37787707416686,105.9759303661617,108.52593231201172,122925900,0.0,0.0,Johnson & Johnson,JNJ,Pharma
2019-10-31 00:00:00+00:00,109.06277635181628,115.3287468064892,105.77461655621744,110.7572021484375,206654300,0.0,0.0,Johnson & Johnson,JNJ,Pharma
2019-11-30 00:00:00+00:00,110.76556466423898,116.78657749123671,108.77757218281484,116.12776947021484,127753600,0.95,0.0,Johnson & Johnson,JNJ,Pharma
2019-12-31 00:00:00+00:00,116.321995217902,124.86962271866317,115.00441020863344,123.2057113647461,127761600,0.0,0.0,Johnson & Johnson,JNJ,Pharma
2020-01-31 00:00:00+00:00,123.2057619246465,127.6990928215688,119.41336076210204,125.73961639404295,150462900,0.0,0.0,Johnson & Johnson,JNJ,Pharma
2020-02-29 00:00:00+00:00,126.20413062949063,130.49485675542067,111.1986783467659,114.3097152709961,147288300,0.95,0.0,Johnson & Johnson,JNJ,Pharma
2020-03-31 00:00:00+00:00,114.56471963294524,122.0958516725705,92.78739914706486,111.46219635009766,355927400,0.0,0.0,Johnson & Johnson,JNJ,Pharma
2020-04-30 00:00:00+00:00,108.54661300151376,133.4520249859123,106.67658776226378,127.5359344482422,234380900,0.0,0.0,Johnson & Johnson,JNJ,Pharma
2020-05-31 00:00:00+00:00,127.17888104621689,130.57897129062158,122.40297925152731,127.3158950805664,136206100,1.01,0.0,Johnson & Johnson,JNJ,Pharma
2020-06-30 00:00:00+00:00,126.06628032200854,128.4114418264644,117.2761036925178,120.36595916748048,174066600,0.0,0.0,Johnson & Johnson,JNJ,Pharma
2020-07-31 00:00:00+00:00,120.41731371074842,129.8151136975816,119.87808921507374,124.75669860839844,137880400,0.0,0.0,Johnson & Johnson,JNJ,Pharma
2020-08-31 00:00:00+00:00,125.29590983027346,133.03133751261512,124.80810843182913,132.17835998535156,109956200,1.01,0.0,Johnson & Johnson,JNJ,Pharma
2020-09-30 00:00:00+00:00,132.57466788862135,133.9532037730584,123.17461271681871,128.27525329589844,138799800,0.0,0.0,Johnson & Johnson,JNJ,Pharma
2020-10-31 00:00:00+00:00,128.64577748570636,131.9456922104981,115.15307590981104,118.13422393798828,137284700,0.0,0.0,Johnson & Johnson,JNJ,Pharma
2020-11-30 00:00:00+00:00,119.74541079260824,130.36032857573267,118.46163256425092,125.52275848388672,153635100,1.01,0.0,Johnson & Johnson,JNJ,Pharma
2020-12-31 00:00:00+00:00,126.91955061313833,136.78404622874544,126.54649381033737,136.54112243652344,158925000,0.0,0.0,Johnson & Johnson,JNJ,Pharma
2021-01-31 00:00:00+00:00,136.41970007362872,150.65677937483807,133.72149773534778,141.52975463867188,184488700,0.0,0.0,Johnson & Johnson,JNJ,Pharma
2021-02-28 00:00:00+00:00,143.42108211485836,145.7028680025172,137.90762921094387,138.3354034423828,147681200,1.01,0.0,Johnson & Johnson,JNJ,Pharma
2021-03-31 00:00:00+00:00,140.9456755751698,145.81697125925396,132.233125223583,143.47740173339844,175073000,0.0,0.0,Johnson & Johnson,JNJ,Pharma
2021-04-30 00:00:00+00:00,141.94965035043998,146.48047945409542,136.65051650944295,142.06314086914062,162648500,0.0,0.0,Johnson & Johnson,JNJ,Pharma
2021-05-31 00:00:00+00:00,142.82260558809637,150.801815809147,142.40355658308033,148.6769256591797,133901100,1.06,0.0,Johnson & Johnson,JNJ,Pharma
2021-06-30 00:00:00+00:00,149.46748652689115,149.51141147977398,142.12368160094462,144.7151336669922,145670800,0.0,0.0,Johnson & Johnson,JNJ,Pharma
2021-07-31 00:00:00+00:00,144.71511488759378,152.3048776939708,144.6184853475068,151.26829528808594,133724800,0.0,0.0,Johnson & Johnson,JNJ,Pharma
2021-08-31 00:00:00+00:00,151.50548987836498,158.11424627802722,150.4777102964769,152.989013671875,114788500,1.06,0.0,Johnson & Johnson,JNJ,Pharma
2021-09-30 00:00:00+00:00,152.78574121702212,154.83590093974814,142.63246369077868,142.7119903564453,132028700,0.0,0.0,Johnson & Johnson,JNJ,Pharma
2021-10-31 00:00:00+00:00,142.73845614050086,146.71500036571328,139.03591130038208,143.93145751953125,136327000,0.0,0.0,Johnson & Johnson,JNJ,Pharma
2021-11-30 00:00:00+00:00,144.17885788717865,148.12001198432543,138.6213452812729,138.69248962402344,164263300,1.06,0.0,Johnson & Johnson,JNJ,Pharma
2021-12-31 00:00:00+00:00,139.53748626641865,154.3290957151145,138.97712615074366,152.15879821777344,167972300,0.0,0.0,Johnson & Johnson,JNJ,Pharma
2022-01-31 00:00:00+00:00,151.3938820822912,155.0317578997317,140.76490690860456,153.24395751953125,165534400,0.0,0.0,Johnson & Johnson,JNJ,Pharma
2022-02-28 00:00:00+00:00,152.7547529605279,154.42693321984564,139.39480306569934,147.31700134277344,154615300,1.06,0.0,Johnson & Johnson,JNJ,Pharma
2022-03-31 00:00:00+00:00,145.94736968668846,161.31734558414956,145.38342628419602,158.64974975585938,180106000,0.0,0.0,Johnson & Johnson,JNJ,Pharma
2022-04-30 00:00:00+00:00,158.48865446681395,167.11802596180286,157.11901923794062,161.54115295410156,163454500,0.0,0.0,Johnson & Johnson,JNJ,Pharma
2022-05-31 00:00:00+00:00,161.55007628565625,163.73236231914882,154.5857123033829,161.74134826660156,152737200,1.13,0.0,Johnson & Johnson,JNJ,Pharma
2022-06-30 00:00:00+00:00,161.3990066039549,165.18285822462232,150.6871200826498,159.9214630126953,159293700,0.0,0.0,Johnson & Johnson,JNJ,Pharma
2022-07-31 00:00:00+00:00,159.86744399934713,162.15575990631334,152.9393922060763,157.2277374267578,114640700,0.0,0.0,Johnson & Johnson,JNJ,Pharma
2022-08-31 00:00:00+00:00,156.9124404628767,158.1016600042328,146.2668416549715,146.330322265625,157260000,1.13,0.0,Johnson & Johnson,JNJ,Pharma
2022-09-30 00:00:00+00:00,146.4663848772564,152.07143377835055,145.84960053795942,148.16238403320312,168332500,0.0,0.0,Johnson & Johnson,JNJ,Pharma
2022-10-31 00:00:00+00:00,149.00588076381771,159.07322055970153,144.36217971943424,157.78533935546875,139408400,0.0,0.0,Johnson & Johnson,JNJ,Pharma
2022-11-30 00:00:00+00:00,157.8669739042918,162.5919707734122,151.30051318414652,162.48245239257812,138341800,1.13,0.0,Johnson & Johnson,JNJ,Pharma
2022-12-31 00:00:00+00:00,163.39525734586374,165.2574164652863,158.89504430530678,161.2501220703125,129803700,0.0,0.0,Johnson & Johnson,JNJ,Pharma
2023-01-31 00:00:00+00:00,160.80286985435822,165.15702875971215,147.01012200445902,149.1735076904297,160524000,0.0,0.0,Johnson & Johnson,JNJ,Pharma
2023-02-28 00:00:00+00:00,148.7809834068884,151.83892979146322,140.70315950548743,140.90542602539062,164776500,1.13,0.0,Johnson & Johnson,JNJ,Pharma
2023-03-31 00:00:00+00:00,140.67556082897164,143.65439985692842,138.00936365994113,142.5051727294922,185723800,0.0,0.0,Johnson & Johnson,JNJ,Pharma
2023-04-30 00:00:00+00:00,142.45917842235073,153.7492890314712,141.53060152342383,150.5038299560547,146071300,0.0,0.0,Johnson & Johnson,JNJ,Pharma
2023-05-31 00:00:00+00:00,150.4119110107422,152.78391033340984,142.02413533444667,143.6359405517578,132116300,1.19,0.0,Johnson & Johnson,JNJ,Pharma
2023-06-30 00:00:00+00:00,143.15423583984375,154.02005843399996,141.86664486606554,153.32530212402344,146417700,0.0,0.0,Johnson & Johnson,JNJ,Pharma
2023-07-31 00:00:00+00:00,152.23220749452307,162.440322962406,145.73869360348564,155.18722534179688,201429600,0.0,0.0,Johnson & Johnson,JNJ,Pharma
2023-08-31 00:00:00+00:00,154.11263354078335,163.0053889040435,150.48237633297842,150.8555908203125,1084863300,1.19,0.0,Johnson & Johnson,JNJ,Pharma
2023-09-30 00:00:00+00:00,150.61300109255978,154.205276236143,144.86541883360883,145.3225860595703,147237700,0.0,0.0,Johnson & Johnson,JNJ,Pharma
2023-10-31 00:00:00+00:00,145.01472978502602,148.60696822934443,135.24566622946833,138.4087371826172,152895100,0.0,0.0,Johnson & Johnson,JNJ,Pharma
2023-11-30 00:00:00+00:00,139.2018004988681,145.91262832404047,135.88949625626847,145.461181640625,131079400,1.19,0.0,Johnson & Johnson,JNJ,Pharma
2023-12-31 00:00:00+00:00,147.13534495706514,150.50241664910376,142.74311174869223,147.41751098632812,146547300,0.0,0.0,Johnson & Johnson,JNJ,Pharma
2024-01-31 00:00:00+00:00,147.59618690537187,153.8506669140583,147.46451433132236,149.44898986816406,138206300,0.0,0.0,Johnson & Johnson,JNJ,Pharma
2024-02-29 00:00:00+00:00,148.75302997730273,153.75840329459362,145.6304653132518,152.93394470214844,158288100,1.19,0.0,Johnson & Johnson,JNJ,Pharma
2024-03-31 00:00:00+00:00,153.36039206639182,154.5734092224357,146.6604042807755,149.91087341308594,140395800,0.0,0.0,Johnson & Johnson,JNJ,Pharma
2024-04-30 00:00:00+00:00,149.46549662646993,149.87298501306623,135.63908540618397,137.02264404296875,175722600,0.0,0.0,Johnson & Johnson,JNJ,Pharma
2024-05-31 00:00:00+00:00,140.95548944565715,147.19628618341636,137.2896170802808,140.1173553466797,174615700,1.24,0.0,Johnson & Johnson,JNJ,Pharma
2024-06-30 00:00:00+00:00,140.67142772230824,143.0311011947362,137.45199248155436,139.63014221191406,131807200,0.0,0.0,Johnson & Johnson,JNJ,Pharma
2024-07-31 00:00:00+00:00,139.54417883988913,154.36121774290038,138.04429960562362,150.7978973388672,151359400,0.0,0.0,Johnson & Johnson,JNJ,Pharma
2024-08-31 00:00:00+00:00,151.39972826504712,159.76818373558538,149.45088761088277,159.65267944335938,150664500,1.24,0.0,Johnson & Johnson,JNJ,Pharma
2024-09-30 00:00:00+00:00,159.05589527313958,162.5307843049111,154.03123743286534,155.99488830566406,120356400,0.0,0.0,Johnson & Johnson,JNJ,Pharma
2024-10-31 00:00:00+00:00,156.35104139039788,160.50937490294723,152.83765475731337,153.8772430419922,133026800,0.0,0.0,Johnson & Johnson,JNJ,Pharma
2024-11-30 00:00:00+00:00,154.57028652527433,155.03231838659335,145.11780517508222,150.4059600830078,153338600,1.24,0.0,Johnson & Johnson,JNJ,Pharma
2024-12-31 00:00:00+00:00,150.15369158695643,150.3962662098756,138.5101016203446,140.32455444335938,177839200,0.0,0.0,Johnson & Johnson,JNJ,Pharma
2025-01-31 00:00:00+00:00,140.91643868880917,149.56181206453698,136.50157487080793,147.6309051513672,192827700,0.0,0.0,Johnson & Johnson,JNJ,Pharma
2025-02-28 00:00:00+00:00,147.48538122157126,162.7794075306249,146.30161579310953,161.4003448486328,169975800,1.24,0.0,Johnson & Johnson,JNJ,Pharma
2025-03-31 00:00:00+00:00,161.34165979547458,166.26133065875257,157.03816626942583,162.20236206054688,186802300,0.0,0.0,Johnson & Johnson,JNJ,Pharma
2025-04-30 00:00:00+00:00,157.20444414110435,158.26075654100097,138.39625802382662,152.8813934326172,236796700,0.0,0.0,Johnson & Johnson,JNJ,Pharma
2025-05-31 00:00:00+00:00,151.60013972569152,154.47564690871295,142.91490189139907,153.10694885253906,174251100,1.3,0.0,Johnson & Johnson,JNJ,Pharma
2025-06-30 00:00:00+00:00,152.38682490878404,155.53359750884889,147.02053829080515,150.68028259277344,159004100,0.0,0.0,Johnson & Johnson,JNJ,Pharma
2025-07-31 00:00:00+00:00,150.92687925954553,167.68667837003616,150.7394513148845,162.5078125,187621300,0.0,0.0,Johnson & Johnson,JNJ,Pharma
2025-08-31 00:00:00+00:00,163.2377747338822,178.70532892070915,162.55712168817175,176.0522003173828,174936700,1.3,0.0,Johnson & Johnson,JNJ,Pharma
2025-09-30 00:00:00+00:00,176.3503105295524,184.81656364117856,172.2364431172901,184.25015258789065,180802600,0.0,0.0,Johnson & Johnson,JNJ,Pharma
2025-10-31 00:00:00+00:00,184.8265026093308,193.25298704268093,181.78580012930843,187.6783905029297,195076400,0.0,0.0,Johnson & Johnson,JNJ,Pharma
2025-11-30 00:00:00+00:00,187.80757254089647,207.80999755859372,183.9520468035413,206.9199981689453,174241400,1.3,0.0,Johnson & Johnson,JNJ,Pharma
2025-12-31 00:00:00+00:00,206.5,215.19000244140625,199.91000366210935,206.9499969482422,176369000,0.0,0.0,Johnson & Johnson,JNJ,Pharma
2026-01-31 00:00:00+00:00,206.82000732421875,208.97999572753903,200.91000366210935,205.75,38013400,0.0,0.0,Johnson & Johnson,JNJ,Pharma
2016-01-31 00:00:00+00:00,68.70760436902097,69.91247593978655,60.74150522646257,65.1825942993164,2717476892,0.0,0.0,Lloyds Banking,LLOY.L,Banking
2016-02-29 00:00:00+00:00,65.48131878067474,72.30229476562442,55.60335826264158,72.09318542480469,3476620621,0.0,0.0,Lloyds Banking,LLOY.L,Banking
2016-03-31 00:00:00+00:00,72.09318659169344,73.59378942498559,66.9450973905346,67.66204071044922,2591003573,0.0,0.0,Lloyds Banking,LLOY.L,Banking
2016-04-30 00:00:00+00:00,67.46288766330696,70.50575321823625,64.3222476807634,66.8053970336914,2607247911,2.0,0.0,Lloyds Banking,LLOY.L,Banking
2016-05-31 00:00:00+00:00,67.23370631563618,73.7080663062622,63.39888964214432,71.05855560302734,3566417569,0.0,0.0,Lloyds Banking,LLOY.L,Banking
2016-06-30 00:00:00+00:00,70.95895286688148,71.96496804695434,50.779875576043736,54.13558197021485,5772793164,0.0,0.0,Lloyds Banking,LLOY.L,Banking
2016-07-31 00:00:00+00:00,54.67345369118703,57.50124506087741,46.9141822388043,53.0399169921875,4885075851,0.0,0.0,Lloyds Banking,LLOY.L,Banking
2016-08-31 00:00:00+00:00,52.79090025771091,61.81467517122703,50.48006226068252,60.4100227355957,3729599652,0.85,0.0,Lloyds Banking,LLOY.L,Banking
2016-09-30 00:00:00+00:00,60.7288019545944,61.764858558600224,52.79899223459095,54.34311294555664,3592567717,0.0,0.0,Lloyds Banking,LLOY.L,Banking
2016-10-31 00:00:00+00:00,54.07414433704629,57.73022163127549,50.64718281752411,57.04283905029297,4217818866,0.0,0.0,Lloyds Banking,LLOY.L,Banking
2016-11-30 00:00:00+00:00,57.28192636644195,61.85452661327121,53.84899874199115,57.65053176879883,4140300102,0.0,0.0,Lloyds Banking,LLOY.L,Banking
2016-12-31 00:00:00+00:00,57.24207781643386,64.58910409314123,56.71408909644579,62.272926330566406,3444693448,0.0,0.0,Lloyds Banking,LLOY.L,Banking
2017-01-31 00:00:00+00:00,62.38250514352585,66.99493797231649,62.38250514352585,64.6837387084961,3504748931,0.0,0.0,Lloyds Banking,LLOY.L,Banking
2017-02-28 00:00:00+00:00,65.40103663140194,70.78054318703246,64.30518355078964,68.40956115722656,3634130173,0.0,0.0,Lloyds Banking,LLOY.L,Banking
2017-03-31 00:00:00+00:00,68.73832294727826,69.8391321187945,64.75348906643329,66.0684814453125,4982820649,0.0,0.0,Lloyds Banking,LLOY.L,Banking
2017-04-30 00:00:00+00:00,66.4868701435803,72.09981573676241,61.59627347469748,68.96072387695312,4194756597,2.2,0.0,Lloyds Banking,LLOY.L,Banking
2017-05-31 00:00:00+00:00,69.43906752460192,73.32556489753422,67.78480665386729,69.91739654541016,4554109830,0.0,0.0,Lloyds Banking,LLOY.L,Banking
2017-06-30 00:00:00+00:00,70.5751327845367,71.17403634358418,65.75185578557513,65.9212646484375,3309832979,0.0,0.0,Lloyds Banking,LLOY.L,Banking
2017-07-31 00:00:00+00:00,65.95115823030216,69.20984804996772,65.12403180297464,65.34327697753906,3461683385,0.0,0.0,Lloyds Banking,LLOY.L,Banking
2017-08-31 00:00:00+00:00,65.46285306859185,67.14702315237821,62.93905600792521,63.47925567626953,2900945780,1.0,0.0,Lloyds Banking,LLOY.L,Banking
2017-09-30 00:00:00+00:00,62.79154190180103,67.84476120827215,61.99419137819518,67.50588989257812,2929425394,0.0,0.0,Lloyds Banking,LLOY.L,Banking
2017-10-31 00:00:00+00:00,67.41618562123256,69.42952537300698,64.96433873477426,68.06405639648438,3852086577,0.0,0.0,Lloyds Banking,LLOY.L,Banking
2017-11-30 00:00:00+00:00,68.51254495592123,68.83148580781032,63.34969546569301,65.78163146972656,2891729424,0.0,0.0,Lloyds Banking,LLOY.L,Banking
2017-12-31 00:00:00+00:00,65.66200959396416,67.87466164688226,64.08724271119873,67.83479309082031,2551379917,0.0,0.0,Lloyds Banking,LLOY.L,Banking
2018-01-31 00:00:00+00:00,67.97432820299993,72.43952285980576,66.99759990576999,69.2800064086914,3643070674,0.0,0.0,Lloyds Banking,LLOY.L,Banking
2018-02-28 00:00:00+00:00,69.728511299431,70.40626157935617,65.72183154428146,68.5723648071289,4072718073,0.0,0.0,Lloyds Banking,LLOY.L,Banking
2018-03-31 00:00:00+00:00,68.4726729718342,68.64211623166156,63.89786505030131,64.4460678100586,3515195863,0.0,0.0,Lloyds Banking,LLOY.L,Banking
2018-04-30 00:00:00+00:00,63.9875742230945,68.38298426108425,63.90785231150835,64.14655303955078,3785169130,2.05,0.0,Lloyds Banking,LLOY.L,Banking
2018-05-31 00:00:00+00:00,64.13658905029297,67.25716857032873,62.661036433046064,63.15953063964844,4958250186,0.0,0.0,Lloyds Banking,LLOY.L,Banking
2018-06-30 00:00:00+00:00,63.50847358178241,64.18643481872536,60.31810301108761,62.86042785644531,4677237150,0.0,0.0,Lloyds Banking,LLOY.L,Banking
2018-07-31 00:00:00+00:00,62.31208514555938,63.75772623551402,61.354974497487234,63.2193489074707,3983767470,0.0,0.0,Lloyds Banking,LLOY.L,Banking
2018-08-31 00:00:00+00:00,63.7078784119874,63.7078784119874,59.03245616693645,59.132171630859375,3841983949,1.07,0.0,Lloyds Banking,LLOY.L,Banking
2018-09-30 00:00:00+00:00,59.27177635953259,61.93421753194319,58.26462788977293,58.37431716918945,3405947638,0.0,0.0,Lloyds Banking,LLOY.L,Banking
2018-10-31 00:00:00+00:00,57.92559823122669,59.19200125387958,55.8115944138415,57.05806350708008,4544720137,0.0,0.0,Lloyds Banking,LLOY.L,Banking
2018-11-30 00:00:00+00:00,56.788828209021936,60.02962272901123,53.926950807201486,55.20331573486328,4831573392,0.0,0.0,Lloyds Banking,LLOY.L,Banking
2018-12-31 00:00:00+00:00,55.4326747226208,56.81873823494004,49.37485731680629,51.7032585144043,3932979968,0.0,0.0,Lloyds Banking,LLOY.L,Banking
2019-01-31 00:00:00+00:00,50.5166253920741,58.6036743916192,50.02801048273435,57.736141204833984,3709193871,0.0,0.0,Lloyds Banking,LLOY.L,Banking
2019-02-28 00:00:00+00:00,57.93555967889048,63.44991770909531,56.68910316203333,63.36017227172852,3008699720,0.0,0.0,Lloyds Banking,LLOY.L,Banking
2019-03-31 00:00:00+00:00,63.81886590898745,66.0226088755871,60.99688015312733,62.72199249267578,3971658632,0.0,0.0,Lloyds Banking,LLOY.L,Banking
2019-04-30 00:00:00+00:00,63.02113488108037,66.62294945881905,61.69530054293645,63.44092559814453,3605699312,2.14,0.0,Lloyds Banking,LLOY.L,Banking
2019-05-31 00:00:00+00:00,61.6454264404212,63.211499286595775,56.47838825153816,57.11678695678711,3228463861,0.0,0.0,Lloyds Banking,LLOY.L,Banking
2019-06-30 00:00:00+00:00,56.40855726332335,59.25142961302555,56.01953869745925,57.08686065673828,3536793723,0.0,0.0,Lloyds Banking,LLOY.L,Banking
2019-07-31 00:00:00+00:00,57.33623087922687,58.57313637887938,52.00959475288092,52.70784378051758,3769068959,0.0,0.0,Lloyds Banking,LLOY.L,Banking
2019-08-31 00:00:00+00:00,52.23901840774544,52.25896884315864,48.04626570223276,49.71645736694336,4136287473,1.12,0.0,Lloyds Banking,LLOY.L,Banking
2019-09-30 00:00:00+00:00,49.726431737933744,55.7327076689959,48.66884342294581,53.25836181640625,4560252444,0.0,0.0,Lloyds Banking,LLOY.L,Banking
2019-10-31 00:00:00+00:00,52.94906568017362,64.02377521907768,50.48470204590483,56.67057418823242,4932360644,0.0,0.0,Lloyds Banking,LLOY.L,Banking
2019-11-30 00:00:00+00:00,56.8601347224399,62.547149658203125,53.61754071638018,61.01065444946289,3521182649,0.0,0.0,Lloyds Banking,LLOY.L,Banking
2019-12-31 00:00:00+00:00,60.81111403613772,73.49215185068697,58.70592164309897,62.35757446289063,5070457497,0.0,0.0,Lloyds Banking,LLOY.L,Banking
2020-01-31 00:00:00+00:00,63.60473291610168,63.6945279853999,56.221595121497465,56.66059494018555,3725435465,0.0,0.0,Lloyds Banking,LLOY.L,Banking
2020-02-29 00:00:00+00:00,56.850159226981326,58.19508491364846,47.77189352478272,50.08560943603516,4354098671,0.0,0.0,Lloyds Banking,LLOY.L,Banking
2020-03-31 00:00:00+00:00,51.37267377993457,51.95035300820795,28.145717016755707,28.205581665039062,9790380625,0.0,0.0,Lloyds Banking,LLOY.L,Banking
2020-04-30 00:00:00+00:00,27.88132264417957,35.678511266929696,25.6164923951156,31.612796783447266,6467527772,0.0,0.0,Lloyds Banking,LLOY.L,Banking
2020-05-31 00:00:00+00:00,31.29851737200768,32.755193163799426,27.058202853104948,30.7896785736084,5902963038,0.0,0.0,Lloyds Banking,LLOY.L,Banking
2020-06-30 00:00:00+00:00,30.999201625734905,38.03313559077591,30.33072935312557,30.63004302978516,6689307691,0.0,0.0,Lloyds Banking,LLOY.L,Banking
2020-07-31 00:00:00+00:00,31.088993761191823,32.01188514921829,25.37504926449935,26.225107192993164,4939548862,0.0,0.0,Lloyds Banking,LLOY.L,Banking
2020-08-31 00:00:00+00:00,25.905835754670463,59.80341792990088,25.83100589005401,26.878612518310547,3349405283,0.0,0.0,Lloyds Banking,LLOY.L,Banking
2020-09-30 00:00:00+00:00,26.938472596027577,27.781547732589654,23.531256214184584,26.46954727172852,4693007545,0.0,0.0,Lloyds Banking,LLOY.L,Banking
2020-10-31 00:00:00+00:00,26.06048253420842,29.776991299327356,25.92579034525891,27.96113967895508,4069685063,0.0,0.0,Lloyds Banking,LLOY.L,Banking
2020-11-30 00:00:00+00:00,27.751619185449297,40.72598134127464,27.03824828589236,35.5388298034668,6340384462,0.0,0.0,Lloyds Banking,LLOY.L,Banking
2020-12-31 00:00:00+00:00,35.40414262901309,39.958739683157646,31.92708135006196,36.35696792602539,5614161330,0.0,0.0,Lloyds Banking,LLOY.L,Banking
2021-01-31 00:00:00+00:00,36.91568648235953,37.86352860962901,30.744783272098925,32.924800872802734,3858998538,0.0,0.0,Lloyds Banking,LLOY.L,Banking
2021-02-28 00:00:00+00:00,33.45858012104803,40.90657594278352,32.999629284803284,38.9111328125,5266577315,0.0,0.0,Lloyds Banking,LLOY.L,Banking
2021-03-31 00:00:00+00:00,39.50477044219061,43.3210577092107,38.59684937753676,42.67253875732422,5727084038,0.0,0.0,Lloyds Banking,LLOY.L,Banking
2021-04-30 00:00:00+00:00,43.40087420958372,45.7614550110939,41.13640861779361,45.337364196777344,3580816791,0.57,0.0,Lloyds Banking,LLOY.L,Banking
2021-05-31 00:00:00+00:00,46.00592374460217,50.451349618337794,40.043758868014514,49.67302322387695,4014729918,0.0,0.0,Lloyds Banking,LLOY.L,Banking
2021-06-30 00:00:00+00:00,49.68799393322551,50.09212621906365,45.47206796439807,47.517669677734375,3353023023,0.0,0.0,Lloyds Banking,LLOY.L,Banking
2021-07-31 00:00:00+00:00,47.55758528331162,48.20618512597991,42.69006361118645,45.53692626953125,2911583105,0.0,0.0,Lloyds Banking,LLOY.L,Banking
2021-08-31 00:00:00+00:00,46.31026617441308,47.21831220363256,42.95359390273576,43.9316291809082,2839518665,0.66999996,0.0,Lloyds Banking,LLOY.L,Banking
2021-09-30 00:00:00+00:00,43.89170520994605,46.835783148926566,41.26698623775476,45.14917755126953,3865836569,0.0,0.0,Lloyds Banking,LLOY.L,Banking
2021-10-31 00:00:00+00:00,45.0294135508424,50.378658951313625,41.80590182698261,50.11918258666992,3775045656,0.0,0.0,Lloyds Banking,LLOY.L,Banking
2021-11-30 00:00:00+00:00,50.76787302886885,51.47645399437808,41.36080062381953,46.70604705810547,4192907383,0.0,0.0,Lloyds Banking,LLOY.L,Banking
2021-12-31 00:00:00+00:00,46.3218118722773,48.63715810891639,44.21106457906877,47.70403671264648,3221792584,0.0,0.0,Lloyds Banking,LLOY.L,Banking
2022-01-31 00:00:00+00:00,49.12118582735906,55.88857119781269,48.502427814904586,50.947513580322266,4557600241,0.0,0.0,Lloyds Banking,LLOY.L,Banking
2022-02-28 00:00:00+00:00,51.69600866764434,54.39058868366104,45.90764932682004,48.33776473999024,4893885154,0.0,0.0,Lloyds Banking,LLOY.L,Banking
2022-03-31 00:00:00+00:00,48.42758722601657,50.58824172978307,38.01852896104312,47.29486083984375,7177901561,0.0,0.0,Lloyds Banking,LLOY.L,Banking
2022-04-30 00:00:00+00:00,47.37470539982468,47.61422146892708,42.04042976402571,45.801368713378906,4592221355,1.3299999,0.0,Lloyds Banking,LLOY.L,Banking
2022-05-31 00:00:00+00:00,46.01601098375711,46.64093336710788,41.92802156263003,45.04766845703125,4646010060,0.0,0.0,Lloyds Banking,LLOY.L,Banking
2022-06-30 00:00:00+00:00,45.06763140579838,46.120825022390655,41.08446842668696,42.33731842041016,4198144381,0.0,0.0,Lloyds Banking,LLOY.L,Banking
2022-07-31 00:00:00+00:00,42.53198225658176,46.32047913624989,40.8229194829331,44.97777938842773,4260845756,0.0,0.0,Lloyds Banking,LLOY.L,Banking
2022-08-31 00:00:00+00:00,44.977783202256376,46.27365495978925,42.574356895969046,42.6342658996582,3785516950,0.8,0.0,Lloyds Banking,LLOY.L,Banking
2022-09-30 00:00:00+00:00,42.9338018477917,49.77325461121412,40.37774269097959,41.3262825012207,6424423901,0.0,0.0,Lloyds Banking,LLOY.L,Banking
2022-10-31 00:00:00+00:00,40.9368811845028,43.64570906110568,38.44572313879122,41.95531845092773,5393189850,0.0,0.0,Lloyds Banking,LLOY.L,Banking
2022-11-30 00:00:00+00:00,42.26483365165823,47.28209792127053,40.89694408875052,46.832786560058594,3553789831,0.0,0.0,Lloyds Banking,LLOY.L,Banking
2022-12-31 00:00:00+00:00,47.10237214740884,47.22019051393206,44.53134252453249,45.34009552001953,2304181603,0.0,0.0,Lloyds Banking,LLOY.L,Banking
2023-01-31 00:00:00+00:00,45.9791063328029,52.98830291966367,45.69454523603641,52.49905776977539,4005573928,0.0,0.0,Lloyds Banking,LLOY.L,Banking
2023-02-28 00:00:00+00:00,52.668795837299776,54.24636352174937,49.35890366707268,52.53899002075195,4235013436,0.0,0.0,Lloyds Banking,LLOY.L,Banking
2023-03-31 00:00:00+00:00,52.53898863781083,52.80857342060439,43.59079171623962,47.60160446166992,5596054680,0.0,0.0,Lloyds Banking,LLOY.L,Banking
2023-04-30 00:00:00+00:00,48.0459190778826,50.22256664415605,46.715968936108666,48.1412467956543,2743898060,1.6,0.0,Lloyds Banking,LLOY.L,Banking
2023-05-31 00:00:00+00:00,47.94148920083853,48.69556994153994,43.98231888457094,44.61055374145508,5658876328,0.0,0.0,Lloyds Banking,LLOY.L,Banking
2023-06-30 00:00:00+00:00,44.725412375561895,45.90896635097079,41.18972811461884,43.53686141967773,4266610240,0.0,0.0,Lloyds Banking,LLOY.L,Banking
2023-07-31 00:00:00+00:00,43.86146570602656,47.06754905147648,42.632965182847656,44.28595352172852,3500711555,0.0,0.0,Lloyds Banking,LLOY.L,Banking
2023-08-31 00:00:00+00:00,43.6267500917812,44.02626397648651,41.68300247192383,42.07260894775391,4305719016,0.92,0.0,Lloyds Banking,LLOY.L,Banking
2023-09-30 00:00:00+00:00,42.27740467940274,46.00864155118588,40.66402651382764,44.32533264160156,3343341677,0.0,0.0,Lloyds Banking,LLOY.L,Banking
2023-10-31 00:00:00+00:00,44.38028038506941,44.64501302246829,39.38031686417739,39.89979553222656,3382604405,0.0,0.0,Lloyds Banking,LLOY.L,Banking
2023-11-30 00:00:00+00:00,39.95973686618608,43.76590072515641,39.7499491622444,43.42624282836914,3126985797,0.0,0.0,Lloyds Banking,LLOY.L,Banking
2023-12-31 00:00:00+00:00,43.6160507983376,48.32630673391144,43.56110585759424,47.6619758605957,2587766358,0.0,0.0,Lloyds Banking,LLOY.L,Banking
2024-01-31 00:00:00+00:00,47.79184224571034,48.18144792262249,41.21347520334766,42.4921875,3017937362,0.0,0.0,Lloyds Banking,LLOY.L,Banking
2024-02-29 00:00:00+00:00,42.08259619020532,47.45718494314937,40.95873189593458,46.52312469482422,4986193197,0.0,0.0,Lloyds Banking,LLOY.L,Banking
2024-03-31 00:00:00+00:00,46.97266527183744,52.61698036877052,46.85278940037467,51.7078971862793,4178794806,0.0,0.0,Lloyds Banking,LLOY.L,Banking
2024-04-30 00:00:00+00:00,51.26833684095962,54.225357910263455,49.387357632910216,52.165523529052734,3608271649,1.84,0.0,Lloyds Banking,LLOY.L,Banking
2024-05-31 00:00:00+00:00,51.96565394981263,57.35309200009014,51.6658528625377,55.48333358764648,4541156108,0.0,0.0,Lloyds Banking,LLOY.L,Banking
2024-06-30 00:00:00+00:00,56.162885673297694,56.562614247946925,53.00497378429323,55.58326721191406,3419614850,0.0,0.0,Lloyds Banking,LLOY.L,Banking
2024-07-31 00:00:00+00:00,55.36341231424339,64.62728787742093,49.016330348973085,56.13289260864258,3772753418,1.06,0.0,Lloyds Banking,LLOY.L,Banking
2024-08-31 00:00:00+00:00,55.51319770100663,64.63878582187246,47.40710930221699,58.47176361083984,2892098788,0.0,0.0,Lloyds Banking,LLOY.L,Banking
2024-09-30 00:00:00+00:00,58.53173955338386,59.6511977230565,56.212857685734015,58.17190933227539,3271091124,0.0,0.0,Lloyds Banking,LLOY.L,Banking
2024-10-31 00:00:00+00:00,57.972007690524975,63.43837001430483,53.05438417569539,53.37422943115234,3938262107,0.0,0.0,Lloyds Banking,LLOY.L,Banking
2024-11-30 00:00:00+00:00,53.17432536766384,57.056450747136346,52.66457114485048,53.03439331054688,2983830600,0.0,0.0,Lloyds Banking,LLOY.L,Banking
2024-12-31 00:00:00+00:00,52.97441950085964,56.09291218248029,52.514642435371606,54.75355911254883,2922762591,0.0,0.0,Lloyds Banking,LLOY.L,Banking
2025-01-31 00:00:00+00:00,54.5536620848104,62.6097672187561,52.409695809107376,62.30991363525391,3408954235,0.0,0.0,Lloyds Banking,LLOY.L,Banking
2025-02-28 00:00:00+00:00,61.09050080414177,72.94678400855318,60.27089686285437,72.94478607177734,3754219751,0.0,0.0,Lloyds Banking,LLOY.L,Banking
2025-03-31 00:00:00+00:00,72.96476936531113,74.42405839281288,67.02763459036899,72.56495666503906,4017726015,0.0,0.0,Lloyds Banking,LLOY.L,Banking
2025-04-30 00:00:00+00:00,72.30508111322487,74.02852268214801,60.750663506113874,71.32893371582031,3558345957,2.11,0.0,Lloyds Banking,LLOY.L,Banking
2025-05-31 00:00:00+00:00,71.42892858161578,79.17772346670681,69.68919280536392,77.18802642822266,2821193814,0.0,0.0,Lloyds Banking,LLOY.L,Banking
2025-06-30 00:00:00+00:00,76.8880789889021,78.10789536064703,74.72840763555418,76.34815979003906,2216592177,0.0,0.0,Lloyds Banking,LLOY.L,Banking
2025-07-31 00:00:00+00:00,76.96807185912128,79.98759837300074,72.83970640123415,75.73999786376953,3098270243,1.22,0.0,Lloyds Banking,LLOY.L,Banking
2025-08-31 00:00:00+00:00,80.72000122070312,84.62000274658203,77.94000244140625,80.05999755859375,3191524916,0.0,0.0,Lloyds Banking,LLOY.L,Banking
2025-09-30 00:00:00+00:00,80.31999969482422,84.72000122070312,77.37999725341797,83.41999816894531,3446275544,0.0,0.0,Lloyds Banking,LLOY.L,Banking
2025-10-31 00:00:00+00:00,83.94000244140625,89.26000213623047,81.81999969482422,89.08000183105469,2997462591,0.0,0.0,Lloyds Banking,LLOY.L,Banking
2025-11-30 00:00:00+00:00,89.30000305175781,96.94000244140624,85.81999969482422,96.13999938964844,3296177595,0.0,0.0,Lloyds Banking,LLOY.L,Banking
2025-12-31 00:00:00+00:00,95.5,98.72000122070312,93.08000183105467,98.23999786376952,2664704003,0.0,0.0,Lloyds Banking,LLOY.L,Banking
2026-01-31 00:00:00+00:00,98.23999786376952,101.75,97.9000015258789,99.64600372314452,640569841,0.0,0.0,Lloyds Banking,LLOY.L,Banking
2016-01-31 00:00:00+00:00,164.6548991430028,169.02635088228593,153.47732139791984,161.53890991210938,31853900,0.0,0.0,Lockheed Martin,LMT,Defence
2016-02-29 00:00:00+00:00,160.20681551889476,169.50895393221106,155.9118724993454,166.45433044433594,32717100,1.65,0.0,Lockheed Martin,LMT,Defence
2016-03-31 00:00:00+00:00,167.071449490335,172.67927623679796,162.6823004745093,170.8588409423828,24930400,0.0,0.0,Lockheed Martin,LMT,Defence
2016-04-30 00:00:00+00:00,169.67095249246643,180.95610944849557,169.06156215693852,179.2513885498047,21628500,0.0,0.0,Lockheed Martin,LMT,Defence
2016-05-31 00:00:00+00:00,179.5290785010062,189.27147300446933,178.47233027437278,183.4744873046875,23073800,1.65,0.0,Lockheed Martin,LMT,Defence
2016-06-30 00:00:00+00:00,183.4745037259516,193.17522185498868,182.325050039853,192.748046875,28268800,0.0,0.0,Lockheed Martin,LMT,Defence
2016-07-31 00:00:00+00:00,192.74801955488635,204.55347580324215,192.52283338004608,196.2896881103516,54446800,0.0,0.0,Lockheed Martin,LMT,Defence
2016-08-31 00:00:00+00:00,196.2120163706325,207.318462615305,186.5754121416067,189.99256896972656,146232200,1.65,0.0,Lockheed Martin,LMT,Defence
2016-09-30 00:00:00+00:00,190.11767453686144,193.5191562293921,183.97929746960693,187.4511566162109,30222100,0.0,0.0,Lockheed Martin,LMT,Defence
2016-10-31 00:00:00+00:00,186.66136774857236,197.0536334027216,178.67759616356506,192.6590118408203,28914900,0.0,0.0,Lockheed Martin,LMT,Defence
2016-11-30 00:00:00+00:00,193.29235808714128,210.96968857085196,184.70646904689448,208.8438415527344,32680100,1.82,0.0,Lockheed Martin,LMT,Defence
2016-12-31 00:00:00+00:00,208.87532380993127,212.50504860732173,193.29376321790863,196.78958129882807,34840600,0.0,0.0,Lockheed Martin,LMT,Defence
2017-01-31 00:00:00+00:00,197.7816289329084,204.5056156759466,195.2621190044509,197.8839874267578,30318300,0.0,0.0,Lockheed Martin,LMT,Defence
2017-02-28 00:00:00+00:00,197.4903478624166,214.0483400457809,196.8210977733401,211.33697509765625,20301800,1.82,0.0,Lockheed Martin,LMT,Defence
2017-03-31 00:00:00+00:00,213.32685322968268,217.67125420962367,209.32344642593648,212.1455993652344,22113300,0.0,0.0,Lockheed Martin,LMT,Defence
2017-04-30 00:00:00+00:00,212.14561812412984,219.3123304373194,211.1309908829708,213.6123046875,18989100,0.0,0.0,Lockheed Martin,LMT,Defence
2017-05-31 00:00:00+00:00,213.69151947467336,225.6755854798076,210.8851923971129,224.3111572265625,19550500,1.82,0.0,Lockheed Martin,LMT,Defence
2017-06-30 00:00:00+00:00,224.35099781902812,227.38304379384573,218.5583326163833,221.5025177001953,19224400,0.0,0.0,Lockheed Martin,LMT,Defence
2017-07-31 00:00:00+00:00,221.32707885049095,234.45232339642448,221.17547755588703,233.0879364013672,20414600,0.0,0.0,Lockheed Martin,LMT,Defence
2017-08-31 00:00:00+00:00,234.52409184725772,246.5845930734208,232.90437411844883,245.11575317382807,23316000,1.82,0.0,Lockheed Martin,LMT,Defence
2017-09-30 00:00:00+00:00,245.57319982310528,249.90738462373528,239.50531193899133,249.04861450195312,22599900,0.0,0.0,Lockheed Martin,LMT,Defence
2017-10-31 00:00:00+00:00,249.45003441717608,258.5999594954112,243.446171966056,247.33901977539065,23050400,0.0,0.0,Lockheed Martin,LMT,Defence
2017-11-30 00:00:00+00:00,248.0532549858337,259.2129117854769,245.69358753282145,257.7429504394531,17979000,2.0,0.0,Lockheed Martin,LMT,Defence
2017-12-31 00:00:00+00:00,257.694510504089,261.63596465409444,250.43350861974557,259.3016357421875,19475800,0.0,0.0,Lockheed Martin,LMT,Defence
2018-01-31 00:00:00+00:00,260.0689675786907,289.5650486319266,256.4344633733985,286.6009216308594,30202000,0.0,0.0,Lockheed Martin,LMT,Defence
2018-02-28 00:00:00+00:00,286.1243678243534,293.18335559957734,263.3885278366569,286.2528686523437,31501700,2.0,0.0,Lockheed Martin,LMT,Defence
2018-03-31 00:00:00+00:00,286.269007682246,287.1786709024106,264.6076350028019,274.4678039550781,37030100,0.0,0.0,Lockheed Martin,LMT,Defence
2018-04-30 00:00:00+00:00,273.76119642679555,294.0093315104401,260.06742218392134,260.58721923828125,31055300,0.0,0.0,Lockheed Martin,LMT,Defence
2018-05-31 00:00:00+00:00,260.3029838481911,267.3204237403282,244.067079716922,257.07183837890625,34955500,2.0,0.0,Lockheed Martin,LMT,Defence
2018-06-30 00:00:00+00:00,259.0169906566061,263.6755822861227,238.25766781492297,241.45335388183597,29314800,0.0,0.0,Lockheed Martin,LMT,Defence
2018-07-31 00:00:00+00:00,240.4235535896541,269.421201307879,238.9115536533349,266.5198059082031,27908200,0.0,0.0,Lockheed Martin,LMT,Defence
2018-08-31 00:00:00+00:00,266.1028021475474,267.5985314363331,254.497457554178,263.5068359375,23929900,2.0,0.0,Lockheed Martin,LMT,Defence
2018-09-30 00:00:00+00:00,263.1695904581068,286.19703139007675,261.1958235492326,284.5193176269531,25226000,0.0,0.0,Lockheed Martin,LMT,Defence
2018-10-31 00:00:00+00:00,285.44852612745046,288.95196479281896,232.9132655310784,241.66378784179688,36580800,0.0,0.0,Lockheed Martin,LMT,Defence
2018-11-30 00:00:00+00:00,243.2098455635542,258.4244062420232,237.3131393733324,248.88568115234372,30258900,2.2,0.0,Lockheed Martin,LMT,Defence
2018-12-31 00:00:00+00:00,252.6219522251816,252.94502742583012,199.80113803595063,216.91653442382807,36307800,0.0,0.0,Lockheed Martin,LMT,Defence
2019-01-31 00:00:00+00:00,214.03359888849408,243.55058887652615,212.73298035176708,239.9883575439453,30270000,0.0,0.0,Lockheed Martin,LMT,Defence
2019-02-28 00:00:00+00:00,240.9493091425265,260.12412322745604,239.58240221075977,258.171630859375,20388400,2.2,0.0,Lockheed Martin,LMT,Defence
2019-03-31 00:00:00+00:00,259.965602752219,260.1491366487845,244.08694278892557,250.45347595214844,26948300,0.0,0.0,Lockheed Martin,LMT,Defence
2019-04-30 00:00:00+00:00,252.4560000609808,281.4597052543691,247.09918750886624,278.13043212890625,24656200,0.0,0.0,Lockheed Martin,LMT,Defence
2019-05-31 00:00:00+00:00,278.8981232034656,287.7010407477105,273.8833836554355,284.3067932128906,27727300,2.2,0.0,Lockheed Martin,LMT,Defence
2019-06-30 00:00:00+00:00,283.9205121480299,305.4781702028604,283.7693537987622,305.30181884765625,24630200,0.0,0.0,Lockheed Martin,LMT,Defence
2019-07-31 00:00:00+00:00,306.8723628811309,313.55712755212886,294.6112017522009,304.1512451171875,24931000,0.0,0.0,Lockheed Martin,LMT,Defence
2019-08-31 00:00:00+00:00,303.77339422871205,324.9653219494082,297.2650451774275,324.4331970214844,21805700,2.2,0.0,Lockheed Martin,LMT,Defence
2019-09-30 00:00:00+00:00,321.79790128759595,337.8206213480732,312.9038685934291,329.4588623046875,21798500,0.0,0.0,Lockheed Martin,LMT,Defence
2019-10-31 00:00:00+00:00,330.6160136650972,331.5028973342184,306.6030078533275,318.1576232910156,26344900,0.0,0.0,Lockheed Martin,LMT,Defence
2019-11-30 00:00:00+00:00,319.36537360508936,334.43368882161514,313.62185876931625,332.301025390625,19631300,2.4,0.0,Lockheed Martin,LMT,Defence
2019-12-31 00:00:00+00:00,332.029145553057,335.4113815198994,322.6387793746381,330.89892578125,19347600,0.0,0.0,Lockheed Martin,LMT,Defence
2020-01-31 00:00:00+00:00,333.85627947746497,373.0579559824509,332.2331655139381,363.8204956054688,28599300,0.0,0.0,Lockheed Martin,LMT,Defence
2020-02-29 00:00:00+00:00,365.0102123434771,376.0662408254525,308.143306347813,316.2928466796875,24227400,2.4,0.0,Lockheed Martin,LMT,Defence
2020-03-31 00:00:00+00:00,317.5584942435927,344.5896521382895,227.56280572450797,289.85174560546875,60682600,0.0,0.0,Lockheed Martin,LMT,Defence
2020-04-30 00:00:00+00:00,277.77705819327275,344.15341795117246,275.3655663547641,332.7030944824219,33800800,0.0,0.0,Lockheed Martin,LMT,Defence
2020-05-31 00:00:00+00:00,329.7785606340977,345.7012901214765,301.23370952220256,334.18585205078125,28180100,2.4,0.0,Lockheed Martin,LMT,Defence
2020-06-30 00:00:00+00:00,334.6159510864043,359.2902251016237,303.9796653939279,313.9509582519531,36810600,0.0,0.0,Lockheed Martin,LMT,Defence
2020-07-31 00:00:00+00:00,315.1725954623003,339.5457331840473,291.80602655085926,326.0385131835937,32063600,0.0,0.0,Lockheed Martin,LMT,Defence
2020-08-31 00:00:00+00:00,324.2059938228763,346.17880591516587,319.560227967711,337.801025390625,19163800,2.4,0.0,Lockheed Martin,LMT,Defence
2020-09-30 00:00:00+00:00,335.68900192864385,347.8590969374391,324.6788692341131,331.7592468261719,25222700,0.0,0.0,Lockheed Martin,LMT,Defence
2020-10-31 00:00:00+00:00,332.3824910239593,342.3020879597181,299.187472421215,303.0652770996094,25140100,0.0,0.0,Lockheed Martin,LMT,Defence
2020-11-30 00:00:00+00:00,308.2501747649022,331.9237440898119,303.5760506349921,318.1462097167969,25858000,2.6,0.0,Lockheed Martin,LMT,Defence
2020-12-31 00:00:00+00:00,321.1707448370784,325.37202401126075,302.10810487817554,309.4123840332031,35167700,0.0,0.0,Lockheed Martin,LMT,Defence
2021-01-31 00:00:00+00:00,309.4124674133769,309.4124674133769,280.4219255698423,280.50909423828125,41345200,0.0,0.0,Lockheed Martin,LMT,Defence
2021-02-28 00:00:00+00:00,283.1762574644273,305.3331057627591,278.75706983265115,290.0641174316406,33880600,2.6,0.0,Lockheed Martin,LMT,Defence
2021-03-31 00:00:00+00:00,293.35777973111914,328.70121640720254,292.189661778568,324.5379943847656,47908300,0.0,0.0,Lockheed Martin,LMT,Defence
2021-04-30 00:00:00+00:00,324.09006507630875,346.35544119705645,323.5191645917807,334.2522277832031,27784600,0.0,0.0,Lockheed Martin,LMT,Defence
2021-05-31 00:00:00+00:00,333.5583425525719,348.68301224207977,332.934745165118,337.9609375,25647900,2.6,0.0,Lockheed Martin,LMT,Defence
2021-06-30 00:00:00+00:00,339.7559365146816,349.91598943703576,330.0468699624484,334.5565795898437,25986000,0.0,0.0,Lockheed Martin,LMT,Defence
2021-07-31 00:00:00+00:00,333.6369383677029,340.1715779933276,323.9897817568343,328.6497497558594,20627900,0.0,0.0,Lockheed Martin,LMT,Defence
2021-08-31 00:00:00+00:00,329.20683647069194,331.6297040323104,312.64481415385603,320.4549560546875,23647300,2.6,0.0,Lockheed Martin,LMT,Defence
2021-09-30 00:00:00+00:00,319.1190342064215,320.19673740608147,298.4560250864786,307.3624267578125,30204900,0.0,0.0,Lockheed Martin,LMT,Defence
2021-10-31 00:00:00+00:00,309.33083377997866,336.7538623259645,289.58515572655733,295.9799194335937,33874800,0.0,0.0,Lockheed Martin,LMT,Defence
2021-11-30 00:00:00+00:00,294.3322836329833,310.0255034611834,288.77471214070954,299.32684326171875,33487500,2.8,0.0,Lockheed Martin,LMT,Defence
2021-12-31 00:00:00+00:00,300.835417505485,321.33713785283305,294.72891850032096,319.1639404296875,33234500,0.0,0.0,Lockheed Martin,LMT,Defence
2022-01-31 00:00:00+00:00,318.5084411530663,355.25526093557977,317.0267196160928,349.44512939453125,43289100,0.0,0.0,Lockheed Martin,LMT,Defence
2022-02-28 00:00:00+00:00,350.4239148767415,392.3319720569067,339.7374884658884,392.2415466308594,43090400,2.8,0.0,Lockheed Martin,LMT,Defence
2022-03-31 00:00:00+00:00,393.32657485572304,434.0064503949708,371.9512735900765,399.1134643554688,73002900,0.0,0.0,Lockheed Martin,LMT,Defence
2022-04-30 00:00:00+00:00,399.8549629910011,429.9466042242991,389.1491756917301,390.7224731445313,32351000,0.0,0.0,Lockheed Martin,LMT,Defence
2022-05-31 00:00:00+00:00,388.4438603859992,410.5606696124662,377.313229487549,400.4355163574219,26365900,2.8,0.0,Lockheed Martin,LMT,Defence
2022-06-30 00:00:00+00:00,403.0923102003224,415.5027762692341,359.08270976921887,391.2005004882813,27065300,0.0,0.0,Lockheed Martin,LMT,Defence
2022-07-31 00:00:00+00:00,391.00033098390514,395.7497661107551,339.9848966479098,376.5064086914063,25167800,0.0,0.0,Lockheed Martin,LMT,Defence
2022-08-31 00:00:00+00:00,380.5370211956512,405.3305574995169,379.0812781828483,384.7727661132813,24176000,2.8,0.0,Lockheed Martin,LMT,Defence
2022-09-30 00:00:00+00:00,383.0600229620227,397.30210928600513,349.4561682440551,353.7974853515625,26713100,0.0,0.0,Lockheed Martin,LMT,Defence
2022-10-31 00:00:00+00:00,356.9573224281242,449.8281935044376,355.4553125930697,445.7433166503906,32646500,0.0,0.0,Lockheed Martin,LMT,Defence
2022-11-30 00:00:00+00:00,445.1480260185701,453.05217293699457,419.5214415407272,447.149658203125,30772000,3.0,0.0,Lockheed Martin,LMT,Defence
2022-12-31 00:00:00+00:00,448.3753494920925,459.83084168439456,436.5328420592084,448.3477478027344,23687600,0.0,0.0,Lockheed Martin,LMT,Defence
2023-01-31 00:00:00+00:00,445.4908138449021,449.7393786908833,403.3093607394815,426.9390563964844,34505600,0.0,0.0,Lockheed Martin,LMT,Defence
2023-02-28 00:00:00+00:00,426.2478639809682,451.1218155188757,418.3313280811362,439.8284606933594,23119100,3.0,0.0,Lockheed Martin,LMT,Defence
2023-03-31 00:00:00+00:00,438.910299973293,452.2370946457506,429.6548987780472,438.4095764160156,34410200,0.0,0.0,Lockheed Martin,LMT,Defence
2023-04-30 00:00:00+00:00,438.6599611026615,471.2116592291326,426.2327730062044,430.7306823730469,23176000,0.0,0.0,Lockheed Martin,LMT,Defence
2023-05-31 00:00:00+00:00,431.27779172282345,436.87926329048014,407.7775915647719,414.5508117675781,21556300,3.0,0.0,Lockheed Martin,LMT,Defence
2023-06-30 00:00:00+00:00,416.0353564912113,436.1742636084084,414.0000018736303,429.834716796875,19691100,0.0,0.0,Lockheed Martin,LMT,Defence
2023-07-31 00:00:00+00:00,429.4799232686545,447.68614734371175,415.1296965683383,416.7542419433594,24012100,0.0,0.0,Lockheed Martin,LMT,Defence
2023-08-31 00:00:00+00:00,417.370479717047,427.30446087907495,412.9542759341746,421.3972473144531,19349900,3.0,0.0,Lockheed Martin,LMT,Defence
2023-09-30 00:00:00+00:00,423.24882401146,424.72444966179125,381.32994364462286,384.3751831054688,23738200,0.0,0.0,Lockheed Martin,LMT,Defence
2023-10-31 00:00:00+00:00,384.3751643726447,427.7696467857239,370.098276387038,427.3091125488281,37177900,0.0,0.0,Lockheed Martin,LMT,Defence
2023-11-30 00:00:00+00:00,428.8974629299349,430.6738415016926,413.2484501091994,423.852294921875,25202500,3.15,0.0,Lockheed Martin,LMT,Defence
2023-12-31 00:00:00+00:00,424.4486336774324,429.9294024469835,415.2762439410726,429.0300903320313,22110000,0.0,0.0,Lockheed Martin,LMT,Defence
2024-01-31 00:00:00+00:00,430.0334952233477,441.3641337568719,402.8381575967512,406.4730529785156,25136100,0.0,0.0,Lockheed Martin,LMT,Defence
2024-02-29 00:00:00+00:00,407.249231590907,411.7833330520329,391.8103882754098,408.3396911621094,22941300,3.15,0.0,Lockheed Martin,LMT,Defence
2024-03-31 00:00:00+00:00,408.0155111659743,435.868075579668,404.2967497125604,433.732177734375,23629600,0.0,0.0,Lockheed Martin,LMT,Defence
2024-04-30 00:00:00+00:00,433.036080994107,451.5345766900441,422.26121828272034,443.3246765136719,24563500,0.0,0.0,Lockheed Martin,LMT,Defence
2024-05-31 00:00:00+00:00,441.1124583433568,450.39988096994034,430.8048379938158,448.4832458496094,18391600,0.0,0.0,Lockheed Martin,LMT,Defence
2024-06-30 00:00:00+00:00,447.3409516328372,456.6429627247138,436.2438058350544,448.39691162109375,21592800,3.15,0.0,Lockheed Martin,LMT,Defence
2024-07-31 00:00:00+00:00,451.9199462988505,525.0976168334138,437.8469094649131,520.2210083007812,22658700,0.0,0.0,Lockheed Martin,LMT,Defence
2024-08-31 00:00:00+00:00,522.2561684566416,546.3031308603258,515.2484427152895,545.3527221679688,21051900,0.0,0.0,Lockheed Martin,LMT,Defence
2024-09-30 00:00:00+00:00,547.6501743521382,564.6590173927128,541.6073309042962,564.2825317382812,19549800,3.15,0.0,Lockheed Martin,LMT,Defence
2024-10-31 00:00:00+00:00,565.788328756571,597.4795780249221,523.8455797903674,527.1083374023438,23435500,0.0,0.0,Lockheed Martin,LMT,Defence
2024-11-30 00:00:00+00:00,528.9907776305666,556.4344805083699,497.03895007050784,511.0455322265625,25487500,0.0,0.0,Lockheed Martin,LMT,Defence
2024-12-31 00:00:00+00:00,510.2102402322231,511.7061232579888,463.64291160673525,472.0257873535156,26773700,3.3,0.0,Lockheed Martin,LMT,Defence
2025-01-31 00:00:00+00:00,472.0258118324619,494.9597250484197,436.532067431652,449.694091796875,29013600,0.0,0.0,Lockheed Martin,LMT,Defence
2025-02-28 00:00:00+00:00,445.6628932440388,448.1204490545985,407.6824811066357,437.4742736816406,32404200,0.0,0.0,Lockheed Martin,LMT,Defence
2025-03-31 00:00:00+00:00,443.1497777850913,483.5927477846551,415.193006771529,437.12200927734375,38547000,3.3,0.0,Lockheed Martin,LMT,Defence
2025-04-30 00:00:00+00:00,438.384311962776,473.4061621183628,409.8893617469648,467.4958190917969,34643800,0.0,0.0,Lockheed Martin,LMT,Defence
2025-05-31 00:00:00+00:00,465.7833467878895,480.52991928310087,435.5074360136289,472.02642822265625,28067100,0.0,0.0,Lockheed Martin,LMT,Defence
2025-06-30 00:00:00+00:00,471.2184805651351,481.1106714585229,436.881606971381,456.3211059570313,35443300,3.3,0.0,Lockheed Martin,LMT,Defence
2025-07-31 00:00:00+00:00,456.1831786932105,467.77001595902414,404.0718672203395,414.7818603515625,44385500,0.0,0.0,Lockheed Martin,LMT,Defence
2025-08-31 00:00:00+00:00,414.5650821635193,453.12878237762544,410.86043171850616,448.9216613769531,31969600,0.0,0.0,Lockheed Martin,LMT,Defence
2025-09-30 00:00:00+00:00,450.3805853955242,496.1233244858527,443.3241630054388,495.4484252929688,28390900,3.3,0.0,Lockheed Martin,LMT,Defence
2025-10-31 00:00:00+00:00,492.43135820931474,512.1119117936228,476.2541575558048,488.1736755371094,30142100,0.0,0.0,Lockheed Martin,LMT,Defence
2025-11-30 00:00:00+00:00,487.3003071271434,487.8064739610068,445.1006881615923,454.4100036621094,24837400,0.0,0.0,Lockheed Martin,LMT,Defence
2025-12-31 00:00:00+00:00,453.2799987792969,491.7000122070313,437.25,483.6700134277344,29221300,3.45,0.0,Lockheed Martin,LMT,Defence
2026-01-31 00:00:00+00:00,483.25,542.8699951171875,476.5400085449219,518.4400024414062,14114000,0.0,0.0,Lockheed Martin,LMT,Defence
2020-09-30 00:00:00+00:00,102.5,102.5,97.5,97.8000030517578,490660,0.0,0.0,Lucid Group,LCID,Meme/Speculative
2020-10-31 00:00:00+00:00,98.5,98.5,96.0,96.3000030517578,3025540,0.0,0.0,Lucid Group,LCID,Meme/Speculative
2020-11-30 00:00:00+00:00,96.3000030517578,99.0,96.0,98.8000030517578,1335760,0.0,0.0,Lucid Group,LCID,Meme/Speculative
2020-12-31 00:00:00+00:00,98.6999969482422,101.8000030517578,98.1999969482422,100.0999984741211,4273230,0.0,0.0,Lucid Group,LCID,Meme/Speculative
2021-01-31 00:00:00+00:00,100.3000030517578,273.0,100.0,228.8000030517578,112973170,0.0,0.0,Lucid Group,LCID,Meme/Speculative
2021-02-28 00:00:00+00:00,236.3999938964844,648.5999755859375,227.3000030517578,307.5,140428070,0.0,0.0,Lucid Group,LCID,Meme/Speculative
2021-03-31 00:00:00+00:00,324.8999938964844,329.70001220703125,204.0,231.8000030517578,71797930,0.0,0.0,Lucid Group,LCID,Meme/Speculative
2021-04-30 00:00:00+00:00,242.5,249.6000061035156,176.1999969482422,210.8999938964844,36422780,0.0,0.0,Lucid Group,LCID,Meme/Speculative
2021-05-31 00:00:00+00:00,211.8999938964844,211.8999938964844,172.5,197.1999969482422,19859690,0.0,0.0,Lucid Group,LCID,Meme/Speculative
2021-06-30 00:00:00+00:00,200.0,289.5,197.8000030517578,288.20001220703125,29123160,0.0,0.0,Lucid Group,LCID,Meme/Speculative
2021-07-31 00:00:00+00:00,289.8999938964844,298.1000061035156,209.0,237.1999969482422,26202910,0.0,0.0,Lucid Group,LCID,Meme/Speculative
2021-08-31 00:00:00+00:00,241.92999267578125,252.3999938964844,198.6000061035156,199.6000061035156,18640880,0.0,0.0,Lucid Group,LCID,Meme/Speculative
2021-09-30 00:00:00+00:00,161.1999969482422,283.8999938964844,161.1999969482422,253.8000030517578,110029110,0.0,0.0,Lucid Group,LCID,Meme/Speculative
2021-10-31 00:00:00+00:00,255.1000061035156,416.0,221.1000061035156,369.8999938964844,108637370,0.0,0.0,Lucid Group,LCID,Meme/Speculative
2021-11-30 00:00:00+00:00,399.9500122070313,577.5,330.20001220703125,529.7999877929688,215506240,0.0,0.0,Lucid Group,LCID,Meme/Speculative
2021-12-31 00:00:00+00:00,540.7999877929688,562.4000244140625,355.29998779296875,380.5,134538240,0.0,0.0,Lucid Group,LCID,Meme/Speculative
2022-01-31 00:00:00+00:00,385.5,475.8999938964844,256.3299865722656,293.8999938964844,93007060,0.0,0.0,Lucid Group,LCID,Meme/Speculative
2022-02-28 00:00:00+00:00,305.25,308.5,217.6999969482422,289.79998779296875,54919190,0.0,0.0,Lucid Group,LCID,Meme/Speculative
2022-03-31 00:00:00+00:00,244.8500061035156,281.3500061035156,204.8999938964844,254.0,58960990,0.0,0.0,Lucid Group,LCID,Meme/Speculative
2022-04-30 00:00:00+00:00,253.8999938964844,261.6000061035156,175.0,180.8000030517578,43145390,0.0,0.0,Lucid Group,LCID,Meme/Speculative
2022-05-31 00:00:00+00:00,180.8000030517578,207.25,132.5,201.8000030517578,55180670,0.0,0.0,Lucid Group,LCID,Meme/Speculative
2022-06-30 00:00:00+00:00,203.0,205.4499969482422,153.0,171.60000610351562,38185280,0.0,0.0,Lucid Group,LCID,Meme/Speculative
2022-07-31 00:00:00+00:00,170.5500030517578,217.8000030517578,163.5,182.5,30278240,0.0,0.0,Lucid Group,LCID,Meme/Speculative
2022-08-31 00:00:00+00:00,182.1000061035156,206.1999969482422,148.89999389648438,153.39999389648438,40041570,0.0,0.0,Lucid Group,LCID,Meme/Speculative
2022-09-30 00:00:00+00:00,152.10000610351562,176.89999389648438,135.8000030517578,139.6999969482422,38960880,0.0,0.0,Lucid Group,LCID,Meme/Speculative
2022-10-31 00:00:00+00:00,140.0,156.8000030517578,118.6999969482422,142.89999389648438,38177820,0.0,0.0,Lucid Group,LCID,Meme/Speculative
2022-11-30 00:00:00+00:00,146.6999969482422,148.39999389648438,97.0,101.4000015258789,51871570,0.0,0.0,Lucid Group,LCID,Meme/Speculative
2022-12-31 00:00:00+00:00,101.0500030517578,102.3499984741211,61.79999923706055,68.30000305175781,64439920,0.0,0.0,Lucid Group,LCID,Meme/Speculative
2023-01-31 00:00:00+00:00,69.69999694824219,178.10000610351562,60.900001525878906,116.9000015258789,85868340,0.0,0.0,Lucid Group,LCID,Meme/Speculative
2023-02-28 00:00:00+00:00,115.1999969482422,130.39999389648438,81.0,91.3000030517578,55642030,0.0,0.0,Lucid Group,LCID,Meme/Speculative
2023-03-31 00:00:00+00:00,89.69999694824219,91.8000030517578,71.69999694824219,80.4000015258789,39490790,0.0,0.0,Lucid Group,LCID,Meme/Speculative
2023-04-30 00:00:00+00:00,79.5,88.69999694824219,66.3499984741211,79.4000015258789,31723160,0.0,0.0,Lucid Group,LCID,Meme/Speculative
2023-05-31 00:00:00+00:00,79.4000015258789,80.94999694824219,68.5,77.5999984741211,34654580,0.0,0.0,Lucid Group,LCID,Meme/Speculative
2023-06-30 00:00:00+00:00,67.80000305175781,71.80000305175781,54.59999847412109,68.9000015258789,124260400,0.0,0.0,Lucid Group,LCID,Meme/Speculative
2023-07-31 00:00:00+00:00,70.5999984741211,83.69999694824219,66.0,76.0999984741211,113821890,0.0,0.0,Lucid Group,LCID,Meme/Speculative
2023-08-31 00:00:00+00:00,74.6500015258789,74.6500015258789,58.0,62.79999923706055,76353040,0.0,0.0,Lucid Group,LCID,Meme/Speculative
2023-09-30 00:00:00+00:00,62.900001525878906,64.5,49.70000076293945,55.900001525878906,50536040,0.0,0.0,Lucid Group,LCID,Meme/Speculative
2023-10-31 00:00:00+00:00,55.70000076293945,56.79999923706055,39.79999923706055,41.20000076293945,62690740,0.0,0.0,Lucid Group,LCID,Meme/Speculative
2023-11-30 00:00:00+00:00,41.29999923706055,48.5,36.20000076293945,42.20000076293945,59335000,0.0,0.0,Lucid Group,LCID,Meme/Speculative
2023-12-31 00:00:00+00:00,41.70000076293945,53.09999847412109,40.900001525878906,42.09999847412109,82294580,0.0,0.0,Lucid Group,LCID,Meme/Speculative
2024-01-31 00:00:00+00:00,41.70000076293945,42.900001525878906,25.399999618530277,33.79999923706055,107006610,0.0,0.0,Lucid Group,LCID,Meme/Speculative
2024-02-29 00:00:00+00:00,35.20000076293945,39.20000076293945,28.799999237060547,33.0,68488810,0.0,0.0,Lucid Group,LCID,Meme/Speculative
2024-03-31 00:00:00+00:00,33.099998474121094,34.400001525878906,25.899999618530277,28.5,59431910,0.0,0.0,Lucid Group,LCID,Meme/Speculative
2024-04-30 00:00:00+00:00,28.899999618530277,29.100000381469727,22.899999618530277,25.5,42322620,0.0,0.0,Lucid Group,LCID,Meme/Speculative
2024-05-31 00:00:00+00:00,25.0,33.5,24.899999618530277,28.399999618530277,59656250,0.0,0.0,Lucid Group,LCID,Meme/Speculative
2024-06-30 00:00:00+00:00,28.75,29.899999618530277,24.799999237060547,26.100000381469727,34614070,0.0,0.0,Lucid Group,LCID,Meme/Speculative
2024-07-31 00:00:00+00:00,26.5,43.20000076293945,26.0,35.20000076293945,97225020,0.0,0.0,Lucid Group,LCID,Meme/Speculative
2024-08-31 00:00:00+00:00,35.400001525878906,44.29999923706055,28.0,40.20000076293945,81662000,0.0,0.0,Lucid Group,LCID,Meme/Speculative
2024-09-30 00:00:00+00:00,40.400001525878906,42.84999847412109,33.70000076293945,35.29999923706055,65192140,0.0,0.0,Lucid Group,LCID,Meme/Speculative
2024-10-31 00:00:00+00:00,35.20000076293945,35.20000076293945,22.0,22.100000381469727,106057400,0.0,0.0,Lucid Group,LCID,Meme/Speculative
2024-11-30 00:00:00+00:00,22.5,24.100000381469727,19.299999237060547,21.799999237060547,143860350,0.0,0.0,Lucid Group,LCID,Meme/Speculative
2024-12-31 00:00:00+00:00,21.899999618530277,35.20000076293945,20.600000381469727,30.200000762939453,225369370,0.0,0.0,Lucid Group,LCID,Meme/Speculative
2025-01-31 00:00:00+00:00,30.299999237060547,36.400001525878906,26.100000381469727,27.600000381469727,165897560,0.0,0.0,Lucid Group,LCID,Meme/Speculative
2025-02-28 00:00:00+00:00,26.649999618530277,35.900001525878906,20.899999618530277,22.200000762939453,174232450,0.0,0.0,Lucid Group,LCID,Meme/Speculative
2025-03-31 00:00:00+00:00,22.649999618530277,25.700000762939453,19.899999618530277,24.200000762939453,203270970,0.0,0.0,Lucid Group,LCID,Meme/Speculative
2025-04-30 00:00:00+00:00,24.399999618530277,26.600000381469727,20.600000381469727,25.100000381469727,231506190,0.0,0.0,Lucid Group,LCID,Meme/Speculative
2025-05-31 00:00:00+00:00,25.149999618530277,30.0,22.100000381469727,22.299999237060547,283867010,0.0,0.0,Lucid Group,LCID,Meme/Speculative
2025-06-30 00:00:00+00:00,22.600000381469727,22.899999618530277,20.799999237060547,21.100000381469727,276172040,0.0,0.0,Lucid Group,LCID,Meme/Speculative
2025-07-31 00:00:00+00:00,21.0,33.70000076293945,19.799999237060547,24.600000381469727,392854940,0.0,0.0,Lucid Group,LCID,Meme/Speculative
2025-08-31 00:00:00+00:00,23.799999237060547,24.850000381469727,19.700000762939453,19.799999237060547,172547290,0.0,0.0,Lucid Group,LCID,Meme/Speculative
2025-09-30 00:00:00+00:00,18.93000030517578,24.530000686645508,15.25,23.790000915527344,265453400,0.0,0.1,Lucid Group,LCID,Meme/Speculative
2025-10-31 00:00:00+00:00,23.8799991607666,25.229999542236328,17.43000030517578,17.75,205796200,0.0,0.0,Lucid Group,LCID,Meme/Speculative
2025-11-30 00:00:00+00:00,17.719999313354492,18.100000381469727,11.460000038146973,13.630000114440918,186252900,0.0,0.0,Lucid Group,LCID,Meme/Speculative
2025-12-31 00:00:00+00:00,13.244999885559082,14.260000228881836,10.454999923706056,10.56999969482422,165416000,0.0,0.0,Lucid Group,LCID,Meme/Speculative
2026-01-31 00:00:00+00:00,10.729999542236328,12.170000076293944,10.6850004196167,11.239999771118164,36567300,0.0,0.0,Lucid Group,LCID,Meme/Speculative
2016-01-31 00:00:00+00:00,26.559999465942383,30.559999465942383,20.63999938964844,28.799999237060547,47976,0.0,0.0,Marathon Digital,MARA,Meme/Speculative
2016-02-29 00:00:00+00:00,27.84000015258789,45.91999816894531,27.84000015258789,35.20000076293945,35177,0.0,0.0,Marathon Digital,MARA,Meme/Speculative
2016-03-31 00:00:00+00:00,36.0,37.27999877929688,27.36000061035156,31.84000015258789,76880,0.0,0.0,Marathon Digital,MARA,Meme/Speculative
2016-04-30 00:00:00+00:00,31.68000030517578,41.91999816894531,26.07999992370605,28.63999938964844,126366,0.0,0.0,Marathon Digital,MARA,Meme/Speculative
2016-05-31 00:00:00+00:00,28.0,45.119998931884766,22.559999465942383,42.880001068115234,146590,0.0,0.0,Marathon Digital,MARA,Meme/Speculative
2016-06-30 00:00:00+00:00,44.0,46.880001068115234,35.68000030517578,43.84000015258789,86292,0.0,0.0,Marathon Digital,MARA,Meme/Speculative
2016-07-31 00:00:00+00:00,44.79999923706055,50.08000183105469,41.27999877929688,47.36000061035156,47958,0.0,0.0,Marathon Digital,MARA,Meme/Speculative
2016-08-31 00:00:00+00:00,46.880001068115234,55.040000915527344,43.20000076293945,46.08000183105469,67516,0.0,0.0,Marathon Digital,MARA,Meme/Speculative
2016-09-30 00:00:00+00:00,45.119998931884766,47.84000015258789,41.43999862670898,44.959999084472656,32540,0.0,0.0,Marathon Digital,MARA,Meme/Speculative
2016-10-31 00:00:00+00:00,44.959999084472656,44.959999084472656,32.63999938964844,35.20000076293945,47011,0.0,0.0,Marathon Digital,MARA,Meme/Speculative
2016-11-30 00:00:00+00:00,36.31999969482422,41.7599983215332,26.71999931335449,28.959999084472656,120303,0.0,0.0,Marathon Digital,MARA,Meme/Speculative
2016-12-31 00:00:00+00:00,29.280000686645508,29.440000534057617,23.040000915527344,27.520000457763672,153216,0.0,0.0,Marathon Digital,MARA,Meme/Speculative
2017-01-31 00:00:00+00:00,25.440000534057617,36.63999938964844,25.440000534057617,28.0,248183,0.0,0.0,Marathon Digital,MARA,Meme/Speculative
2017-02-28 00:00:00+00:00,28.15999984741211,28.959999084472656,20.479999542236328,22.399999618530277,180846,0.0,0.0,Marathon Digital,MARA,Meme/Speculative
2017-03-31 00:00:00+00:00,22.8799991607666,23.36000061035156,10.079999923706056,16.31999969482422,367641,0.0,0.0,Marathon Digital,MARA,Meme/Speculative
2017-04-30 00:00:00+00:00,16.15999984741211,16.31999969482422,8.319999694824219,8.640000343322754,254216,0.0,0.0,Marathon Digital,MARA,Meme/Speculative
2017-05-31 00:00:00+00:00,8.800000190734863,9.760000228881836,2.559999942779541,3.680000066757202,1290110,0.0,0.0,Marathon Digital,MARA,Meme/Speculative
2017-06-30 00:00:00+00:00,3.359999895095825,8.800000190734863,2.0799999237060547,6.079999923706055,8811366,0.0,0.0,Marathon Digital,MARA,Meme/Speculative
2017-07-31 00:00:00+00:00,6.079999923706055,7.519999980926514,4.0,4.960000038146973,2609499,0.0,0.0,Marathon Digital,MARA,Meme/Speculative
2017-08-31 00:00:00+00:00,5.119999885559082,7.679999828338623,3.5199999809265137,7.039999961853027,2250797,0.0,0.0,Marathon Digital,MARA,Meme/Speculative
2017-09-30 00:00:00+00:00,7.039999961853027,9.279999732971191,5.440000057220459,6.880000114440918,3565366,0.0,0.0,Marathon Digital,MARA,Meme/Speculative
2017-10-31 00:00:00+00:00,6.880000114440918,7.519999980926514,4.0,6.159999847412109,1584677,0.0,0.25,Marathon Digital,MARA,Meme/Speculative
2017-11-30 00:00:00+00:00,6.119999885559082,40.119998931884766,4.760000228881836,16.68000030517578,41153000,0.0,0.0,Marathon Digital,MARA,Meme/Speculative
2017-12-31 00:00:00+00:00,19.600000381469727,28.1200008392334,15.68000030517578,16.399999618530273,33532650,0.0,0.0,Marathon Digital,MARA,Meme/Speculative
2018-01-31 00:00:00+00:00,16.399999618530273,20.239999771118164,11.479999542236328,12.84000015258789,12366725,0.0,0.0,Marathon Digital,MARA,Meme/Speculative
2018-02-28 00:00:00+00:00,12.4399995803833,13.199999809265137,8.760000228881836,8.920000076293945,2821650,0.0,0.0,Marathon Digital,MARA,Meme/Speculative
2018-03-31 00:00:00+00:00,8.920000076293945,10.199999809265137,4.400000095367432,4.480000019073486,13528125,0.0,0.0,Marathon Digital,MARA,Meme/Speculative
2018-04-30 00:00:00+00:00,4.71999979019165,8.399999618530273,3.680000066757202,7.239999771118164,14480150,0.0,0.0,Marathon Digital,MARA,Meme/Speculative
2018-05-31 00:00:00+00:00,6.760000228881836,7.199999809265137,5.0,5.559999942779541,5864025,0.0,0.0,Marathon Digital,MARA,Meme/Speculative
2018-06-30 00:00:00+00:00,5.519999980926514,5.599999904632568,3.5999999046325684,3.680000066757202,2799200,0.0,0.0,Marathon Digital,MARA,Meme/Speculative
2018-07-31 00:00:00+00:00,3.640000104904175,6.239999771118164,3.2799999713897705,4.199999809265137,12885425,0.0,0.0,Marathon Digital,MARA,Meme/Speculative
2018-08-31 00:00:00+00:00,4.199999809265137,4.320000171661377,3.319999933242798,3.920000076293945,4388450,0.0,0.0,Marathon Digital,MARA,Meme/Speculative
2018-09-30 00:00:00+00:00,4.159999847412109,4.28000020980835,2.799999952316284,2.9200000762939453,3435675,0.0,0.0,Marathon Digital,MARA,Meme/Speculative
2018-10-31 00:00:00+00:00,2.9600000381469727,2.9600000381469727,2.200000047683716,2.359999895095825,2609400,0.0,0.0,Marathon Digital,MARA,Meme/Speculative
2018-11-30 00:00:00+00:00,2.400000095367432,3.5999999046325684,2.2799999713897705,2.4800000190734863,2834350,0.0,0.0,Marathon Digital,MARA,Meme/Speculative
2018-12-31 00:00:00+00:00,2.440000057220459,2.5199999809265137,1.440000057220459,1.440000057220459,2012200,0.0,0.0,Marathon Digital,MARA,Meme/Speculative
2019-01-31 00:00:00+00:00,1.5199999809265137,1.8799999952316284,1.3200000524520874,1.3600000143051147,1305650,0.0,0.0,Marathon Digital,MARA,Meme/Speculative
2019-02-28 00:00:00+00:00,1.3600000143051147,3.1600000858306885,1.3200000524520874,2.5199999809265137,5926150,0.0,0.0,Marathon Digital,MARA,Meme/Speculative
2019-03-31 00:00:00+00:00,2.5999999046325684,2.759999990463257,1.8799999952316284,2.0799999237060547,1711875,0.0,0.0,Marathon Digital,MARA,Meme/Speculative
2019-04-30 00:00:00+00:00,2.119999885559082,3.9700000286102295,2.0799999237060547,2.950000047683716,17907825,0.0,0.25,Marathon Digital,MARA,Meme/Speculative
2019-05-31 00:00:00+00:00,2.9800000190734863,3.849999904632568,2.619999885559082,2.7300000190734863,16668100,0.0,0.0,Marathon Digital,MARA,Meme/Speculative
2019-06-30 00:00:00+00:00,2.7100000381469727,3.490000009536743,1.919999957084656,2.890000104904175,8239200,0.0,0.0,Marathon Digital,MARA,Meme/Speculative
2019-07-31 00:00:00+00:00,2.799999952316284,2.950000047683716,2.0199999809265137,2.0899999141693115,3618500,0.0,0.0,Marathon Digital,MARA,Meme/Speculative
2019-08-31 00:00:00+00:00,2.200000047683716,2.2699999809265137,1.5499999523162842,1.6699999570846558,2363800,0.0,0.0,Marathon Digital,MARA,Meme/Speculative
2019-09-30 00:00:00+00:00,1.6799999475479126,1.9299999475479128,1.6100000143051147,1.75,1021900,0.0,0.0,Marathon Digital,MARA,Meme/Speculative
2019-10-31 00:00:00+00:00,1.7599999904632568,1.7899999618530271,1.1200000047683716,1.350000023841858,1599400,0.0,0.0,Marathon Digital,MARA,Meme/Speculative
2019-11-30 00:00:00+00:00,1.340000033378601,1.4800000190734863,0.9200000166893004,1.2799999713897705,1754200,0.0,0.0,Marathon Digital,MARA,Meme/Speculative
2019-12-31 00:00:00+00:00,1.2300000190734863,1.3200000524520874,0.8600000143051147,0.8799999952316284,2284500,0.0,0.0,Marathon Digital,MARA,Meme/Speculative
2020-01-31 00:00:00+00:00,0.8799999952316284,1.1299999952316284,0.8799999952316284,1.0399999618530271,4896800,0.0,0.0,Marathon Digital,MARA,Meme/Speculative
2020-02-29 00:00:00+00:00,1.0399999618530271,1.350000023841858,0.800000011920929,0.8600000143051147,3608800,0.0,0.0,Marathon Digital,MARA,Meme/Speculative
2020-03-31 00:00:00+00:00,0.8700000047683716,0.949999988079071,0.3499999940395355,0.449999988079071,2018100,0.0,0.0,Marathon Digital,MARA,Meme/Speculative
2020-04-30 00:00:00+00:00,0.4600000083446502,0.5699999928474426,0.3799999952316284,0.449999988079071,14749000,0.0,0.0,Marathon Digital,MARA,Meme/Speculative
2020-05-31 00:00:00+00:00,0.449999988079071,1.1200000047683716,0.4099999964237213,0.699999988079071,130311600,0.0,0.0,Marathon Digital,MARA,Meme/Speculative
2020-06-30 00:00:00+00:00,0.7200000286102295,1.399999976158142,0.7099999785423279,0.9100000262260436,146544400,0.0,0.0,Marathon Digital,MARA,Meme/Speculative
2020-07-31 00:00:00+00:00,0.8999999761581421,2.190000057220459,0.8700000047683716,2.0299999713897705,300876200,0.0,0.0,Marathon Digital,MARA,Meme/Speculative
2020-08-31 00:00:00+00:00,3.109999895095825,5.25,2.0799999237060547,2.4800000190734863,659463600,0.0,0.0,Marathon Digital,MARA,Meme/Speculative
2020-09-30 00:00:00+00:00,2.5,2.809999942779541,1.4800000190734863,1.9600000381469729,118331100,0.0,0.0,Marathon Digital,MARA,Meme/Speculative
2020-10-31 00:00:00+00:00,2.009999990463257,3.109999895095825,1.8200000524520876,2.1600000858306885,243701600,0.0,0.0,Marathon Digital,MARA,Meme/Speculative
2020-11-30 00:00:00+00:00,2.119999885559082,6.28000020980835,2.059999942779541,6.28000020980835,488601500,0.0,0.0,Marathon Digital,MARA,Meme/Speculative
2020-12-31 00:00:00+00:00,5.860000133514404,14.65999984741211,4.5,10.4399995803833,802228500,0.0,0.0,Marathon Digital,MARA,Meme/Speculative
2021-01-31 00:00:00+00:00,12.479999542236328,28.3700008392334,10.529999732971191,20.739999771118164,1028680200,0.0,0.0,Marathon Digital,MARA,Meme/Speculative
2021-02-28 00:00:00+00:00,20.57999992370605,49.40999984741211,19.350000381469727,30.149999618530277,573219200,0.0,0.0,Marathon Digital,MARA,Meme/Speculative
2021-03-31 00:00:00+00:00,34.220001220703125,50.209999084472656,24.11000061035156,48.02000045776367,449074400,0.0,0.0,Marathon Digital,MARA,Meme/Speculative
2021-04-30 00:00:00+00:00,48.880001068115234,57.75,28.36000061035156,36.77999877929688,512717900,0.0,0.0,Marathon Digital,MARA,Meme/Speculative
2021-05-31 00:00:00+00:00,38.20000076293945,39.68000030517578,18.31999969482422,24.770000457763672,396048000,0.0,0.0,Marathon Digital,MARA,Meme/Speculative
2021-06-30 00:00:00+00:00,24.540000915527344,33.720001220703125,21.540000915527344,31.3700008392334,273395600,0.0,0.0,Marathon Digital,MARA,Meme/Speculative
2021-07-31 00:00:00+00:00,31.3700008392334,31.549999237060547,20.61000061035156,27.6299991607666,134709600,0.0,0.0,Marathon Digital,MARA,Meme/Speculative
2021-08-31 00:00:00+00:00,27.6299991607666,41.58000183105469,26.200000762939453,40.59000015258789,230228000,0.0,0.0,Marathon Digital,MARA,Meme/Speculative
2021-09-30 00:00:00+00:00,41.04999923706055,44.970001220703125,30.549999237060547,31.57999992370605,175749600,0.0,0.0,Marathon Digital,MARA,Meme/Speculative
2021-10-31 00:00:00+00:00,34.029998779296875,56.47999954223633,31.88999938964844,52.2400016784668,274055000,0.0,0.0,Marathon Digital,MARA,Meme/Speculative
2021-11-30 00:00:00+00:00,52.34000015258789,83.44999694824219,47.40999984741211,51.06999969482422,315675400,0.0,0.0,Marathon Digital,MARA,Meme/Speculative
2021-12-31 00:00:00+00:00,52.61000061035156,57.70000076293945,31.450000762939453,32.86000061035156,262737300,0.0,0.0,Marathon Digital,MARA,Meme/Speculative
2022-01-31 00:00:00+00:00,33.68000030517578,35.47999954223633,19.43000030517578,23.540000915527344,253847500,0.0,0.0,Marathon Digital,MARA,Meme/Speculative
2022-02-28 00:00:00+00:00,24.09000015258789,31.440000534057617,19.51000022888184,25.350000381469727,273381500,0.0,0.0,Marathon Digital,MARA,Meme/Speculative
2022-03-31 00:00:00+00:00,27.3700008392334,32.7400016784668,20.31999969482422,27.950000762939453,262013100,0.0,0.0,Marathon Digital,MARA,Meme/Speculative
2022-04-30 00:00:00+00:00,27.86000061035156,29.489999771118164,15.529999732971191,15.600000381469728,197761200,0.0,0.0,Marathon Digital,MARA,Meme/Speculative
2022-05-31 00:00:00+00:00,15.5600004196167,17.829999923706055,8.529999732971191,10.229999542236328,264808800,0.0,0.0,Marathon Digital,MARA,Meme/Speculative
2022-06-30 00:00:00+00:00,10.300000190734863,10.350000381469728,5.269999980926514,5.340000152587891,260651800,0.0,0.0,Marathon Digital,MARA,Meme/Speculative
2022-07-31 00:00:00+00:00,5.409999847412109,14.199999809265137,5.199999809265137,12.989999771118164,534294100,0.0,0.0,Marathon Digital,MARA,Meme/Speculative
2022-08-31 00:00:00+00:00,12.5,18.8799991607666,11.020000457763672,11.850000381469728,420980500,0.0,0.0,Marathon Digital,MARA,Meme/Speculative
2022-09-30 00:00:00+00:00,11.479999542236328,15.149999618530272,9.359999656677246,10.710000038146973,326844800,0.0,0.0,Marathon Digital,MARA,Meme/Speculative
2022-10-31 00:00:00+00:00,10.949999809265137,15.619999885559082,9.460000038146973,13.109999656677246,348718100,0.0,0.0,Marathon Digital,MARA,Meme/Speculative
2022-11-30 00:00:00+00:00,13.449999809265137,13.579999923706056,5.75,6.320000171661377,409737900,0.0,0.0,Marathon Digital,MARA,Meme/Speculative
2022-12-31 00:00:00+00:00,6.349999904632568,7.150000095367432,3.109999895095825,3.4200000762939453,345773500,0.0,0.0,Marathon Digital,MARA,Meme/Speculative
2023-01-31 00:00:00+00:00,3.5799999237060547,9.56999969482422,3.2799999713897705,7.210000038146973,828900300,0.0,0.0,Marathon Digital,MARA,Meme/Speculative
2023-02-28 00:00:00+00:00,7.170000076293945,8.65999984741211,5.510000228881836,7.099999904632568,642902900,0.0,0.0,Marathon Digital,MARA,Meme/Speculative
2023-03-31 00:00:00+00:00,7.179999828338623,9.119999885559082,5.130000114440918,8.720000267028809,776683600,0.0,0.0,Marathon Digital,MARA,Meme/Speculative
2023-04-30 00:00:00+00:00,8.539999961853027,12.829999923706056,7.650000095367432,10.06999969482422,710965400,0.0,0.0,Marathon Digital,MARA,Meme/Speculative
2023-05-31 00:00:00+00:00,9.760000228881836,10.720000267028809,8.520000457763672,9.789999961853027,677362000,0.0,0.0,Marathon Digital,MARA,Meme/Speculative
2023-06-30 00:00:00+00:00,9.65999984741211,14.619999885559082,8.470000267028809,13.859999656677246,980995500,0.0,0.0,Marathon Digital,MARA,Meme/Speculative
2023-07-31 00:00:00+00:00,14.050000190734863,19.8799991607666,13.949999809265137,17.3700008392334,796974600,0.0,0.0,Marathon Digital,MARA,Meme/Speculative
2023-08-31 00:00:00+00:00,16.860000610351562,17.399999618530273,10.260000228881836,12.56999969482422,644706200,0.0,0.0,Marathon Digital,MARA,Meme/Speculative
2023-09-30 00:00:00+00:00,12.529999732971191,12.739999771118164,7.909999847412109,8.5,501500300,0.0,0.0,Marathon Digital,MARA,Meme/Speculative
2023-10-31 00:00:00+00:00,9.199999809265137,10.720000267028809,7.159999847412109,8.8100004196167,779813400,0.0,0.0,Marathon Digital,MARA,Meme/Speculative
2023-11-30 00:00:00+00:00,9.0,12.630000114440918,8.390000343322754,11.970000267028809,909710900,0.0,0.0,Marathon Digital,MARA,Meme/Speculative
2023-12-31 00:00:00+00:00,12.199999809265137,31.299999237060547,12.18000030517578,23.489999771118164,1583785700,0.0,0.0,Marathon Digital,MARA,Meme/Speculative
2024-01-31 00:00:00+00:00,26.63999938964844,29.18000030517578,14.619999885559082,17.729999542236328,2040592300,0.0,0.0,Marathon Digital,MARA,Meme/Speculative
2024-02-29 00:00:00+00:00,17.760000228881836,34.09000015258789,16.139999389648438,25.899999618530277,1647450000,0.0,0.0,Marathon Digital,MARA,Meme/Speculative
2024-03-31 00:00:00+00:00,26.530000686645508,29.3799991607666,17.399999618530273,22.57999992370605,1363977500,0.0,0.0,Marathon Digital,MARA,Meme/Speculative
2024-04-30 00:00:00+00:00,22.020000457763672,22.5,14.18000030517578,16.059999465942383,904289100,0.0,0.0,Marathon Digital,MARA,Meme/Speculative
2024-05-31 00:00:00+00:00,15.739999771118164,22.86000061035156,15.630000114440918,19.520000457763672,1043252900,0.0,0.0,Marathon Digital,MARA,Meme/Speculative
2024-06-30 00:00:00+00:00,20.209999084472656,22.049999237060547,17.600000381469727,19.850000381469727,893877700,0.0,0.0,Marathon Digital,MARA,Meme/Speculative
2024-07-31 00:00:00+00:00,20.32999992370605,27.299999237060547,18.780000686645508,19.670000076293945,1052067200,0.0,0.0,Marathon Digital,MARA,Meme/Speculative
2024-08-31 00:00:00+00:00,19.71999931335449,19.979999542236328,13.65999984741211,16.700000762939453,767810100,0.0,0.0,Marathon Digital,MARA,Meme/Speculative
2024-09-30 00:00:00+00:00,16.5,18.25,13.170000076293944,16.219999313354492,670094200,0.0,0.0,Marathon Digital,MARA,Meme/Speculative
2024-10-31 00:00:00+00:00,16.1299991607666,19.940000534057617,14.670000076293944,16.770000457763672,945978100,0.0,0.0,Marathon Digital,MARA,Meme/Speculative
2024-11-30 00:00:00+00:00,16.93000030517578,30.280000686645508,15.3100004196167,27.420000076293945,1674032300,0.0,0.0,Marathon Digital,MARA,Meme/Speculative
2024-12-31 00:00:00+00:00,26.84000015258789,28.06999969482422,16.639999389648438,16.770000457763672,1142193700,0.0,0.0,Marathon Digital,MARA,Meme/Speculative
2025-01-31 00:00:00+00:00,17.469999313354492,21.18000030517578,16.399999618530273,18.34000015258789,786697000,0.0,0.0,Marathon Digital,MARA,Meme/Speculative
2025-02-28 00:00:00+00:00,16.920000076293945,18.299999237060547,12.050000190734863,13.920000076293944,657675000,0.0,0.0,Marathon Digital,MARA,Meme/Speculative
2025-03-31 00:00:00+00:00,15.31999969482422,16.239999771118164,11.289999961853027,11.5,869087600,0.0,0.0,Marathon Digital,MARA,Meme/Speculative
2025-04-30 00:00:00+00:00,11.649999618530272,14.770000457763672,9.8100004196167,13.369999885559082,764747800,0.0,0.0,Marathon Digital,MARA,Meme/Speculative
2025-05-31 00:00:00+00:00,13.93000030517578,17.239999771118164,12.630000114440918,14.119999885559082,1029161300,0.0,0.0,Marathon Digital,MARA,Meme/Speculative
2025-06-30 00:00:00+00:00,14.020000457763672,16.729999542236328,13.489999771118164,15.68000030517578,929556300,0.0,0.0,Marathon Digital,MARA,Meme/Speculative
2025-07-31 00:00:00+00:00,15.359999656677246,21.5,15.289999961853027,16.079999923706055,1126721600,0.0,0.0,Marathon Digital,MARA,Meme/Speculative
2025-08-31 00:00:00+00:00,15.470000267028809,16.6299991607666,14.479999542236328,15.979999542236328,903188600,0.0,0.0,Marathon Digital,MARA,Meme/Speculative
2025-09-30 00:00:00+00:00,15.65999984741211,19.290000915527344,14.609999656677246,18.26000022888184,1480448000,0.0,0.0,Marathon Digital,MARA,Meme/Speculative
2025-10-31 00:00:00+00:00,18.86000061035156,23.450000762939453,17.649999618530273,18.270000457763672,1151424800,0.0,0.0,Marathon Digital,MARA,Meme/Speculative
2025-11-30 00:00:00+00:00,18.61000061035156,18.690000534057617,9.710000038146973,11.8100004196167,900867900,0.0,0.0,Marathon Digital,MARA,Meme/Speculative
2025-12-31 00:00:00+00:00,11.079999923706056,12.869999885559082,8.949999809265137,8.979999542236328,841872200,0.0,0.0,Marathon Digital,MARA,Meme/Speculative
2026-01-31 00:00:00+00:00,9.1899995803833,10.729999542236328,9.029999732971191,10.4399995803833,182871000,0.0,0.0,Marathon Digital,MARA,Meme/Speculative
2016-01-31 00:00:00+00:00,45.97829569757254,48.23738861083984,42.99247190358706,48.23738861083984,695219200,0.0,0.0,Microsoft,MSFT,Technology
2016-02-29 00:00:00+00:00,48.053503343372086,48.23738073971701,42.1956775445878,44.87093353271485,814770900,0.36,0.0,Microsoft,MSFT,Technology
2016-03-31 00:00:00+00:00,44.95031143022364,49.068754640418206,44.60636471687841,48.70719146728516,641110900,0.0,0.0,Microsoft,MSFT,Technology
2016-04-30 00:00:00+00:00,48.54845106599353,50.0653006857946,43.52162620983273,43.9802131652832,699025700,0.0,0.0,Microsoft,MSFT,Technology
2016-05-31 00:00:00+00:00,44.0948698088536,47.067481994628906,43.61863544173949,47.067481994628906,530704800,0.36,0.0,Microsoft,MSFT,Technology
2016-06-30 00:00:00+00:00,46.57016595006621,47.02308137228447,42.662688032922816,45.44232177734375,823627000,0.0,0.0,Microsoft,MSFT,Technology
2016-07-31 00:00:00+00:00,45.40679265020288,50.87728186464136,44.74962820061964,50.33555603027344,647587800,0.0,0.0,Microsoft,MSFT,Technology
2016-08-31 00:00:00+00:00,50.26453110382495,52.45435842951013,49.85602158240193,51.34629440307617,467078900,0.36,0.0,Microsoft,MSFT,Technology
2016-09-30 00:00:00+00:00,50.9441771237338,51.99862357937929,49.693139366625694,51.47140121459961,526427800,0.0,0.0,Microsoft,MSFT,Technology
2016-10-31 00:00:00+00:00,51.301631438685504,54.84027919216236,50.32759517314113,53.544551849365234,614841800,0.0,0.0,Microsoft,MSFT,Technology
2016-11-30 00:00:00+00:00,53.58923077393775,55.24672306026306,51.18545231568966,54.212158203125,613056800,0.39,0.0,Microsoft,MSFT,Technology
2016-12-31 00:00:00+00:00,54.07720335470178,57.66674728841176,52.8986712967948,55.90346908569336,513579700,0.0,0.0,Microsoft,MSFT,Technology
2017-01-31 00:00:00+00:00,56.48823563013914,59.29511508236867,55.73254099201749,58.16156005859375,493453500,0.0,0.0,Microsoft,MSFT,Technology
2017-02-28 00:00:00+00:00,57.90067170780073,59.04815889397213,56.45225110926352,57.907745361328125,440744000,0.39,0.0,Microsoft,MSFT,Technology
2017-03-31 00:00:00+00:00,58.04350929759411,59.90801875596014,57.58192528022752,59.609336853027344,489169700,0.0,0.0,Microsoft,MSFT,Technology
2017-04-30 00:00:00+00:00,59.5640694286276,62.57800963993918,58.69519914978135,61.962547302246094,433191200,0.0,0.0,Microsoft,MSFT,Technology
2017-05-31 00:00:00+00:00,62.16167558608122,64.39316260588247,61.11615841435676,63.57390975952149,517218500,0.39,0.0,Microsoft,MSFT,Technology
2017-06-30 00:00:00+00:00,63.938019761007006,66.35026150060533,61.98091860345703,62.74555206298828,629716800,0.0,0.0,Microsoft,MSFT,Technology
2017-07-31 00:00:00+00:00,63.10969210942451,67.74299352950507,61.91722100179131,66.17732238769531,469851200,0.0,0.0,Microsoft,MSFT,Technology
2017-08-31 00:00:00+00:00,66.54141161101589,68.59808638298367,64.88472007180661,68.42420959472656,444070500,0.39,0.0,Microsoft,MSFT,Technology
2017-09-30 00:00:00+00:00,68.36931173765286,69.52238820897045,66.73123366241944,68.16798400878906,375983900,0.0,0.0,Microsoft,MSFT,Technology
2017-10-31 00:00:00+00:00,68.36932069211859,78.88416531646718,67.45417582192748,76.12045288085938,449950000,0.0,0.0,Microsoft,MSFT,Technology
2017-11-30 00:00:00+00:00,76.57801751539643,78.2318273756663,75.63820283505135,77.41326904296875,421926000,0.42,0.0,Microsoft,MSFT,Technology
2017-12-31 00:00:00+00:00,76.88902596835317,80.47597977176999,74.2218271130561,78.67329406738281,466203300,0.0,0.0,Microsoft,MSFT,Technology
2018-01-31 00:00:00+00:00,79.21590477005142,87.78777083236298,78.63648059701545,87.38309478759766,574258400,0.0,0.0,Microsoft,MSFT,Technology
2018-02-28 00:00:00+00:00,87.1807438953469,88.56051612761406,77.10056838334353,86.64774322509766,725663300,0.42,0.0,Microsoft,MSFT,Technology
2018-03-31 00:00:00+00:00,86.85103397949682,89.85420262470521,80.46590067364919,84.33763122558594,750754800,0.0,0.0,Microsoft,MSFT,Technology
2018-04-30 00:00:00+00:00,83.59838624228767,90.46406985190922,80.86321277703146,86.416748046875,668130700,0.0,0.0,Microsoft,MSFT,Technology
2018-05-31 00:00:00+00:00,86.13029728585327,92.79580607721029,85.42800857068147,91.72854614257812,509417900,0.42,0.0,Microsoft,MSFT,Technology
2018-06-30 00:00:00+00:00,92.13687987165918,95.30154195293332,90.2622130728684,91.51507568359376,602585200,0.0,0.0,Microsoft,MSFT,Technology
2018-07-31 00:00:00+00:00,91.04175871211706,103.15284908428508,90.9489550720139,98.44763946533205,569352300,0.0,0.0,Microsoft,MSFT,Technology
2018-08-31 00:00:00+00:00,98.40122704173037,105.0683666151976,97.29682484850647,104.64913940429688,456628100,0.42,0.0,Microsoft,MSFT,Technology
2018-09-30 00:00:00+00:00,103.2702844085938,107.40669778788664,99.89783590130122,106.54964447021484,480255500,0.0,0.0,Microsoft,MSFT,Technology
2018-10-31 00:00:00+00:00,106.90361567372352,108.23584684901404,93.26471622713068,99.50655364990234,927548000,0.0,0.0,Microsoft,MSFT,Technology
2018-11-30 00:00:00+00:00,99.73014378160126,104.5652735494874,92.95650769634764,103.7538833618164,720228600,0.46,0.0,Microsoft,MSFT,Technology
2018-12-31 00:00:00+00:00,105.72808228502042,106.1210522050718,87.91334244490896,95.03363800048828,944314600,0.0,0.0,Microsoft,MSFT,Technology
2019-01-31 00:00:00+00:00,93.14362960626288,100.95627857211822,90.9448625191118,97.7095947265625,714212800,0.0,0.0,Microsoft,MSFT,Technology
2019-02-28 00:00:00+00:00,97.10142593470664,106.40512231938028,95.76345069522982,105.26817321777344,469095900,0.46,0.0,Microsoft,MSFT,Technology
2019-03-31 00:00:00+00:00,106.07625562295544,113.52760547193265,102.23311681409594,110.82146453857422,589095800,0.0,0.0,Microsoft,MSFT,Technology
2019-04-30 00:00:00+00:00,111.77048324001056,123.44085874099422,110.9717884720979,122.71736145019533,433157700,0.0,0.0,Microsoft,MSFT,Technology
2019-05-31 00:00:00+00:00,122.65156904480835,123.03955792949668,115.61363555025692,116.64517974853516,547218800,0.46,0.0,Microsoft,MSFT,Technology
2019-06-30 00:00:00+00:00,116.80551429055416,130.52798316889536,112.24081289065998,126.3404769897461,508324300,0.0,0.0,Microsoft,MSFT,Technology
2019-07-31 00:00:00+00:00,128.8585845057869,133.6213779047087,127.01009138392182,128.5190887451172,484079900,0.0,0.0,Microsoft,MSFT,Technology
2019-08-31 00:00:00+00:00,129.20758463289823,132.92348389495535,123.34133226669928,130.45162963867188,584482000,0.46,0.0,Microsoft,MSFT,Technology
2019-09-30 00:00:00+00:00,129.26879191180686,134.719264316293,127.28163539094666,131.55870056152344,472544800,0.0,0.0,Microsoft,MSFT,Technology
2019-10-31 00:00:00+00:00,132.15486932334264,137.8418996294701,126.06095465252228,135.66552734375,549523400,0.0,0.0,Microsoft,MSFT,Technology
2019-11-30 00:00:00+00:00,136.5076789591139,144.7958996814808,135.28700797569385,143.73251342773438,392371800,0.51,0.0,Microsoft,MSFT,Technology
2019-12-31 00:00:00+00:00,144.1407721356058,151.48978659351093,139.2414504222886,149.7332000732422,450303300,0.0,0.0,Microsoft,MSFT,Technology
2020-01-31 00:00:00+00:00,150.7586493016358,165.25722163927998,148.6033204049661,161.63018798828125,558530000,0.0,0.0,Microsoft,MSFT,Technology
2020-02-29 00:00:00+00:00,161.82009384934952,181.06607731281292,144.71532934299802,154.24559020996094,887522300,0.51,0.0,Microsoft,MSFT,Technology
2020-03-31 00:00:00+00:00,157.38750165763997,166.6130941024236,126.16890441932166,150.15170288085938,1612695500,0.0,0.0,Microsoft,MSFT,Technology
2020-04-30 00:00:00+00:00,145.6674295225216,171.75424866294946,143.15393223732946,170.6212921142578,984705000,0.0,0.0,Microsoft,MSFT,Technology
2020-05-31 00:00:00+00:00,167.37475277045658,178.52353817638254,165.4705926725567,174.95359802246094,688845000,0.51,0.0,Microsoft,MSFT,Technology
2020-06-30 00:00:00+00:00,174.27574875242263,195.1460467529927,173.13965861733251,194.2963409423828,764965400,0.0,0.0,Microsoft,MSFT,Technology
2020-07-31 00:00:00+00:00,193.9430788064438,206.5836617602041,188.56801058313243,195.7284240722656,770190800,0.0,0.0,Microsoft,MSFT,Technology
2020-08-31 00:00:00+00:00,201.9437341110618,221.2184569633577,193.94308641173365,215.8399200439453,692423900,0.51,0.0,Microsoft,MSFT,Technology
2020-09-30 00:00:00+00:00,215.8207831449392,222.85499356304223,187.8179990586898,201.2930145263672,768176300,0.0,0.0,Microsoft,MSFT,Technology
2020-10-31 00:00:00+00:00,204.31725660536156,215.5336427709229,191.04315299872275,193.7707061767578,631618000,0.0,0.0,Microsoft,MSFT,Technology
2020-11-30 00:00:00+00:00,195.5125128879064,218.3186372968472,191.52168197331252,205.4086761474609,573443000,0.56,0.0,Microsoft,MSFT,Technology
2020-12-31 00:00:00+00:00,205.83083759137517,217.988245497292,200.64937011560133,213.4208526611328,594761700,0.0,0.0,Microsoft,MSFT,Technology
2021-01-31 00:00:00+00:00,213.52635524032223,232.8227161724321,203.36485276551585,222.5748443603516,648076400,0.0,0.0,Microsoft,MSFT,Technology
2021-02-28 00:00:00+00:00,225.54945064457496,236.17151764085372,219.16356666865607,223.49143981933597,490962200,0.56,0.0,Microsoft,MSFT,Technology
2021-03-31 00:00:00+00:00,226.87677089593703,231.8297807493853,215.68200248101135,226.75173950195312,724945800,0.0,0.0,Microsoft,MSFT,Technology
2021-04-30 00:00:00+00:00,229.34845404428123,253.1229055083856,228.9445209279314,242.53402709960935,568661600,0.0,0.0,Microsoft,MSFT,Technology
2021-05-31 00:00:00+00:00,243.70742202677425,244.6210961840204,228.96374941275505,240.6841583251953,495084900,0.56,0.0,Microsoft,MSFT,Technology
2021-06-30 00:00:00+00:00,242.17830641523156,261.8626051966104,234.2448416122089,261.1396179199219,508572200,0.0,0.0,Microsoft,MSFT,Technology
2021-07-31 00:00:00+00:00,259.89613139020065,279.6959891614172,259.8865116872873,274.644775390625,522672700,0.0,0.0,Microsoft,MSFT,Technology
2021-08-31 00:00:00+00:00,276.04262965171205,295.3851678311773,273.5170311783947,291.5605773925781,441308900,0.56,0.0,Microsoft,MSFT,Technology
2021-09-30 00:00:00+00:00,292.51663322112495,294.88293238817874,271.9930134834772,272.28277587890625,502918700,0.0,0.0,Microsoft,MSFT,Technology
2021-10-31 00:00:00+00:00,272.475971258081,320.65091983416227,270.6698793342379,320.2839050292969,516515800,0.0,0.0,Microsoft,MSFT,Technology
2021-11-30 00:00:00+00:00,320.03274302106945,338.33476348925745,315.2133311036617,319.873291015625,509885200,0.62,0.0,Microsoft,MSFT,Technology
2021-12-31 00:00:00+00:00,324.2660102897674,333.13881719368874,306.9656882694308,325.4174194335937,625674800,0.0,0.0,Microsoft,MSFT,Technology
2022-01-31 00:00:00+00:00,324.47890153945974,327.04299008267594,267.1011940279381,300.89892578125,947531400,0.0,0.0,Microsoft,MSFT,Technology
2022-02-28 00:00:00+00:00,300.3474521401161,304.90474476135483,263.2613371745761,289.7019348144531,697050600,0.62,0.0,Microsoft,MSFT,Technology
2022-03-31 00:00:00+00:00,287.3846078844976,306.3398707641244,261.78752575076174,298.93231201171875,734334200,0.0,0.0,Microsoft,MSFT,Technology
2022-04-30 00:00:00+00:00,299.9600479924089,305.52540524207774,261.787605924128,269.078857421875,627343400,0.0,0.0,Microsoft,MSFT,Technology
2022-05-31 00:00:00+00:00,269.2631089235298,282.0324703593983,239.50074181493957,264.21466064453125,742902000,0.62,0.0,Microsoft,MSFT,Technology
2022-06-30 00:00:00+00:00,267.4508644163128,269.8707409098893,234.7094917767984,249.59811401367188,621372300,0.0,0.0,Microsoft,MSFT,Technology
2022-07-31 00:00:00+00:00,249.17055781580504,274.0594302515586,239.0147906963001,272.8348999023437,534891800,0.0,0.0,Microsoft,MSFT,Technology
2022-08-31 00:00:00+00:00,269.9971103708195,285.89645087966176,253.8580095108411,254.6468505859375,477157600,0.62,0.0,Microsoft,MSFT,Technology
2022-09-30 00:00:00+00:00,252.11469390871204,260.47082249672275,226.6568256876074,226.8223876953125,575586600,0.0,0.0,Microsoft,MSFT,Technology
2022-10-31 00:00:00+00:00,229.2669108311526,244.48901592120416,213.41174085104757,226.0724639892578,671225100,0.0,0.0,Microsoft,MSFT,Technology
2022-11-30 00:00:00+00:00,228.47803488612004,249.36784723041217,207.860459735956,249.18228149414065,615296000,0.68,0.0,Microsoft,MSFT,Technology
2022-12-31 00:00:00+00:00,247.9419383198584,257.7572751273937,228.4089654343177,234.22003173828125,591358700,0.0,0.0,Microsoft,MSFT,Technology
2023-01-31 00:00:00+00:00,237.40388307188843,243.99628260178545,214.2280440359925,242.0234832763672,666168100,0.0,0.0,Microsoft,MSFT,Technology
2023-02-28 00:00:00+00:00,242.209029774048,270.2974697516429,239.7381082028261,244.2060089111328,615501000,0.68,0.0,Microsoft,MSFT,Technology
2023-03-31 00:00:00+00:00,245.5179859908204,283.2228864773209,240.47564673843016,282.2731628417969,747635000,0.0,0.0,Microsoft,MSFT,Technology
2023-04-30 00:00:00+00:00,280.5304371238125,302.4719869299771,269.6135639108985,300.8369140625,551520000,0.0,0.0,Microsoft,MSFT,Technology
2023-05-31 00:00:00+00:00,300.5529832417884,329.636407832276,297.05758212520743,322.22808837890625,600856900,0.68,0.0,Microsoft,MSFT,Technology
2023-06-30 00:00:00+00:00,319.81423378408647,344.8749738863784,316.4485499290521,334.15008544921875,547702200,0.0,0.0,Microsoft,MSFT,Technology
2023-07-31 00:00:00+00:00,332.8254137820231,359.8977253924033,320.8641146712657,329.6167297363281,666746800,0.0,0.0,Microsoft,MSFT,Technology
2023-08-31 00:00:00+00:00,328.9004543649791,332.1876005255044,306.3513378604121,322.290771484375,479476200,0.68,0.0,Microsoft,MSFT,Technology
2023-09-30 00:00:00+00:00,325.78155572289427,335.1722094614784,304.28631739647443,310.4811706542969,416742300,0.0,0.0,Microsoft,MSFT,Technology
2023-10-31 00:00:00+00:00,311.0023877021163,340.4231348794275,306.01693759833194,332.46807861328125,540950200,0.0,0.0,Microsoft,MSFT,Technology
2023-11-30 00:00:00+00:00,334.120080906605,378.654310364066,333.9824026215242,373.343505859375,563894000,0.75,0.0,Microsoft,MSFT,Technology
2023-12-31 00:00:00+00:00,371.2250631328336,372.60448984781664,357.568691355028,370.51568603515625,522081700,0.0,0.0,Microsoft,MSFT,Technology
2024-01-31 00:00:00+00:00,368.3676650837192,409.21856958364975,361.115836594074,391.7391662597656,528491200,0.0,0.0,Microsoft,MSFT,Technology
2024-02-29 00:00:00+00:00,395.92674920804393,414.63778732343934,392.1082927957616,408.3169860839844,444091200,0.75,0.0,Microsoft,MSFT,Technology
2024-03-31 00:00:00+00:00,405.9774695070198,425.2758958311732,393.2632511789328,415.3058776855469,426445300,0.0,0.0,Microsoft,MSFT,Technology
2024-04-30 00:00:00+00:00,418.4943066854124,423.8445365841043,383.0365219371324,384.31982421875,441083800,0.0,0.0,Microsoft,MSFT,Technology
2024-05-31 00:00:00+00:00,387.5576027140766,428.792143449846,385.287212788776,410.5269775390625,413780000,0.75,0.0,Microsoft,MSFT,Technology
2024-06-30 00:00:00+00:00,410.9225062489826,451.1119299222234,404.38581394057536,441.9941101074219,341717100,0.0,0.0,Microsoft,MSFT,Technology
2024-07-31 00:00:00+00:00,443.68512479077776,463.1568285741234,407.6393400259856,413.7112731933594,440449200,0.0,0.0,Microsoft,MSFT,Technology
2024-08-31 00:00:00+00:00,416.1242037023935,422.8184073246916,381.3046004368816,413.2581787109375,451919000,0.75,0.0,Microsoft,MSFT,Technology
2024-09-30 00:00:00+00:00,414.0210337222503,437.7382183505998,397.070234552708,426.2956848144531,376898100,0.0,0.0,Microsoft,MSFT,Technology
2024-10-31 00:00:00+00:00,424.4629431708175,434.4193891926441,402.5190811781495,402.5686340332031,440745500,0.0,0.0,Microsoft,MSFT,Technology
2024-11-30 00:00:00+00:00,405.20384836550784,425.8982558025869,401.7958147917939,420.3591003417969,442306200,0.83,0.0,Microsoft,MSFT,Technology
2024-12-31 00:00:00+00:00,418.48293944626425,452.8196506561494,417.5796069111211,418.4134521484375,439902400,0.0,0.0,Microsoft,MSFT,Technology
2025-01-31 00:00:00+00:00,422.4139505741353,445.0966142937209,407.7123952362894,412.0205993652344,462501200,0.0,0.0,Microsoft,MSFT,Technology
2025-02-28 00:00:00+00:00,408.5859629677824,417.07410775463984,384.50868780557136,394.87310791015625,432448900,0.83,0.0,Microsoft,MSFT,Technology
2025-03-31 00:00:00+00:00,396.693360360252,400.00558222724027,365.2817698451425,373.3883361816406,491786600,0.0,0.0,Microsoft,MSFT,Technology
2025-04-30 00:00:00+00:00,372.6522059403994,394.54487238441686,342.95146855480857,393.15234375,563144100,0.0,0.0,Microsoft,MSFT,Technology
2025-05-31 00:00:00+00:00,428.8111662318345,460.8982588383752,422.6342884776108,458.7458190917969,476942400,0.83,0.0,Microsoft,MSFT,Technology
2025-06-30 00:00:00+00:00,455.5371682861151,499.0042146991214,455.2880448481698,495.66595458984375,401255100,0.0,0.0,Microsoft,MSFT,Technology
2025-07-31 00:00:00+00:00,494.729222512998,553.5024436401114,486.9864988221965,531.62939453125,396881900,0.0,0.0,Microsoft,MSFT,Technology
2025-08-31 00:00:00+00:00,533.1241083924594,536.3627358241171,497.5787379824689,505.7434387207031,454888500,0.83,0.0,Microsoft,MSFT,Technology
2025-09-30 00:00:00+00:00,499.53505401941584,518.3298380532008,491.4501951138555,516.982421875,424025500,0.0,0.0,Microsoft,MSFT,Technology
2025-10-31 00:00:00+00:00,513.8382741479315,552.6855732732587,505.05473007895694,516.8426513671875,468447000,0.0,0.0,Microsoft,MSFT,Technology
2025-11-30 00:00:00+00:00,518.8389228578652,523.9793263365088,464.8900146484375,492.010009765625,479480700,0.91,0.0,Microsoft,MSFT,Technology
2025-12-31 00:00:00+00:00,488.4400024414063,493.5,470.8800048828125,483.6199951171875,496558500,0.0,0.0,Microsoft,MSFT,Technology
2026-01-31 00:00:00+00:00,484.3900146484375,489.7000122070313,469.5,478.1099853515625,117571100,0.0,0.0,Microsoft,MSFT,Technology
2018-12-31 00:00:00+00:00,22.0,22.75,13.029999732971191,15.270000457763672,40358400,0.0,0.0,Moderna,MRNA,Pharma
2019-01-31 00:00:00+00:00,14.93000030517578,17.940000534057617,14.399999618530272,16.600000381469727,20543700,0.0,0.0,Moderna,MRNA,Pharma
2019-02-28 00:00:00+00:00,16.799999237060547,24.399999618530277,15.899999618530272,22.600000381469727,19919700,0.0,0.0,Moderna,MRNA,Pharma
2019-03-31 00:00:00+00:00,23.09000015258789,23.38999938964844,18.209999084472656,20.350000381469727,20079100,0.0,0.0,Moderna,MRNA,Pharma
2019-04-30 00:00:00+00:00,20.540000915527344,29.790000915527344,19.540000915527344,26.030000686645508,19735100,0.0,0.0,Moderna,MRNA,Pharma
2019-05-31 00:00:00+00:00,26.309999465942383,28.950000762939453,20.739999771118164,20.780000686645508,15468600,0.0,0.0,Moderna,MRNA,Pharma
2019-06-30 00:00:00+00:00,20.790000915527344,20.989999771118164,13.5,14.640000343322754,45682700,0.0,0.0,Moderna,MRNA,Pharma
2019-07-31 00:00:00+00:00,14.859999656677246,15.470000267028809,13.039999961853027,13.100000381469728,23680100,0.0,0.0,Moderna,MRNA,Pharma
2019-08-31 00:00:00+00:00,13.199999809265137,15.75,11.539999961853027,15.729999542236328,35778300,0.0,0.0,Moderna,MRNA,Pharma
2019-09-30 00:00:00+00:00,16.100000381469727,18.479999542236328,14.350000381469728,15.920000076293944,93708100,0.0,0.0,Moderna,MRNA,Pharma
2019-10-31 00:00:00+00:00,15.869999885559082,17.239999771118164,13.529999732971191,16.75,26981000,0.0,0.0,Moderna,MRNA,Pharma
2019-11-30 00:00:00+00:00,16.799999237060547,21.0,15.520000457763672,20.36000061035156,30863800,0.0,0.0,Moderna,MRNA,Pharma
2019-12-31 00:00:00+00:00,20.299999237060547,21.5,18.21999931335449,19.559999465942383,42372900,0.0,0.0,Moderna,MRNA,Pharma
2020-01-31 00:00:00+00:00,19.56999969482422,23.5,17.68000030517578,20.51000022888184,73539900,0.0,0.0,Moderna,MRNA,Pharma
2020-02-29 00:00:00+00:00,20.65999984741211,36.0,17.90999984741211,25.93000030517578,323753900,0.0,0.0,Moderna,MRNA,Pharma
2020-03-31 00:00:00+00:00,27.0,34.97999954223633,19.309999465942383,29.950000762939453,397926200,0.0,0.0,Moderna,MRNA,Pharma
2020-04-30 00:00:00+00:00,30.049999237060547,56.380001068115234,29.440000534057617,45.9900016784668,310717800,0.0,0.0,Moderna,MRNA,Pharma
2020-05-31 00:00:00+00:00,48.709999084472656,87.0,46.130001068115234,61.5,650301000,0.0,0.0,Moderna,MRNA,Pharma
2020-06-30 00:00:00+00:00,62.7599983215332,67.0,55.35499954223633,64.20999908447266,346314400,0.0,0.0,Moderna,MRNA,Pharma
2020-07-31 00:00:00+00:00,63.0,95.20999908447266,55.810001373291016,74.0999984741211,734188500,0.0,0.0,Moderna,MRNA,Pharma
2020-08-31 00:00:00+00:00,74.9800033569336,78.62000274658203,62.540000915527344,64.88999938964844,291350000,0.0,0.0,Moderna,MRNA,Pharma
2020-09-30 00:00:00+00:00,63.540000915527344,75.38999938964844,54.209999084472656,70.75,205003700,0.0,0.0,Moderna,MRNA,Pharma
2020-10-31 00:00:00+00:00,69.56999969482422,81.37000274658203,65.48999786376953,67.47000122070312,139744400,0.0,0.0,Moderna,MRNA,Pharma
2020-11-30 00:00:00+00:00,68.0199966430664,153.8699951171875,66.55000305175781,152.74000549316406,431438200,0.0,0.0,Moderna,MRNA,Pharma
2020-12-31 00:00:00+00:00,177.66000366210938,178.5,102.66000366210938,104.47000122070312,756621500,0.0,0.0,Moderna,MRNA,Pharma
2021-01-31 00:00:00+00:00,107.2300033569336,185.97999572753903,103.26000213623048,173.16000366210938,343701600,0.0,0.0,Moderna,MRNA,Pharma
2021-02-28 00:00:00+00:00,173.02999877929688,189.25999450683597,136.0,154.80999755859375,197558400,0.0,0.0,Moderna,MRNA,Pharma
2021-03-31 00:00:00+00:00,154.46299743652344,157.77999877929688,117.34100341796876,130.9499969482422,205716900,0.0,0.0,Moderna,MRNA,Pharma
2021-04-30 00:00:00+00:00,132.1999969482422,186.8000030517578,127.04000091552734,178.82000732421875,207906500,0.0,0.0,Moderna,MRNA,Pharma
2021-05-31 00:00:00+00:00,183.8999938964844,189.0,143.55999755859375,185.00999450683597,188520700,0.0,0.0,Moderna,MRNA,Pharma
2021-06-30 00:00:00+00:00,184.0800018310547,245.6999969482422,178.8000030517578,234.97999572753903,210650200,0.0,0.0,Moderna,MRNA,Pharma
2021-07-31 00:00:00+00:00,236.3000030517578,362.0,214.07000732421875,353.6000061035156,415615500,0.0,0.0,Moderna,MRNA,Pharma
2021-08-31 00:00:00+00:00,360.0,497.489990234375,343.20001220703125,376.6900024414063,483062700,0.0,0.0,Moderna,MRNA,Pharma
2021-09-30 00:00:00+00:00,382.8370056152344,464.8500061035156,375.2000122070313,384.8599853515625,284766900,0.0,0.0,Moderna,MRNA,Pharma
2021-10-31 00:00:00+00:00,358.3299865722656,359.114990234375,293.5799865722656,345.2099914550781,239916600,0.0,0.0,Moderna,MRNA,Pharma
2021-11-30 00:00:00+00:00,334.989990234375,376.6499938964844,210.9600067138672,352.42999267578125,323401700,0.0,0.0,Moderna,MRNA,Pharma
2021-12-31 00:00:00+00:00,330.0,336.3599853515625,233.1999969482422,253.97999572753903,246429800,0.0,0.0,Moderna,MRNA,Pharma
2022-01-31 00:00:00+00:00,247.1199951171875,249.4199981689453,138.1699981689453,169.3300018310547,199784200,0.0,0.0,Moderna,MRNA,Pharma
2022-02-28 00:00:00+00:00,175.1999969482422,177.57000732421875,134.0,153.60000610351562,141493600,0.0,0.0,Moderna,MRNA,Pharma
2022-03-31 00:00:00+00:00,152.47999572753906,188.0,122.01000213623048,172.25999450683594,186985000,0.0,0.0,Moderna,MRNA,Pharma
2022-04-30 00:00:00+00:00,173.35000610351562,180.8699951171875,134.19000244140625,134.41000366210938,109512600,0.0,0.0,Moderna,MRNA,Pharma
2022-05-31 00:00:00+00:00,134.8699951171875,155.4600067138672,119.01000213623048,145.3300018310547,145019800,0.0,0.0,Moderna,MRNA,Pharma
2022-06-30 00:00:00+00:00,146.08999633789062,152.72999572753906,115.61000061035156,142.85000610351562,114296100,0.0,0.0,Moderna,MRNA,Pharma
2022-07-31 00:00:00+00:00,141.92999267578125,180.72999572753903,139.5399932861328,164.08999633789062,89683100,0.0,0.0,Moderna,MRNA,Pharma
2022-08-31 00:00:00+00:00,163.85000610351562,197.44000244140625,131.7100067138672,132.27000427246094,109743600,0.0,0.0,Moderna,MRNA,Pharma
2022-09-30 00:00:00+00:00,131.1300048828125,144.78799438476562,115.02999877929688,118.25,110262400,0.0,0.0,Moderna,MRNA,Pharma
2022-10-31 00:00:00+00:00,119.31999969482422,154.33999633789062,115.41000366210938,150.3300018310547,104670900,0.0,0.0,Moderna,MRNA,Pharma
2022-11-30 00:00:00+00:00,154.77000427246094,188.6499938964844,135.08999633789062,175.91000366210938,90277900,0.0,0.0,Moderna,MRNA,Pharma
2022-12-31 00:00:00+00:00,173.41000366210938,217.25,162.77999877929688,179.6199951171875,154467700,0.0,0.0,Moderna,MRNA,Pharma
2023-01-31 00:00:00+00:00,180.8500061035156,207.50999450683597,171.39999389648438,176.05999755859375,75859400,0.0,0.0,Moderna,MRNA,Pharma
2023-02-28 00:00:00+00:00,174.6999969482422,178.74000549316406,136.72000122070312,138.80999755859375,72493300,0.0,0.0,Moderna,MRNA,Pharma
2023-03-31 00:00:00+00:00,138.38999938964844,156.57000732421875,133.66000366210938,153.5800018310547,74028300,0.0,0.0,Moderna,MRNA,Pharma
2023-04-30 00:00:00+00:00,153.5,163.24000549316406,129.02000427246094,132.88999938964844,70567600,0.0,0.0,Moderna,MRNA,Pharma
2023-05-31 00:00:00+00:00,132.0,142.7899932861328,122.55999755859376,127.70999908447266,75669800,0.0,0.0,Moderna,MRNA,Pharma
2023-06-30 00:00:00+00:00,128.44000244140625,134.5850067138672,117.22699737548828,121.5,60786000,0.0,0.0,Moderna,MRNA,Pharma
2023-07-31 00:00:00+00:00,121.75,128.97999572753906,117.0500030517578,117.66000366210938,65310800,0.0,0.0,Moderna,MRNA,Pharma
2023-08-31 00:00:00+00:00,117.0,118.06999969482422,95.0199966430664,113.06999969482422,103479700,0.0,0.0,Moderna,MRNA,Pharma
2023-09-30 00:00:00+00:00,114.20999908447266,115.25,97.11000061035156,103.29000091552734,74714000,0.0,0.0,Moderna,MRNA,Pharma
2023-10-31 00:00:00+00:00,103.12000274658205,105.94100189208984,71.55000305175781,75.95999908447266,89625600,0.0,0.0,Moderna,MRNA,Pharma
2023-11-30 00:00:00+00:00,75.22000122070312,81.12000274658203,62.54999923706055,77.69999694824219,91360600,0.0,0.0,Moderna,MRNA,Pharma
2023-12-31 00:00:00+00:00,76.58000183105469,102.9499969482422,73.25,99.4499969482422,119048900,0.0,0.0,Moderna,MRNA,Pharma
2024-01-31 00:00:00+00:00,99.87999725341795,115.97000122070312,96.6500015258789,101.0500030517578,101529900,0.0,0.0,Moderna,MRNA,Pharma
2024-02-29 00:00:00+00:00,100.9000015258789,101.7300033569336,84.05999755859375,92.23999786376952,86394600,0.0,0.0,Moderna,MRNA,Pharma
2024-03-31 00:00:00+00:00,92.5199966430664,114.25,92.11000061035156,106.55999755859376,81318800,0.0,0.0,Moderna,MRNA,Pharma
2024-04-30 00:00:00+00:00,106.29000091552734,115.88999938964844,97.0,110.30999755859376,66868600,0.0,0.0,Moderna,MRNA,Pharma
2024-05-31 00:00:00+00:00,111.11000061035156,170.47000122070312,109.0,142.5500030517578,111542200,0.0,0.0,Moderna,MRNA,Pharma
2024-06-30 00:00:00+00:00,139.75,158.82000732421875,118.02999877929688,118.75,74100500,0.0,0.0,Moderna,MRNA,Pharma
2024-07-31 00:00:00+00:00,117.0500030517578,129.38999938964844,114.0199966430664,119.22000122070312,60333000,0.0,0.0,Moderna,MRNA,Pharma
2024-08-31 00:00:00+00:00,99.58000183105467,102.9000015258789,76.05999755859375,77.4000015258789,103867500,0.0,0.0,Moderna,MRNA,Pharma
2024-09-30 00:00:00+00:00,77.55000305175781,79.95899963378906,63.369998931884766,66.83000183105469,127133200,0.0,0.0,Moderna,MRNA,Pharma
2024-10-31 00:00:00+00:00,67.12999725341797,67.55000305175781,52.2599983215332,54.36000061035156,103866400,0.0,0.0,Moderna,MRNA,Pharma
2024-11-30 00:00:00+00:00,54.4900016784668,56.69499969482422,35.79999923706055,43.060001373291016,213120900,0.0,0.0,Moderna,MRNA,Pharma
2024-12-31 00:00:00+00:00,43.33000183105469,47.41299819946289,37.43999862670898,41.58000183105469,164997400,0.0,0.0,Moderna,MRNA,Pharma
2025-01-31 00:00:00+00:00,42.20000076293945,48.91999816894531,31.940000534057617,39.41999816894531,251940300,0.0,0.0,Moderna,MRNA,Pharma
2025-02-28 00:00:00+00:00,38.209999084472656,38.650001525878906,29.25,30.959999084472656,241140900,0.0,0.0,Moderna,MRNA,Pharma
2025-03-31 00:00:00+00:00,31.18000030517578,38.119998931884766,26.802000045776367,28.350000381469727,205714300,0.0,0.0,Moderna,MRNA,Pharma
2025-04-30 00:00:00+00:00,28.700000762939453,28.850000381469727,23.149999618530277,28.540000915527344,188563300,0.0,0.0,Moderna,MRNA,Pharma
2025-05-31 00:00:00+00:00,27.68000030517578,30.299999237060547,23.155000686645508,26.559999465942383,298787000,0.0,0.0,Moderna,MRNA,Pharma
2025-06-30 00:00:00+00:00,26.920000076293945,29.190000534057617,25.059999465942383,27.59000015258789,186481800,0.0,0.0,Moderna,MRNA,Pharma
2025-07-31 00:00:00+00:00,27.309999465942383,35.59000015258789,26.809999465942383,29.559999465942383,200736100,0.0,0.0,Moderna,MRNA,Pharma
2025-08-31 00:00:00+00:00,27.56999969482422,28.600000381469727,23.84000015258789,24.09000015258789,196988300,0.0,0.0,Moderna,MRNA,Pharma
2025-09-30 00:00:00+00:00,23.93000030517578,27.100000381469727,23.18000030517578,25.82999992370605,260546300,0.0,0.0,Moderna,MRNA,Pharma
2025-10-31 00:00:00+00:00,26.1200008392334,29.450000762939453,24.25,27.15999984741211,251733500,0.0,0.0,Moderna,MRNA,Pharma
2025-11-30 00:00:00+00:00,26.61000061035156,27.100000381469727,22.280000686645508,25.979999542236328,201172000,0.0,0.0,Moderna,MRNA,Pharma
2025-12-31 00:00:00+00:00,25.049999237060547,35.900001525878906,23.920000076293945,29.489999771118164,223892300,0.0,0.0,Moderna,MRNA,Pharma
2026-01-31 00:00:00+00:00,29.82999992370605,37.09999847412109,29.809999465942383,33.86000061035156,63379000,0.0,0.0,Moderna,MRNA,Pharma
2016-01-31 00:00:00+00:00,21.432987034466027,21.756929032298093,18.58530041614724,19.61227035522461,305898900,0.15,0.0,Morgan Stanley,MS,Financials
2016-02-29 00:00:00+00:00,19.536490623355032,19.650162697166945,16.035378455247994,18.718055725097656,379278400,0.0,0.0,Morgan Stanley,MS,Financials
2016-03-31 00:00:00+00:00,19.013596189346494,20.16548012872014,18.27851864922912,18.952974319458008,354572400,0.0,0.0,Morgan Stanley,MS,Financials
2016-04-30 00:00:00+00:00,18.86204446243548,21.20546784398906,17.816245082328894,20.618757247924805,338461400,0.15,0.0,Morgan Stanley,MS,Financials
2016-05-31 00:00:00+00:00,20.6492382922996,21.555971829486985,19.69678406485612,20.854969024658203,271744800,0.0,0.0,Morgan Stanley,MS,Financials
2016-06-30 00:00:00+00:00,20.65685763878904,21.00736060404153,17.60900221569075,19.79583549499512,359617000,0.0,0.0,Morgan Stanley,MS,Financials
2016-07-31 00:00:00+00:00,19.635820088165385,22.53307443144657,18.72146330529308,22.042051315307617,298366300,0.2,0.0,Morgan Stanley,MS,Financials
2016-08-31 00:00:00+00:00,22.126449621719075,24.788679599577623,21.320872799420613,24.59687614440918,258709300,0.0,0.0,Morgan Stanley,MS,Financials
2016-09-30 00:00:00+00:00,24.6582551164478,24.88841624348756,23.492088780534264,24.59687614440918,243245700,0.0,0.0,Morgan Stanley,MS,Financials
2016-10-31 00:00:00+00:00,24.56619215632575,26.264671355785044,23.752939681437702,25.909639358520508,225583700,0.2,0.0,Morgan Stanley,MS,Financials
2016-11-30 00:00:00+00:00,25.994541184299383,32.13814089333959,25.130119220113105,31.92203521728516,303738300,0.0,0.0,Morgan Stanley,MS,Financials
2016-12-31 00:00:00+00:00,32.23075719864664,33.99047880690889,31.752247148820096,32.608943939208984,239352100,0.0,0.0,Morgan Stanley,MS,Financials
2017-01-31 00:00:00+00:00,33.25727155470634,34.42269248262718,32.23847282911255,32.94386672973633,223884400,0.2,0.0,Morgan Stanley,MS,Financials
2017-02-28 00:00:00+00:00,33.571879908567304,36.30103461727239,32.43214248252269,35.40940475463867,209224500,0.0,0.0,Morgan Stanley,MS,Financials
2017-03-31 00:00:00+00:00,36.40184283518295,36.69646923938557,31.05979553533541,33.2152214050293,277900200,0.0,0.0,Morgan Stanley,MS,Financials
2017-04-30 00:00:00+00:00,33.19196444955682,34.78139562763955,31.40094201650585,33.778404235839844,221141600,0.2,0.0,Morgan Stanley,MS,Financials
2017-05-31 00:00:00+00:00,34.08215596588053,34.315811157663724,31.48861341556783,32.508888244628906,187540000,0.0,0.0,Morgan Stanley,MS,Financials
2017-06-30 00:00:00+00:00,32.695809838250234,35.811183157696505,32.51667640857314,34.70523452758789,214567000,0.0,0.0,Morgan Stanley,MS,Financials
2017-07-31 00:00:00+00:00,35.0479233360443,37.41559865662462,34.5183109283483,36.72218704223633,177146600,0.25,0.0,Morgan Stanley,MS,Financials
2017-08-31 00:00:00+00:00,36.99622123967886,38.288163933726096,34.71773864741364,35.625999450683594,177282900,0.0,0.0,Morgan Stanley,MS,Financials
2017-09-30 00:00:00+00:00,35.69647133940397,37.96712694210238,34.32623386286556,37.71656799316406,157535900,0.0,0.0,Morgan Stanley,MS,Financials
2017-10-31 00:00:00+00:00,37.66959861527816,40.3395944921396,37.34856727816385,39.34169769287109,181652600,0.25,0.0,Morgan Stanley,MS,Financials
2017-11-30 00:00:00+00:00,39.51481133207068,41.37173134125084,37.31167042295996,40.60850143432617,142338300,0.0,0.0,Morgan Stanley,MS,Financials
2017-12-31 00:00:00+00:00,40.82095182425051,42.68573052886853,39.908224435806986,41.28517532348633,156160300,0.0,0.0,Morgan Stanley,MS,Financials
2018-01-31 00:00:00+00:00,41.51336410562433,45.67570091055924,40.85241732363746,44.6899299621582,197035500,0.25,0.0,Morgan Stanley,MS,Financials
2018-02-28 00:00:00+00:00,44.6504203836171,45.69358654534089,39.52945605844608,44.27108001708984,193827500,0.0,0.0,Morgan Stanley,MS,Financials
2018-03-31 00:00:00+00:00,44.16835387242755,46.926406652647735,41.0704837888537,42.64312744140625,204954800,0.0,0.0,Morgan Stanley,MS,Financials
2018-04-30 00:00:00+00:00,42.540388455007765,43.7732137734699,40.83340016085464,40.99019241333008,222555100,0.25,0.0,Morgan Stanley,MS,Financials
2018-05-31 00:00:00+00:00,40.807565451392016,44.1823951009519,39.31469285992714,39.81497573852539,196363000,0.0,0.0,Morgan Stanley,MS,Financials
2018-06-30 00:00:00+00:00,40.44229437493944,41.863683622803386,37.40892255373048,37.63920593261719,208034500,0.0,0.0,Morgan Stanley,MS,Financials
2018-07-31 00:00:00+00:00,37.289811045035606,40.98488614340568,36.74984453826527,40.38581466674805,187428300,0.3,0.0,Morgan Stanley,MS,Financials
2018-08-31 00:00:00+00:00,40.689343070089286,40.88104921252747,37.55817045901677,39.00394821166992,188261600,0.0,0.0,Morgan Stanley,MS,Financials
2018-09-30 00:00:00+00:00,39.02790158482573,40.23405084162763,37.062933386677045,37.19872283935547,172174900,0.0,0.0,Morgan Stanley,MS,Financials
2018-10-31 00:00:00+00:00,37.47828787110443,38.28505022259359,34.25126690578121,36.72250747680664,313771700,0.3,0.0,Morgan Stanley,MS,Financials
2018-11-30 00:00:00+00:00,36.8511803971443,37.76000175759566,34.21320603979548,35.70109939575195,223855400,0.0,0.0,Morgan Stanley,MS,Financials
2018-12-31 00:00:00+00:00,36.247990134902594,37.10854790381669,29.54850805924546,31.88890838623047,307651600,0.0,0.0,Morgan Stanley,MS,Financials
2019-01-31 00:00:00+00:00,31.38221292081832,36.2801610742821,31.17310368700669,34.262088775634766,314950600,0.3,0.0,Morgan Stanley,MS,Financials
2019-02-28 00:00:00+00:00,34.26209179002158,34.71567992235693,32.496341951707464,34.002899169921875,210778100,0.0,0.0,Morgan Stanley,MS,Financials
2019-03-31 00:00:00+00:00,34.30259711145396,36.35993911016181,32.723142133652416,34.18109893798828,250727700,0.0,0.0,Morgan Stanley,MS,Financials
2019-04-30 00:00:00+00:00,34.650885461745915,39.67016757592906,34.626587091127185,39.32783508300781,242779700,0.3,0.0,Morgan Stanley,MS,Financials
2019-05-31 00:00:00+00:00,39.28708287160947,39.62941695061566,33.09244043354994,33.16579818725586,210434200,0.0,0.0,Morgan Stanley,MS,Financials
2019-06-30 00:00:00+00:00,33.182088897749736,36.32832143601983,32.9538662351402,35.708858489990234,185025300,0.0,0.0,Morgan Stanley,MS,Financials
2019-07-31 00:00:00+00:00,36.34462115742328,37.30642252081062,35.06494704054499,36.60341644287109,182721700,0.35,0.0,Morgan Stanley,MS,Financials
2019-08-31 00:00:00+00:00,36.48841076967818,36.75127479454259,31.839060837879806,34.08159637451172,245335100,0.0,0.0,Morgan Stanley,MS,Financials
2019-09-30 00:00:00+00:00,33.71195080120375,37.33449781016069,33.14515431391135,35.050880432128906,187281000,0.0,0.0,Morgan Stanley,MS,Financials
2019-10-31 00:00:00+00:00,34.91947177542183,38.7391601737909,32.282633885676155,38.11220550537109,231980600,0.35,0.0,Morgan Stanley,MS,Financials
2019-11-30 00:00:00+00:00,38.50119486828445,41.36477755093476,38.45153612918922,40.95096206665039,171875200,0.0,0.0,Morgan Stanley,MS,Financials
2019-12-31 00:00:00+00:00,41.03373601530813,42.573112548257626,39.26260808777951,42.30828094482422,176409500,0.0,0.0,Morgan Stanley,MS,Financials
2020-01-31 00:00:00+00:00,42.37449171314501,47.646468125006606,41.76204515517944,43.53562927246094,226791900,0.35,0.0,Morgan Stanley,MS,Financials
2020-02-29 00:00:00+00:00,43.85218982550453,47.2010721912069,36.39630952346537,37.51260757446289,311578100,0.0,0.0,Morgan Stanley,MS,Financials
2020-03-31 00:00:00+00:00,37.57926522473259,39.08708920616522,22.65918478906004,28.323984146118164,581476100,0.0,0.0,Morgan Stanley,MS,Financials
2020-04-30 00:00:00+00:00,26.39128783335448,34.863490396879364,25.95809712558561,33.13648223876953,346491200,0.35,0.0,Morgan Stanley,MS,Financials
2020-05-31 00:00:00+00:00,32.228874951610095,39.767151905444855,29.858981653130748,37.1451416015625,252538800,0.0,0.0,Morgan Stanley,MS,Financials
2020-06-30 00:00:00+00:00,37.41406046421704,43.57410825578424,36.93503973583744,40.59073638916016,296685200,0.0,0.0,Morgan Stanley,MS,Financials
2020-07-31 00:00:00+00:00,40.68317386650895,44.96915848061928,39.51503443876205,41.36432647705078,265671300,0.35,0.0,Morgan Stanley,MS,Financials
2020-08-31 00:00:00+00:00,41.65206333582642,45.20627307095665,41.22894202027568,44.2246322631836,152782700,0.0,0.0,Morgan Stanley,MS,Financials
2020-09-30 00:00:00+00:00,43.936903104530494,46.01866597245211,38.8086813187491,40.91582489013672,202181800,0.0,0.0,Morgan Stanley,MS,Financials
2020-10-31 00:00:00+00:00,41.254330278857935,44.52082081837326,39.28258247242911,41.04860305786133,354504500,0.35,0.0,Morgan Stanley,MS,Financials
2020-11-30 00:00:00+00:00,41.670933364564725,54.52684997598236,41.29582468994471,52.71099853515625,248046900,0.0,0.0,Morgan Stanley,MS,Financials
2020-12-31 00:00:00+00:00,53.810741296413546,58.79796437986624,52.73657327381591,58.4228515625,204083600,0.0,0.0,Morgan Stanley,MS,Financials
2021-01-31 00:00:00+00:00,59.062228743335616,66.29156020357347,57.28367539311443,57.45505905151367,259863800,0.35,0.0,Morgan Stanley,MS,Financials
2021-02-28 00:00:00+00:00,58.16625309171781,69.75151647141871,57.64354461612157,65.86978149414062,199074900,0.0,0.0,Morgan Stanley,MS,Financials
2021-03-31 00:00:00+00:00,66.88091932781441,74.2416621577822,65.1242855646815,66.54673767089844,261530600,0.0,0.0,Morgan Stanley,MS,Financials
2021-04-30 00:00:00+00:00,66.73523960808869,72.10456128491424,65.33849986945793,71.0374984741211,229848400,0.35,0.0,Morgan Stanley,MS,Financials
2021-05-31 00:00:00+00:00,71.51940421115606,78.61023128385742,69.4885262269671,78.26602172851562,194945100,0.0,0.0,Morgan Stanley,MS,Financials
2021-06-30 00:00:00+00:00,79.50520159035808,81.12301526077229,72.20782596760614,78.90281677246094,206019300,0.0,0.0,Morgan Stanley,MS,Financials
2021-07-31 00:00:00+00:00,79.10073026417854,84.26698801449893,74.82385908018497,83.20075988769531,212957600,0.7,0.0,Morgan Stanley,MS,Financials
2021-08-31 00:00:00+00:00,83.84223767341426,91.72194131824098,82.2038817623247,90.52567291259766,159635800,0.0,0.0,Morgan Stanley,MS,Financials
2021-09-30 00:00:00+00:00,90.62104862381256,91.84330350675044,83.43481900983926,84.35368347167969,179459900,0.0,0.0,Morgan Stanley,MS,Financials
2021-10-31 00:00:00+00:00,84.891126970874,90.17443349423132,83.80755945349763,89.71182250976562,166932900,0.7,0.0,Morgan Stanley,MS,Financials
2021-11-30 00:00:00+00:00,90.68071901305724,91.94633211080225,81.94343966972876,82.76392364501953,194505600,0.0,0.0,Morgan Stanley,MS,Financials
2021-12-31 00:00:00+00:00,84.64929574868414,90.04351807700493,82.23149049427384,85.67925262451172,190257900,0.0,0.0,Morgan Stanley,MS,Financials
2022-01-31 00:00:00+00:00,86.70049483298912,92.93265772572238,81.12297034925805,90.12606048583984,270010600,0.7,0.0,Morgan Stanley,MS,Financials
2022-02-28 00:00:00+00:00,90.49521960224956,96.4455924647029,77.81217562555773,79.75463104248047,202668300,0.0,0.0,Morgan Stanley,MS,Financials
2022-03-31 00:00:00+00:00,79.10418995077329,83.41978619416139,72.04635814086555,76.81897735595703,252309900,0.0,0.0,Morgan Stanley,MS,Financials
2022-04-30 00:00:00+00:00,77.46938787620955,81.67948194481218,71.19351990389225,71.44173431396484,198285900,0.7,0.0,Morgan Stanley,MS,Financials
2022-05-31 00:00:00+00:00,71.44173410712808,77.59393779961155,68.03762772610831,76.3617172241211,172431500,0.0,0.0,Morgan Stanley,MS,Financials
2022-06-30 00:00:00+00:00,76.62766653912361,76.92906780322082,64.0307242099456,67.42594909667969,174764800,0.0,0.0,Morgan Stanley,MS,Financials
2022-07-31 00:00:00+00:00,67.16001868138396,75.7344714587258,63.87115506563472,75.43916320800781,158809800,0.775,0.0,Morgan Stanley,MS,Financials
2022-08-31 00:00:00+00:00,74.86644771787705,82.58934889157189,74.24002015172084,76.26245880126953,152454100,0.0,0.0,Morgan Stanley,MS,Financials
2022-09-30 00:00:00+00:00,75.77028340080041,81.47070614009351,70.11457937827332,70.7052001953125,182851600,0.0,0.0,Morgan Stanley,MS,Financials
2022-10-31 00:00:00+00:00,71.63588984555642,75.83292165916835,66.82139073841991,74.24616241455078,171004200,0.775,0.0,Morgan Stanley,MS,Financials
2022-11-30 00:00:00+00:00,75.22202002524662,84.2577123940404,74.5895182617366,84.0950698852539,131117900,0.0,0.0,Morgan Stanley,MS,Financials
2022-12-31 00:00:00+00:00,84.0859959058724,85.98351295063101,75.95389443731649,76.82133483886719,145897300,0.0,0.0,Morgan Stanley,MS,Financials
2023-01-31 00:00:00+00:00,77.38155507597644,89.54356476586669,76.64964370605013,88.65359497070312,168742800,0.775,0.0,Morgan Stanley,MS,Financials
2023-02-28 00:00:00+00:00,88.30746166850781,91.9873102979546,87.67897195539888,87.89757537841797,121182800,0.0,0.0,Morgan Stanley,MS,Financials
2023-03-31 00:00:00+00:00,87.4057268416808,90.35688678165916,74.43513463583606,79.97313690185547,205262500,0.0,0.0,Morgan Stanley,MS,Financials
2023-04-30 00:00:00+00:00,80.10976004819263,83.63477175347688,75.78320539799459,82.65943908691406,129524200,0.775,0.0,Morgan Stanley,MS,Financials
2023-05-31 00:00:00+00:00,82.86155085306486,83.16473114557947,74.17941437646599,75.11653900146484,150618800,0.0,0.0,Morgan Stanley,MS,Financials
2023-06-30 00:00:00+00:00,75.86991353101753,82.36542819157415,74.85010669571324,78.46076202392578,150796000,0.0,0.0,Morgan Stanley,MS,Financials
2023-07-31 00:00:00+00:00,79.32438355920051,87.80439829836592,76.16391101626596,84.89826965332031,167971300,0.85,0.0,Morgan Stanley,MS,Financials
2023-08-31 00:00:00+00:00,84.5644649650767,84.77773373119628,76.71999795502327,78.95466613769531,131152000,0.0,0.0,Morgan Stanley,MS,Financials
2023-09-30 00:00:00+00:00,79.74281208716747,82.96033417809454,75.13441755812134,75.72785186767578,139400500,0.0,0.0,Morgan Stanley,MS,Financials
2023-10-31 00:00:00+00:00,75.19932433114413,75.54240641581907,65.08311207861075,66.4698257446289,226400400,0.85,0.0,Morgan Stanley,MS,Financials
2023-11-30 00:00:00+00:00,66.79833013977199,75.49891494114462,66.35719908013509,74.46647644042969,170188200,0.0,0.0,Morgan Stanley,MS,Financials
2023-12-31 00:00:00+00:00,74.22244767852901,88.17904011190589,73.90332873457365,87.52205657958984,163140100,0.0,0.0,Morgan Stanley,MS,Financials
2024-01-31 00:00:00+00:00,86.96828822986079,88.36676177353468,78.08937495112777,82.6833267211914,204984500,0.85,0.0,Morgan Stanley,MS,Financials
2024-02-29 00:00:00+00:00,82.63594001894116,83.56474912425296,78.75008080049507,81.5459976196289,143539800,0.0,0.0,Morgan Stanley,MS,Financials
2024-03-31 00:00:00+00:00,81.71659849828355,89.78211006117681,80.02009363041188,89.24188232421875,199396900,0.0,0.0,Morgan Stanley,MS,Financials
2024-04-30 00:00:00+00:00,89.24188945914253,89.79157717074641,80.56980358834407,86.89090728759766,169299800,0.85,0.0,Morgan Stanley,MS,Financials
2024-05-31 00:00:00+00:00,87.31177155142034,98.76140794755533,86.78568615139947,93.58660125732422,122133400,0.0,0.0,Morgan Stanley,MS,Financials
2024-06-30 00:00:00+00:00,93.89269586373769,94.06485030994224,89.90396983700643,92.96485137939452,108077600,0.0,0.0,Morgan Stanley,MS,Financials
2024-07-31 00:00:00+00:00,93.28049428459808,104.3666494171998,93.20397768361757,99.61116027832033,164418800,0.925,0.0,Morgan Stanley,MS,Financials
2024-08-31 00:00:00+00:00,100.13233955273424,100.36396892706584,87.76900105272476,99.9972152709961,114187000,0.0,0.0,Morgan Stanley,MS,Financials
2024-09-30 00:00:00+00:00,99.26371070247166,101.47386578814316,90.80917235179125,100.6052474975586,116735000,0.0,0.0,Morgan Stanley,MS,Financials
2024-10-31 00:00:00+00:00,100.54733945217986,117.21514527116918,99.46639017191418,113.0835418701172,147264600,0.925,0.0,Morgan Stanley,MS,Financials
2024-11-30 00:00:00+00:00,113.49209316831778,132.5290443092749,112.7819750141918,128.02516174316406,141491900,0.0,0.0,Morgan Stanley,MS,Financials
2024-12-31 00:00:00+00:00,128.69635645805445,129.56212608327868,117.01349368083098,122.29558563232422,123217500,0.0,0.0,Morgan Stanley,MS,Financials
2025-01-31 00:00:00+00:00,123.0640682194769,137.62628596946226,119.11464775196951,135.55538940429688,149945900,0.925,0.0,Morgan Stanley,MS,Financials
2025-02-28 00:00:00+00:00,132.98981052893294,139.0806449519212,123.75562467624194,130.34588623046875,107013300,0.0,0.0,Morgan Stanley,MS,Financials
2025-03-31 00:00:00+00:00,130.5613132464935,131.20761148161756,106.9519643767127,114.2472686767578,176736500,0.0,0.0,Morgan Stanley,MS,Financials
2025-04-30 00:00:00+00:00,113.58138694971132,117.85084878320494,92.37117499314232,113.93006896972656,195608600,0.925,0.0,Morgan Stanley,MS,Financials
2025-05-31 00:00:00+00:00,114.04853211264336,131.31274539332105,113.1897599523922,126.3772964477539,125965900,0.0,0.0,Morgan Stanley,MS,Financials
2025-06-30 00:00:00+00:00,125.8343933411012,140.0682582216169,124.72884845213603,139.04168701171875,109114900,0.0,0.0,Morgan Stanley,MS,Financials
2025-07-31 00:00:00+00:00,138.73568596509435,143.82441266682991,133.51396642031716,141.5979766845703,123655300,1.0,0.0,Morgan Stanley,MS,Financials
2025-08-31 00:00:00+00:00,138.42727074346678,149.8377979421117,135.34602301579216,149.56942749023438,93513600,0.0,0.0,Morgan Stanley,MS,Financials
2025-09-30 00:00:00+00:00,147.66105660811743,162.98774835180444,144.7786106606942,157.9981231689453,118064700,0.0,0.0,Morgan Stanley,MS,Financials
2025-10-31 00:00:00+00:00,156.9246581877575,166.11869204422413,150.92120259012964,164.0,133071000,1.0,0.0,Morgan Stanley,MS,Financials
2025-11-30 00:00:00+00:00,164.3000030517578,171.77000427246094,155.22999572753906,169.66000366210938,107085800,0.0,0.0,Morgan Stanley,MS,Financials
2025-12-31 00:00:00+00:00,169.00999450683594,182.33999633789065,167.72999572753906,177.52999877929688,112743000,0.0,0.0,Morgan Stanley,MS,Financials
2026-01-31 00:00:00+00:00,178.52000427246094,188.82000732421875,177.13999938964844,184.67999267578125,22371200,0.0,0.0,Morgan Stanley,MS,Financials
2018-09-30 00:00:00+00:00,6.0,13.800000190734863,5.349999904632568,6.980000019073486,684445300,0.0,0.0,NIO Inc,NIO,Meme/Speculative
2018-10-31 00:00:00+00:00,7.059999942779541,8.350000381469727,5.619999885559082,5.900000095367432,420997300,0.0,0.0,NIO Inc,NIO,Meme/Speculative
2018-11-30 00:00:00+00:00,6.0,8.210000038146973,5.960000038146973,7.710000038146973,418728600,0.0,0.0,NIO Inc,NIO,Meme/Speculative
2018-12-31 00:00:00+00:00,8.100000381469727,8.130000114440918,5.840000152587891,6.369999885559082,237893600,0.0,0.0,NIO Inc,NIO,Meme/Speculative
2019-01-31 00:00:00+00:00,6.130000114440918,7.889999866485596,6.0,7.880000114440918,225525500,0.0,0.0,NIO Inc,NIO,Meme/Speculative
2019-02-28 00:00:00+00:00,7.849999904632568,10.640000343322754,7.139999866485596,9.56999969482422,485265300,0.0,0.0,NIO Inc,NIO,Meme/Speculative
2019-03-31 00:00:00+00:00,9.81999969482422,10.630000114440918,4.900000095367432,5.099999904632568,993749200,0.0,0.0,NIO Inc,NIO,Meme/Speculative
2019-04-30 00:00:00+00:00,5.289999961853027,5.610000133514404,4.429999828338623,4.849999904632568,529432300,0.0,0.0,NIO Inc,NIO,Meme/Speculative
2019-05-31 00:00:00+00:00,4.840000152587891,5.110000133514404,3.0,3.049999952316284,621933800,0.0,0.0,NIO Inc,NIO,Meme/Speculative
2019-06-30 00:00:00+00:00,2.9800000190734863,3.109999895095825,2.3499999046325684,2.549999952316284,679519900,0.0,0.0,NIO Inc,NIO,Meme/Speculative
2019-07-31 00:00:00+00:00,2.6700000762939453,4.0,2.569999933242798,3.470000028610229,744866300,0.0,0.0,NIO Inc,NIO,Meme/Speculative
2019-08-31 00:00:00+00:00,3.450000047683716,3.509999990463257,2.7699999809265137,2.859999895095825,393538900,0.0,0.0,NIO Inc,NIO,Meme/Speculative
2019-09-30 00:00:00+00:00,2.819999933242798,3.3299999237060547,1.5299999713897705,1.559999942779541,580600400,0.0,0.0,NIO Inc,NIO,Meme/Speculative
2019-10-31 00:00:00+00:00,1.5099999904632568,1.7999999523162842,1.190000057220459,1.4500000476837158,790798300,0.0,0.0,NIO Inc,NIO,Meme/Speculative
2019-11-30 00:00:00+00:00,1.4900000095367432,2.5,1.4900000095367432,2.2699999809265137,962006600,0.0,0.0,NIO Inc,NIO,Meme/Speculative
2019-12-31 00:00:00+00:00,2.3499999046325684,4.869999885559082,2.109999895095825,4.019999980926514,1331008700,0.0,0.0,NIO Inc,NIO,Meme/Speculative
2020-01-31 00:00:00+00:00,4.099999904632568,5.650000095367432,3.130000114440918,3.7799999713897705,2028239900,0.0,0.0,NIO Inc,NIO,Meme/Speculative
2020-02-29 00:00:00+00:00,3.539999961853028,5.190000057220459,3.5199999809265137,4.130000114440918,1433579200,0.0,0.0,NIO Inc,NIO,Meme/Speculative
2020-03-31 00:00:00+00:00,4.150000095367432,4.210000038146973,2.109999895095825,2.7799999713897705,1047100600,0.0,0.0,NIO Inc,NIO,Meme/Speculative
2020-04-30 00:00:00+00:00,2.630000114440918,3.9800000190734863,2.220000028610229,3.4100000858306885,689045600,0.0,0.0,NIO Inc,NIO,Meme/Speculative
2020-05-31 00:00:00+00:00,3.299999952316284,4.199999809265137,3.0799999237060547,3.9800000190734863,702572200,0.0,0.0,NIO Inc,NIO,Meme/Speculative
2020-06-30 00:00:00+00:00,4.0,7.900000095367432,3.9600000381469727,7.71999979019165,2098243700,0.0,0.0,NIO Inc,NIO,Meme/Speculative
2020-07-31 00:00:00+00:00,7.789999961853027,16.440000534057617,7.670000076293945,11.9399995803833,4249126200,0.0,0.0,NIO Inc,NIO,Meme/Speculative
2020-08-31 00:00:00+00:00,12.529999732971191,20.96999931335449,12.460000038146973,19.030000686645508,2526063100,0.0,0.0,NIO Inc,NIO,Meme/Speculative
2020-09-30 00:00:00+00:00,19.450000762939453,22.59000015258789,15.609999656677246,21.21999931335449,1957915800,0.0,0.0,NIO Inc,NIO,Meme/Speculative
2020-10-31 00:00:00+00:00,21.68000030517578,32.20000076293945,20.600000381469727,30.57999992370605,2550149900,0.0,0.0,NIO Inc,NIO,Meme/Speculative
2020-11-30 00:00:00+00:00,33.95000076293945,57.20000076293945,31.68000030517578,50.52999877929688,5343099900,0.0,0.0,NIO Inc,NIO,Meme/Speculative
2020-12-31 00:00:00+00:00,52.02000045776367,52.09999847412109,38.43000030517578,48.7400016784668,3125193600,0.0,0.0,NIO Inc,NIO,Meme/Speculative
2021-01-31 00:00:00+00:00,51.20000076293945,66.98999786376953,49.08000183105469,57.0,2496332900,0.0,0.0,NIO Inc,NIO,Meme/Speculative
2021-02-28 00:00:00+00:00,59.06999969482422,64.5999984741211,41.65999984741211,45.77999877929688,1380070500,0.0,0.0,NIO Inc,NIO,Meme/Speculative
2021-03-31 00:00:00+00:00,48.54999923706055,50.41999816894531,31.90999984741211,38.97999954223633,2853018800,0.0,0.0,NIO Inc,NIO,Meme/Speculative
2021-04-30 00:00:00+00:00,41.560001373291016,43.220001220703125,34.060001373291016,39.84000015258789,1689738300,0.0,0.0,NIO Inc,NIO,Meme/Speculative
2021-05-31 00:00:00+00:00,40.34000015258789,41.45000076293945,30.709999084472656,38.619998931884766,1424909400,0.0,0.0,NIO Inc,NIO,Meme/Speculative
2021-06-30 00:00:00+00:00,39.9900016784668,53.84000015258789,39.93999862670898,53.20000076293945,1307583200,0.0,0.0,NIO Inc,NIO,Meme/Speculative
2021-07-31 00:00:00+00:00,54.77000045776367,55.130001068115234,38.65999984741211,44.68000030517578,1358113400,0.0,0.0,NIO Inc,NIO,Meme/Speculative
2021-08-31 00:00:00+00:00,44.650001525878906,46.77999877929688,36.2400016784668,39.310001373291016,924999200,0.0,0.0,NIO Inc,NIO,Meme/Speculative
2021-09-30 00:00:00+00:00,37.4900016784668,41.86000061035156,34.41999816894531,35.630001068115234,739925100,0.0,0.0,NIO Inc,NIO,Meme/Speculative
2021-10-31 00:00:00+00:00,36.630001068115234,42.61000061035156,33.16999816894531,39.40999984741211,746077400,0.0,0.0,NIO Inc,NIO,Meme/Speculative
2021-11-30 00:00:00+00:00,38.11000061035156,44.27000045776367,37.45000076293945,39.130001068115234,896953800,0.0,0.0,NIO Inc,NIO,Meme/Speculative
2021-12-31 00:00:00+00:00,40.40999984741211,40.83000183105469,27.520000457763672,31.68000030517578,1262956200,0.0,0.0,NIO Inc,NIO,Meme/Speculative
2022-01-31 00:00:00+00:00,33.52000045776367,33.79999923706055,19.309999465942383,24.51000022888184,1117953500,0.0,0.0,NIO Inc,NIO,Meme/Speculative
2022-02-28 00:00:00+00:00,24.88999938964844,26.40999984741211,18.46999931335449,22.84000015258789,1016257800,0.0,0.0,NIO Inc,NIO,Meme/Speculative
2022-03-31 00:00:00+00:00,22.559999465942383,23.86000061035156,13.010000228881836,21.049999237060547,2114297700,0.0,0.0,NIO Inc,NIO,Meme/Speculative
2022-04-30 00:00:00+00:00,22.40999984741211,23.979999542236328,15.90999984741211,16.700000762939453,1282975000,0.0,0.0,NIO Inc,NIO,Meme/Speculative
2022-05-31 00:00:00+00:00,16.530000686645508,18.21999931335449,11.670000076293944,17.389999389648438,1447457500,0.0,0.0,NIO Inc,NIO,Meme/Speculative
2022-06-30 00:00:00+00:00,17.59000015258789,24.43000030517578,15.84000015258789,21.71999931335449,1571761100,0.0,0.0,NIO Inc,NIO,Meme/Speculative
2022-07-31 00:00:00+00:00,22.31999969482422,23.280000686645508,18.59000015258789,19.729999542236328,921456100,0.0,0.0,NIO Inc,NIO,Meme/Speculative
2022-08-31 00:00:00+00:00,20.190000534057617,21.96999931335449,17.729999542236328,19.90999984741211,853869000,0.0,0.0,NIO Inc,NIO,Meme/Speculative
2022-09-30 00:00:00+00:00,19.280000686645508,22.739999771118164,15.199999809265137,15.770000457763672,1007321200,0.0,0.0,NIO Inc,NIO,Meme/Speculative
2022-10-31 00:00:00+00:00,15.850000381469728,16.8799991607666,8.380000114440918,9.670000076293944,1335087000,0.0,0.0,NIO Inc,NIO,Meme/Speculative
2022-11-30 00:00:00+00:00,10.329999923706056,13.270000457763672,9.029999732971191,12.779999732971191,1443981200,0.0,0.0,NIO Inc,NIO,Meme/Speculative
2022-12-31 00:00:00+00:00,12.350000381469728,14.029999732971191,9.520000457763672,9.75,1053745700,0.0,0.0,NIO Inc,NIO,Meme/Speculative
2023-01-31 00:00:00+00:00,10.210000038146973,13.220000267028809,9.5,12.06999969482422,952442300,0.0,0.0,NIO Inc,NIO,Meme/Speculative
2023-02-28 00:00:00+00:00,12.239999771118164,12.369999885559082,9.119999885559082,9.390000343322754,831128000,0.0,0.0,NIO Inc,NIO,Meme/Speculative
2023-03-31 00:00:00+00:00,9.34000015258789,10.75,8.029999732971191,10.510000228881836,1032945700,0.0,0.0,NIO Inc,NIO,Meme/Speculative
2023-04-30 00:00:00+00:00,10.40999984741211,10.510000228881836,7.599999904632568,7.869999885559082,822086000,0.0,0.0,NIO Inc,NIO,Meme/Speculative
2023-05-31 00:00:00+00:00,7.829999923706055,8.850000381469727,7.150000095367432,7.53000020980835,1044290100,0.0,0.0,NIO Inc,NIO,Meme/Speculative
2023-06-30 00:00:00+00:00,7.239999771118164,10.210000038146973,7.0,9.6899995803833,1370354300,0.0,0.0,NIO Inc,NIO,Meme/Speculative
2023-07-31 00:00:00+00:00,10.149999618530272,15.460000038146973,9.489999771118164,15.300000190734863,1419778300,0.0,0.0,NIO Inc,NIO,Meme/Speculative
2023-08-31 00:00:00+00:00,14.859999656677246,16.18000030517578,9.460000038146973,10.270000457763672,1415831200,0.0,0.0,NIO Inc,NIO,Meme/Speculative
2023-09-30 00:00:00+00:00,10.529999732971191,11.350000381469728,7.929999828338623,9.039999961853027,1056085400,0.0,0.0,NIO Inc,NIO,Meme/Speculative
2023-10-31 00:00:00+00:00,8.899999618530273,9.1899995803833,7.179999828338623,7.300000190734863,707524200,0.0,0.0,NIO Inc,NIO,Meme/Speculative
2023-11-30 00:00:00+00:00,7.309999942779541,8.510000228881836,7.019999980926514,7.269999980926514,862911500,0.0,0.0,NIO Inc,NIO,Meme/Speculative
2023-12-31 00:00:00+00:00,7.139999866485596,9.56999969482422,7.010000228881836,9.06999969482422,1565508100,0.0,0.0,NIO Inc,NIO,Meme/Speculative
2024-01-31 00:00:00+00:00,8.930000305175781,8.9399995803833,5.429999828338623,5.619999885559082,1383982600,0.0,0.0,NIO Inc,NIO,Meme/Speculative
2024-02-29 00:00:00+00:00,5.730000019073486,6.340000152587891,5.300000190734863,5.75,1008465900,0.0,0.0,NIO Inc,NIO,Meme/Speculative
2024-03-31 00:00:00+00:00,5.730000019073486,6.300000190734863,4.449999809265137,4.5,1171627700,0.0,0.0,NIO Inc,NIO,Meme/Speculative
2024-04-30 00:00:00+00:00,4.630000114440918,4.789999961853027,3.609999895095825,4.71999979019165,1038835000,0.0,0.0,NIO Inc,NIO,Meme/Speculative
2024-05-31 00:00:00+00:00,4.760000228881836,6.050000190734863,4.710000038146973,5.389999866485596,1416903700,0.0,0.0,NIO Inc,NIO,Meme/Speculative
2024-06-30 00:00:00+00:00,5.539999961853027,5.630000114440918,4.139999866485596,4.159999847412109,770257600,0.0,0.0,NIO Inc,NIO,Meme/Speculative
2024-07-31 00:00:00+00:00,4.349999904632568,5.039999961853027,4.239999771118164,4.440000057220459,961649700,0.0,0.0,NIO Inc,NIO,Meme/Speculative
2024-08-31 00:00:00+00:00,4.449999809265137,4.449999809265137,3.630000114440918,4.039999961853027,828819800,0.0,0.0,NIO Inc,NIO,Meme/Speculative
2024-09-30 00:00:00+00:00,3.9800000190734863,7.710000038146973,3.9600000381469727,6.679999828338623,1768083300,0.0,0.0,NIO Inc,NIO,Meme/Speculative
2024-10-31 00:00:00+00:00,6.900000095367432,7.380000114440918,4.960000038146973,5.099999904632568,1641082800,0.0,0.0,NIO Inc,NIO,Meme/Speculative
2024-11-30 00:00:00+00:00,5.139999866485596,5.380000114440918,4.28000020980835,4.480000019073486,1120835000,0.0,0.0,NIO Inc,NIO,Meme/Speculative
2024-12-31 00:00:00+00:00,4.489999771118164,5.360000133514404,4.28000020980835,4.360000133514404,1014737400,0.0,0.0,NIO Inc,NIO,Meme/Speculative
2025-01-31 00:00:00+00:00,4.420000076293945,4.909999847412109,4.010000228881836,4.320000171661377,836932200,0.0,0.0,NIO Inc,NIO,Meme/Speculative
2025-02-28 00:00:00+00:00,4.170000076293945,5.130000114440918,4.03000020980835,4.630000114440918,1152261500,0.0,0.0,NIO Inc,NIO,Meme/Speculative
2025-03-31 00:00:00+00:00,4.489999771118164,5.489999771118164,3.569999933242798,3.809999942779541,1473343500,0.0,0.0,NIO Inc,NIO,Meme/Speculative
2025-04-30 00:00:00+00:00,3.869999885559082,4.440000057220459,3.0199999809265137,4.050000190734863,1040690700,0.0,0.0,NIO Inc,NIO,Meme/Speculative
2025-05-31 00:00:00+00:00,4.099999904632568,4.269999980926514,3.5199999809265137,3.539999961853028,640569200,0.0,0.0,NIO Inc,NIO,Meme/Speculative
2025-06-30 00:00:00+00:00,3.569999933242798,3.920000076293945,3.3399999141693115,3.430000066757202,687608800,0.0,0.0,NIO Inc,NIO,Meme/Speculative
2025-07-31 00:00:00+00:00,3.470000028610229,5.210000038146973,3.380000114440918,4.869999885559082,1532380500,0.0,0.0,NIO Inc,NIO,Meme/Speculative
2025-08-31 00:00:00+00:00,4.739999771118164,6.829999923706055,4.369999885559082,6.380000114440918,1729175500,0.0,0.0,NIO Inc,NIO,Meme/Speculative
2025-09-30 00:00:00+00:00,6.239999771118164,7.78000020980835,5.599999904632568,7.619999885559082,2012133500,0.0,0.0,NIO Inc,NIO,Meme/Speculative
2025-10-31 00:00:00+00:00,7.789999961853027,8.020000457763672,6.28000020980835,7.25,1395638500,0.0,0.0,NIO Inc,NIO,Meme/Speculative
2025-11-30 00:00:00+00:00,7.340000152587891,7.539999961853027,5.300000190734863,5.5,1082119800,0.0,0.0,NIO Inc,NIO,Meme/Speculative
2025-12-31 00:00:00+00:00,5.329999923706055,5.789999961853027,4.730000019073486,5.099999904632568,933542100,0.0,0.0,NIO Inc,NIO,Meme/Speculative
2026-01-31 00:00:00+00:00,5.320000171661377,5.380000114440918,4.670000076293945,4.730000019073486,243781900,0.0,0.0,NIO Inc,NIO,Meme/Speculative
2016-01-31 00:00:00+00:00,0.7234839678567502,0.7469006168466759,0.6451838298081144,0.7144586443901062,5797512000,0.0,0.0,NVIDIA,NVDA,Technology
2016-02-29 00:00:00+00:00,0.7137267369987141,0.7838957931559785,0.6037163721570048,0.7677380442619324,9000048000,0.002875,0.0,NVIDIA,NVDA,Technology
2016-03-31 00:00:00+00:00,0.7696967031549656,0.887452366287746,0.7599040824154419,0.8722739815711975,6577904000,0.0,0.0,NVIDIA,NVDA,Technology
2016-04-30 00:00:00+00:00,0.86688798240161,0.917075040647264,0.8477925553934335,0.8698258399963379,6734252000,0.0,0.0,NVIDIA,NVDA,Technology
2016-05-31 00:00:00+00:00,0.8781492708572437,1.1491978557132532,0.8421618312188571,1.1467432975769043,10367836000,0.002875,0.0,NVIDIA,NVDA,Technology
2016-06-30 00:00:00+00:00,1.141343730792743,1.1914153293968397,1.093971628165535,1.153861403465271,8197900000,0.0,0.0,NVIDIA,NVDA,Technology
2016-07-31 00:00:00+00:00,1.1474797117442903,1.4052024494979225,1.1298073489867968,1.4015207290649414,7210052000,0.0,0.0,NVIDIA,NVDA,Technology
2016-08-31 00:00:00+00:00,1.407411676276708,1.5586086913402226,1.3622487755905348,1.5083658695220947,9305120000,0.002875,0.0,NVIDIA,NVDA,Technology
2016-09-30 00:00:00+00:00,1.5095956886998698,1.701399452566068,1.4095130816351196,1.6849240064620972,8665252000,0.0,0.0,NVIDIA,NVDA,Technology
2016-10-31 00:00:00+00:00,1.684924051636938,1.7938588373803064,1.5663992587408548,1.7498422861099243,6551568000,0.0,0.0,NVIDIA,NVDA,Technology
2016-11-30 00:00:00+00:00,1.756235936280617,2.345728122432591,1.6372189340212473,2.2706148624420166,12767464000,0.0035,0.0,NVIDIA,NVDA,Technology
2016-12-31 00:00:00+00:00,2.268152377475334,2.9535250003728497,2.087636065218775,2.628692865371704,18082228000,0.0,0.0,NVIDIA,NVDA,Technology
2017-01-31 00:00:00+00:00,2.5710658064833773,2.755523037318232,2.4407886292132925,2.688783407211304,13396840000,0.0,0.0,NVIDIA,NVDA,Technology
2017-02-28 00:00:00+00:00,2.7232614255993477,2.9779048170495623,2.3597843540279624,2.5023088455200195,14206788000,0.0035,0.0,NVIDIA,NVDA,Technology
2017-03-31 00:00:00+00:00,2.559268751749771,2.712396071070881,2.3467162954385943,2.686012029647827,14288960000,0.0,0.0,NVIDIA,NVDA,Technology
2017-04-30 00:00:00+00:00,2.6865052490166086,2.7037658767975663,2.354606866836548,2.571845054626465,9572572000,0.0,0.0,NVIDIA,NVDA,Technology
2017-05-31 00:00:00+00:00,2.582694592440228,3.628565556757788,2.522775782713464,3.56315279006958,19209444000,0.0035,0.0,NVIDIA,NVDA,Technology
2017-06-30 00:00:00+00:00,3.578950720657552,4.159273925836498,3.5078603486110578,3.568336248397827,23445520000,0.0,0.0,NVIDIA,NVDA,Technology
2017-07-31 00:00:00+00:00,3.58043135096486,4.1945720898546,3.4207250299876257,4.011415958404541,15491016000,0.0,0.0,NVIDIA,NVDA,Technology
2017-08-31 00:00:00+00:00,4.002036744292917,4.308859325728728,3.7744490883408073,4.186158657073975,14728216000,0.0035,0.0,NVIDIA,NVDA,Technology
2017-09-30 00:00:00+00:00,4.198759364901671,4.723757913135313,4.019890080118564,4.416665554046631,14447336000,0.0,0.0,NVIDIA,NVDA,Technology
2017-10-31 00:00:00+00:00,4.466817192681763,5.136098752293261,4.372935179867629,5.109416484832764,11422664000,0.0,0.0,NVIDIA,NVDA,Technology
2017-11-30 00:00:00+00:00,5.172170030094623,5.402429256735592,4.727782135553212,4.962156772613525,11830896000,0.00375,0.0,NVIDIA,NVDA,Technology
2017-12-31 00:00:00+00:00,4.927542754736434,4.952019561034658,4.464480970949893,4.7839035987854,10112216000,0.0,0.0,NVIDIA,NVDA,Technology
2018-01-31 00:00:00+00:00,4.840270419003538,6.16270703230411,4.808625375326003,6.076918125152588,11456216000,0.0,0.0,NVIDIA,NVDA,Technology
2018-02-28 00:00:00+00:00,5.896933147971347,6.229458829968278,5.043495756542253,5.986687183380127,14915528000,0.00375,0.0,NVIDIA,NVDA,Technology
2018-03-31 00:00:00+00:00,5.98446280545373,6.295919271334313,5.36822874571568,5.729162216186523,14118440000,0.0,0.0,NVIDIA,NVDA,Technology
2018-04-30 00:00:00+00:00,5.658657476410285,5.918658687791795,5.202482412930201,5.563661575317383,11144008000,0.0,0.0,NVIDIA,NVDA,Technology
2018-05-31 00:00:00+00:00,5.5554986178965695,6.444347860329408,5.496868301597587,6.242630481719971,11978240000,0.00375,0.0,NVIDIA,NVDA,Technology
2018-06-30 00:00:00+00:00,6.287435040575867,6.663691553497641,5.817362744360287,5.864147663116455,8785540000,0.0,0.0,NVIDIA,NVDA,Technology
2018-07-31 00:00:00+00:00,5.794587684549925,6.351794294310983,5.774042089663885,6.061185836791992,6321876000,0.0,0.0,NVIDIA,NVDA,Technology
2018-08-31 00:00:00+00:00,6.092624484649384,6.977420910159049,5.909198347296482,6.951663494110107,10917836000,0.00375,0.0,NVIDIA,NVDA,Technology
2018-09-30 00:00:00+00:00,6.938536185117473,7.064105976684454,6.406784991218473,6.960083961486816,6340200000,0.0,0.0,NVIDIA,NVDA,Technology
2018-10-31 00:00:00+00:00,7.037853482459887,7.25085031198395,4.359277922325678,5.221673011779785,12977976000,0.0,0.0,NVIDIA,NVDA,Technology
2018-11-30 00:00:00+00:00,5.2580801646965245,5.4983228235564425,3.301717597552509,4.051756858825684,16162340000,0.004,0.0,NVIDIA,NVDA,Technology
2018-12-31 00:00:00+00:00,4.27910009978425,4.330667515339227,3.085612226661851,3.309731721878052,12451408000,0.0,0.0,NVIDIA,NVDA,Technology
2019-01-31 00:00:00+00:00,3.238827003762373,3.988536867766496,3.1656905940167737,3.563849449157715,16870992000,0.0,0.0,NVIDIA,NVDA,Technology
2019-02-28 00:00:00+00:00,3.5824438700656303,4.097621376367747,3.5348433711332614,3.828354835510254,11445728000,0.004,0.0,NVIDIA,NVDA,Technology
2019-03-31 00:00:00+00:00,3.87823838003678,4.591247282048804,3.593581441786159,4.456239223480225,12068540000,0.0,0.0,NVIDIA,NVDA,Technology
2019-04-30 00:00:00+00:00,4.548064245476559,4.8014514592230695,4.300880818097131,4.491977691650391,9437780000,0.0,0.0,NVIDIA,NVDA,Technology
2019-05-31 00:00:00+00:00,4.544341981489812,4.588019935758864,3.3638833165670223,3.3656225204467773,11180752000,0.004,0.0,NVIDIA,NVDA,Technology
2019-06-30 00:00:00+00:00,3.376802698864433,4.108763474480115,3.29456300985051,4.08043909072876,8233340000,0.0,0.0,NVIDIA,NVDA,Technology
2019-07-31 00:00:00+00:00,4.2876526706371365,4.444679574485205,3.851110999361085,4.191996574401856,8415984000,0.0,0.0,NVIDIA,NVDA,Technology
2019-08-31 00:00:00+00:00,4.202431691299694,4.309518087668793,3.6620338166533615,4.166053295135498,9450328000,0.004,0.0,NVIDIA,NVDA,Technology
2019-09-30 00:00:00+00:00,4.093182863925962,4.68559651680179,4.060105276036855,4.329203128814697,6347768000,0.0,0.0,NVIDIA,NVDA,Technology
2019-10-31 00:00:00+00:00,4.352331805006264,5.195440687008096,4.231213790658827,4.999461650848389,7696172000,0.0,0.0,NVIDIA,NVDA,Technology
2019-11-30 00:00:00+00:00,4.964146702446307,5.5065716129280124,4.93902756383264,5.394403457641602,7321800000,0.004,0.0,NVIDIA,NVDA,Technology
2019-12-31 00:00:00+00:00,5.387434947196444,6.018365791078846,4.986974540252343,5.856339931488037,6543532000,0.0,0.0,NVIDIA,NVDA,Technology
2020-01-31 00:00:00+00:00,5.942205177047292,6.458649601386447,5.756037244664874,5.884463310241699,6125412000,0.0,0.0,NVIDIA,NVDA,Technology
2020-02-29 00:00:00+00:00,5.866295112166753,7.872832958406956,5.860073001776893,6.725744724273682,11848652000,0.004,0.0,NVIDIA,NVDA,Technology
2020-03-31 00:00:00+00:00,6.895836393917819,7.094819196634212,4.499602693892896,6.564618110656738,15773952000,0.0,0.0,NVIDIA,NVDA,Technology
2020-04-30 00:00:00+00:00,6.366633735921976,7.575708458016222,5.936796025943674,7.278855800628662,11278304000,0.0,0.0,NVIDIA,NVDA,Technology
2020-05-31 00:00:00+00:00,7.0813689006672105,9.14638419522325,6.993956931536458,8.841315269470215,12548876000,0.0,0.0,NVIDIA,NVDA,Technology
2020-06-30 00:00:00+00:00,8.799227669489188,9.609745343124262,8.624653302312682,9.465484619140623,9719464000,0.004,0.0,NVIDIA,NVDA,Technology
2020-07-31 00:00:00+00:00,9.488407085889031,10.755586606969404,9.38102318446714,10.578691482543944,8094452000,0.0,0.0,NVIDIA,NVDA,Technology
2020-08-31 00:00:00+00:00,10.696043307725434,13.528885669906302,10.67885184268175,13.32906723022461,9672544000,0.0,0.0,NVIDIA,NVDA,Technology
2020-09-30 00:00:00+00:00,13.4382267458466,14.681114606346256,11.667981426416873,13.488571166992188,15856552000,0.004,0.0,NVIDIA,NVDA,Technology
2020-10-31 00:00:00+00:00,13.715365122828189,14.30403733801571,12.261885015446572,12.495160102844238,8022356000,0.0,0.0,NVIDIA,NVDA,Technology
2020-11-30 00:00:00+00:00,12.618526270619803,14.645974479427236,12.35659080784414,13.359970092773438,7594820000,0.0,0.0,NVIDIA,NVDA,Technology
2020-12-31 00:00:00+00:00,13.450440170378451,13.692744171965034,12.727459055388335,13.018389701843262,5120996000,0.004,0.0,NVIDIA,NVDA,Technology
2021-01-31 00:00:00+00:00,13.067501258122682,13.959992973771396,12.550706673589335,12.95332145690918,6154172000,0.0,0.0,NVIDIA,NVDA,Technology
2021-02-28 00:00:00+00:00,13.016646669284183,15.329391251477391,12.866568401432255,13.67604160308838,6680324000,0.0,0.0,NVIDIA,NVDA,Technology
2021-03-31 00:00:00+00:00,13.83609126129322,13.885951239822203,11.534063017322843,13.315410614013672,7648656000,0.004,0.0,NVIDIA,NVDA,Technology
2021-04-30 00:00:00+00:00,13.538859226814786,16.174357748910218,13.47800848016425,14.972574234008787,6718796000,0.0,0.0,NVIDIA,NVDA,Technology
2021-05-31 00:00:00+00:00,15.08779186962396,16.23745619906393,13.42588905794775,16.20453643798828,7054380000,0.0,0.0,NVIDIA,NVDA,Technology
2021-06-30 00:00:00+00:00,16.22997265762719,20.11750756756324,15.864124228355529,19.95786476135254,10273292000,0.004,0.0,NVIDIA,NVDA,Technology
2021-07-31 00:00:00+00:00,20.080091067121558,20.828417245407213,17.825636888480787,19.455493927001957,7823077000,0.0,4.0,NVIDIA,NVDA,Technology
2021-08-31 00:00:00+00:00,19.65603923385917,22.99157841787661,18.72012927852923,22.338991165161133,6416386000,0.004,0.0,NVIDIA,NVDA,Technology
2021-09-30 00:00:00+00:00,22.438786670212654,22.938751008342507,20.42492654467273,20.67341423034668,4998986000,0.0,0.0,NVIDIA,NVDA,Technology
2021-10-31 00:00:00+00:00,20.70734477711829,25.656154574337645,19.514802475612257,25.51444625854492,4971078000,0.0,0.0,NVIDIA,NVDA,Technology
2021-11-30 00:00:00+00:00,25.59627502178263,34.57578276040281,25.175141619253885,32.60883712768555,10811170000,0.0,0.0,NVIDIA,NVDA,Technology
2021-12-31 00:00:00+00:00,33.15477887681169,33.22464323996772,27.09252129792592,29.354137420654297,11058505000,0.004,0.0,NVIDIA,NVDA,Technology
2022-01-31 00:00:00+00:00,29.757355089698684,30.651622638194823,20.847616010504623,24.43865776062012,10682164000,0.0,0.0,NVIDIA,NVDA,Technology
2022-02-28 00:00:00+00:00,25.0554650218014,26.87294386426825,20.84961126769638,24.337854385375977,10644270000,0.0,0.0,NVIDIA,NVDA,Technology
2022-03-31 00:00:00+00:00,24.2440354711342,28.894958306684245,20.613586007361604,27.23788833618164,11644599000,0.004,0.0,NVIDIA,NVDA,Technology
2022-04-30 00:00:00+00:00,27.32672893992416,27.509408871839582,18.257748727324,18.51429557800293,11114390000,0.0,0.0,NVIDIA,NVDA,Technology
2022-05-31 00:00:00+00:00,18.508308488040186,20.364026989571897,15.53955185958914,18.63907814025879,13833021000,0.0,0.0,NVIDIA,NVDA,Technology
2022-06-30 00:00:00+00:00,18.69098376717136,19.58440215388404,14.838930531324044,15.135469436645508,10554791000,0.004,0.0,NVIDIA,NVDA,Technology
2022-07-31 00:00:00+00:00,14.875872599017027,18.21567931837126,14.033182701418724,18.13480567932129,10564476000,0.0,0.0,NVIDIA,NVDA,Technology
2022-08-31 00:00:00+00:00,18.153775758484443,19.24408337841175,14.935779319161014,15.07056999206543,12069648000,0.0,0.0,NVIDIA,NVDA,Technology
2022-09-30 00:00:00+00:00,14.186941368669402,14.528734878407432,11.931002337538771,12.123759269714355,13130578000,0.004,0.0,NVIDIA,NVDA,Technology
2022-10-31 00:00:00+00:00,12.331496475400929,13.832610066638065,10.799423302844042,13.48005199432373,12549277000,0.0,0.0,NVIDIA,NVDA,Technology
2022-11-30 00:00:00+00:00,13.793659368317671,16.97665292715978,12.939731835884348,16.90607452392578,10600603000,0.004,0.0,NVIDIA,NVDA,Technology
2022-12-31 00:00:00+00:00,16.98200093379881,18.77120879861469,13.87011470494691,14.599385261535645,8946152000,0.0,0.0,NVIDIA,NVDA,Technology
2023-01-31 00:00:00+00:00,14.836147214679976,20.607370568656837,14.01996530735585,19.51745986938477,9454960000,0.0,0.0,NVIDIA,NVDA,Technology
2023-02-28 00:00:00+00:00,19.671305692212208,23.864112008367524,19.591385781806697,23.192785263061523,10393479000,0.0,0.0,NVIDIA,NVDA,Technology
2023-03-31 00:00:00+00:00,23.16880605034979,27.81088673556325,22.278483008632293,27.75393486022949,11263731000,0.004,0.0,NVIDIA,NVDA,Technology
2023-04-30 00:00:00+00:00,27.48615746775892,28.08665680092729,26.198227341528817,27.7259578704834,7436450000,0.0,0.0,NVIDIA,NVDA,Technology
2023-05-31 00:00:00+00:00,27.81688091763852,41.90316857958582,27.21738086996925,37.802581787109375,11697819000,0.0,0.0,NVIDIA,NVDA,Technology
2023-06-30 00:00:00+00:00,38.45703459331072,43.95802428329941,37.32883713586247,42.271244049072266,10527050000,0.004,0.0,NVIDIA,NVDA,Technology
2023-07-31 00:00:00+00:00,42.48608848507777,48.05304297966956,41.31594188398918,46.69503402709961,8706845000,0.0,0.0,NVIDIA,NVDA,Technology
2023-08-31 00:00:00+00:00,46.42622740215592,50.22945652567972,40.28169257903262,49.319114685058594,13632152000,0.0,0.0,NVIDIA,NVDA,Technology
2023-09-30 00:00:00+00:00,49.72583103372229,49.76380161381712,40.95358372498065,43.470951080322266,8579273000,0.004,0.0,NVIDIA,NVDA,Technology
2023-10-31 00:00:00+00:00,44.00161019361143,47.57830726462998,39.20471160397216,40.75371170043945,10141101000,0.0,0.0,NVIDIA,NVDA,Technology
2023-11-30 00:00:00+00:00,40.857648711306,50.515417145162935,40.84265898891911,46.73984909057617,9144618000,0.0,0.0,NVIDIA,NVDA,Technology
2023-12-31 00:00:00+00:00,46.495008690555146,50.40492266538302,44.98098181883111,49.49442672729492,7411887000,0.004,0.0,NVIDIA,NVDA,Technology
2024-01-31 00:00:00+00:00,49.216575301212856,63.45764174361534,47.29364909537562,61.49274444580078,9706237000,0.0,0.0,NVIDIA,NVDA,Technology
2024-02-29 00:00:00+00:00,62.06542319875055,82.34812129044985,61.6156767942891,79.06793975830078,11061356000,0.0,0.0,NVIDIA,NVDA,Technology
2024-03-31 00:00:00+00:00,79.95544705800646,97.35034416273696,79.39075927311268,90.30992126464844,12149218000,0.004,0.0,NVIDIA,NVDA,Technology
2024-04-30 00:00:00+00:00,90.25295469319975,92.17796738530402,75.56745676539116,86.35795593261719,10072334000,0.0,0.0,NVIDIA,NVDA,Technology
2024-05-31 00:00:00+00:00,85.0336065353816,115.75994504924772,81.21354987762143,109.57709503173828,9645174000,0.0,0.0,NVIDIA,NVDA,Technology
2024-06-30 00:00:00+00:00,113.56306583418552,140.69978702792184,111.94588702357191,123.48714447021484,7424176700,0.01,10.0,NVIDIA,NVDA,Technology
2024-07-31 00:00:00+00:00,123.41717942454189,136.0917542249626,102.49612232025332,116.96991729736328,6405438600,0.0,0.0,NVIDIA,NVDA,Technology
2024-08-31 00:00:00+00:00,117.47971689042026,131.2038489341108,90.65120176374948,119.31893157958984,8105367800,0.0,0.0,NVIDIA,NVDA,Technology
2024-09-30 00:00:00+00:00,115.96037175405029,127.62629022604028,100.90680264312545,121.39842987060548,6271163200,0.01,0.0,NVIDIA,NVDA,Technology
2024-10-31 00:00:00+00:00,121.72830933905864,144.37056551302095,115.1005893150636,132.7145538330078,5627917200,0.0,0.0,NVIDIA,NVDA,Technology
2024-11-30 00:00:00+00:00,134.65389558133728,152.83766902515802,131.7548742168772,138.2026824951172,4497414600,0.0,0.0,NVIDIA,NVDA,Technology
2024-12-31 00:00:00+00:00,138.78246325473978,146.49993108099994,126.82530622422306,134.25328063964844,4085855200,0.01,0.0,NVIDIA,NVDA,Technology
2025-01-31 00:00:00+00:00,135.96280522543205,153.08812187242287,116.21820602712089,120.03717041015624,5948400800,0.0,0.0,NVIDIA,NVDA,Technology
2025-02-28 00:00:00+00:00,114.71862375628316,143.40079701868018,112.97910166242248,124.8858413696289,4755230400,0.0,0.0,NVIDIA,NVDA,Technology
2025-03-31 00:00:00+00:00,123.47622912906816,123.66617198823369,103.63119133667838,108.3603286743164,6177950300,0.01,0.0,NVIDIA,NVDA,Technology
2025-04-30 00:00:00+00:00,108.50030342775528,115.07910675948128,86.60427995314998,108.90023040771484,6811006400,0.0,0.0,NVIDIA,NVDA,Technology
2025-05-31 00:00:00+00:00,113.05947899879722,143.46397204605128,110.79989381468876,135.10548400878906,4756803800,0.0,0.0,NVIDIA,NVDA,Technology
2025-06-30 00:00:00+00:00,135.46541564458173,158.69221415352254,135.37542038395227,157.97230529785156,3821296800,0.01,0.0,NVIDIA,NVDA,Technology
2025-07-31 00:00:00+00:00,156.27249233706732,183.2794667127293,151.4730420343122,177.85006713867188,3596804400,0.0,0.0,NVIDIA,NVDA,Technology
2025-08-31 00:00:00+00:00,174.07048465468185,184.4593247511904,168.7810892510499,174.1604766845703,3608891200,0.0,0.0,NVIDIA,NVDA,Technology
2025-09-30 00:00:00+00:00,169.980952871088,187.3395719841704,164.05163046676552,186.56961059570312,3890495300,0.01,0.0,NVIDIA,NVDA,Technology
2025-10-31 00:00:00+00:00,185.22969505995903,212.1781954922272,176.7501502622395,202.47872924804688,4031017400,0.0,0.0,NVIDIA,NVDA,Technology
2025-11-30 00:00:00+00:00,208.06841462190084,211.32822759164597,169.54056066153746,176.99014282226562,4160148300,0.0,0.0,NVIDIA,NVDA,Technology
2025-12-31 00:00:00+00:00,174.75027181562072,192.69000244140625,170.30999755859375,186.5,3629693700,0.01,0.0,NVIDIA,NVDA,Technology
2026-01-31 00:00:00+00:00,189.83999633789065,193.6300048828125,183.7100067138672,185.0399932861328,834249400,0.0,0.0,NVIDIA,NVDA,Technology
2016-01-31 00:00:00+00:00,302.26271107206014,309.33945890749794,263.76942485420943,270.95343017578125,214378916,0.0,0.0,NatWest Group,NWG.L,Banking
2016-02-29 00:00:00+00:00,274.92066378143227,279.7457913783634,231.4951827759416,240.0730743408203,374442933,0.0,0.0,NatWest Group,NWG.L,Banking
2016-03-31 00:00:00+00:00,239.7513516860281,255.727722981593,232.62106824758823,234.2830047607422,396270255,0.0,0.0,NatWest Group,NWG.L,Banking
2016-04-30 00:00:00+00:00,232.99635673025645,275.67127027033195,219.05729294088164,246.61376953125,318411971,0.0,0.0,NatWest Group,NWG.L,Banking
2016-05-31 00:00:00+00:00,245.9703751181158,275.9928861867661,220.5219940078343,256.9071044921875,309892633,0.0,0.0,NatWest Group,NWG.L,Banking
2016-06-30 00:00:00+00:00,256.79999073735223,274.0628756655694,162.44337116322097,181.9580535888672,564204066,0.0,0.0,NatWest Group,NWG.L,Banking
2016-07-31 00:00:00+00:00,184.20967932521984,210.8011146869794,159.1194102569132,202.7593688964844,502965917,0.0,0.0,NatWest Group,NWG.L,Banking
2016-08-31 00:00:00+00:00,201.36545389430665,220.354768206872,186.35423473941583,215.51901245117188,383622360,0.0,0.0,NatWest Group,NWG.L,Banking
2016-09-30 00:00:00+00:00,217.66338362679824,223.8823794815268,180.3496779018201,191.7153778076172,369313961,0.0,0.0,NatWest Group,NWG.L,Banking
2016-10-31 00:00:00+00:00,191.28643196383933,223.0245301231836,181.6363419647817,202.7593688964844,406318813,0.0,0.0,NatWest Group,NWG.L,Banking
2016-11-30 00:00:00+00:00,204.3677171801733,228.8145968075899,193.00421725097308,208.3349609375,442878387,0.0,0.0,NatWest Group,NWG.L,Banking
2016-12-31 00:00:00+00:00,205.97608385385087,253.2615918900749,204.79664242327607,240.8237152099609,281387893,0.0,0.0,NatWest Group,NWG.L,Banking
2017-01-31 00:00:00+00:00,243.28984011676363,260.2311298573088,228.81463571752855,237.8214263916016,332340888,0.0,0.0,NatWest Group,NWG.L,Banking
2017-02-28 00:00:00+00:00,239.5370306492279,279.74584021288626,236.53474252260327,254.9771728515625,362538767,0.0,0.0,NatWest Group,NWG.L,Banking
2017-03-31 00:00:00+00:00,257.12164248357595,268.2728882765897,248.0076680933808,259.5876770019531,311177592,0.0,0.0,NatWest Group,NWG.L,Banking
2017-04-30 00:00:00+00:00,259.9093883618305,287.0370666975681,237.82144471276928,284.57086181640625,257265610,0.0,0.0,NatWest Group,NWG.L,Banking
2017-05-31 00:00:00+00:00,283.0696776874902,290.57534335475617,273.63404864218927,277.601318359375,232280383,0.0,0.0,NatWest Group,NWG.L,Banking
2017-06-30 00:00:00+00:00,281.13971302583155,283.17691592947244,261.9467088848673,265.0561218261719,163286317,0.0,0.0,NatWest Group,NWG.L,Banking
2017-07-31 00:00:00+00:00,266.12837948989056,284.6780348264475,261.0888605108096,268.7017822265625,212122454,0.0,0.0,NatWest Group,NWG.L,Banking
2017-08-31 00:00:00+00:00,269.34512019535606,288.4308609798574,264.8416934390989,271.0606689453125,223673825,0.0,0.0,NatWest Group,NWG.L,Banking
2017-09-30 00:00:00+00:00,270.9534341385495,291.4330549047663,256.9071518711626,287.6802673339844,238927031,0.0,0.0,NatWest Group,NWG.L,Banking
2017-10-31 00:00:00+00:00,287.03700108361573,311.4839122872479,285.7502395499929,302.9059753417969,279176791,0.0,0.0,NatWest Group,NWG.L,Banking
2017-11-30 00:00:00+00:00,303.9782003868004,305.5865839318748,285.6431132215295,296.5798034667969,228792822,0.0,0.0,NatWest Group,NWG.L,Banking
2017-12-31 00:00:00+00:00,296.3654168587992,303.2276401969085,289.181435241754,298.0809936523437,186349806,0.0,0.0,NatWest Group,NWG.L,Banking
2018-01-31 00:00:00+00:00,297.22318621565034,326.1733847472414,294.5425782224644,308.4815979003906,290165983,0.0,0.0,NatWest Group,NWG.L,Banking
2018-02-28 00:00:00+00:00,311.59104765552166,312.6632626021439,286.5008493517052,287.0369873046875,351086169,0.0,0.0,NatWest Group,NWG.L,Banking
2018-03-31 00:00:00+00:00,285.2141693674223,286.5008701633513,270.84626176274327,277.4940185546875,345345652,0.0,0.0,NatWest Group,NWG.L,Banking
2018-04-30 00:00:00+00:00,274.5989568850542,297.3304071800322,272.561769856478,289.2886657714844,276245266,0.0,0.0,NatWest Group,NWG.L,Banking
2018-05-31 00:00:00+00:00,289.93187559121424,318.88235130024253,287.6802752055331,299.47491455078125,589409362,0.0,0.0,NatWest Group,NWG.L,Banking
2018-06-30 00:00:00+00:00,300.65438282007875,302.0482809066307,269.2378578666415,274.5990295410156,1156948015,0.0,0.0,NatWest Group,NWG.L,Banking
2018-07-31 00:00:00+00:00,271.7040925246061,277.4940360021494,257.3359781978945,272.5617980957031,455983140,0.0,0.0,NatWest Group,NWG.L,Banking
2018-08-31 00:00:00+00:00,272.5618290198996,278.6735936960055,255.62043444531355,258.7509460449219,429505687,2.1538,0.0,NatWest Group,NWG.L,Banking
2018-09-30 00:00:00+00:00,259.07263113873023,283.9505070510451,258.536503227176,266.4716186523437,471374254,0.0,0.0,NatWest Group,NWG.L,Banking
2018-10-31 00:00:00+00:00,264.8631958549599,270.3320584839428,236.76841144091495,253.49659729003903,470577704,0.0,0.0,NatWest Group,NWG.L,Banking
2018-11-30 00:00:00+00:00,253.60384800127724,272.6911384958464,223.6860739207233,233.9803771972656,577291399,0.0,0.0,NatWest Group,NWG.L,Banking
2018-12-31 00:00:00+00:00,238.1624250447773,242.55885013274624,214.57138863541107,232.3718719482422,301361781,0.0,0.0,NatWest Group,NWG.L,Banking
2019-01-31 00:00:00+00:00,229.476626438229,265.2920983196873,224.43665741826777,258.3220520019531,334795995,0.0,0.0,NatWest Group,NWG.L,Banking
2019-02-28 00:00:00+00:00,258.7509795651383,287.1673982333978,251.1374485831712,284.9155578613281,338690252,0.0,0.0,NatWest Group,NWG.L,Banking
2019-03-31 00:00:00+00:00,287.38187268498257,294.0303590181053,261.4330898855262,265.7240905761719,406293097,11.8462,0.0,NatWest Group,NWG.L,Banking
2019-04-30 00:00:00+00:00,266.2605166866309,285.46303064809376,249.41809450984712,256.60552978515625,363582552,0.0,0.0,NatWest Group,NWG.L,Banking
2019-05-31 00:00:00+00:00,253.6018602010127,259.716562288562,227.8554559611208,229.2500457763672,298465091,0.0,0.0,NatWest Group,NWG.L,Banking
2019-06-30 00:00:00+00:00,227.74813462036747,240.62137453141477,226.24629563844505,238.15403747558597,283597044,0.0,0.0,NatWest Group,NWG.L,Banking
2019-07-31 00:00:00+00:00,238.7976494059034,249.096216509008,226.8899900986776,232.8973846435547,280219074,0.0,0.0,NatWest Group,NWG.L,Banking
2019-08-31 00:00:00+00:00,223.2425439919249,226.6014308294688,189.53050345591612,199.08485412597656,396149867,15.0769,0.0,NatWest Group,NWG.L,Banking
2019-09-30 00:00:00+00:00,198.22606628806625,233.3839278407276,194.7907407475928,216.3148651123047,393125362,0.0,0.0,NatWest Group,NWG.L,Banking
2019-10-31 00:00:00+00:00,216.3148511125154,265.9117081349252,202.5737867477888,228.33837890625,557880285,0.0,0.0,NatWest Group,NWG.L,Banking
2019-11-30 00:00:00+00:00,228.66047279845003,251.0971214228452,2.397108753079559,242.83087158203125,321642066,0.0,0.0,NatWest Group,NWG.L,Banking
2019-12-31 00:00:00+00:00,242.72362535741908,284.48365594968624,231.55899705060827,257.9677124023437,465991980,0.0,0.0,NatWest Group,NWG.L,Banking
2020-01-31 00:00:00+00:00,261.18815330369523,263.657354051775,231.88097121156125,234.3501434326172,282893507,0.0,0.0,NatWest Group,NWG.L,Banking
2020-02-29 00:00:00+00:00,231.4516627304737,247.9838801383513,186.095258564806,191.78494262695312,499247065,0.0,0.0,NatWest Group,NWG.L,Banking
2020-03-31 00:00:00+00:00,195.2739055357702,195.81059704194772,109.9823973284864,114.866943359375,774258447,0.0,0.0,NatWest Group,NWG.L,Banking
2020-04-30 00:00:00+00:00,114.06178240842218,133.70727720506787,108.58682539404222,121.57648468017578,570621475,0.0,0.0,NatWest Group,NWG.L,Banking
2020-05-31 00:00:00+00:00,119.1610277207599,133.8683824921266,107.71298566647638,123.83084869384766,595678964,0.0,0.0,NatWest Group,NWG.L,Banking
2020-06-30 00:00:00+00:00,124.9580708322065,151.8197958916664,121.46911723309356,128.2322998046875,626314135,0.0,0.0,NatWest Group,NWG.L,Banking
2020-07-31 00:00:00+00:00,130.4330561101075,137.30357576266806,111.4317191764136,113.79344177246094,321532685,0.0,0.0,NatWest Group,NWG.L,Banking
2020-08-31 00:00:00+00:00,112.8809357794477,131.02347476571177,111.16326884489568,114.54484558105467,271851535,0.0,0.0,NatWest Group,NWG.L,Banking
2020-09-30 00:00:00+00:00,115.18901242173236,118.2485186731147,97.1967908224787,115.40373992919922,429415659,0.0,0.0,NatWest Group,NWG.L,Banking
2020-10-31 00:00:00+00:00,114.6522220026473,135.63964758866751,113.68608139422058,133.3315887451172,382604103,0.0,0.0,NatWest Group,NWG.L,Banking
2020-11-30 00:00:00+00:00,133.385181073023,181.58645711722937,126.890444849675,165.9667205810547,492683733,0.0,0.0,NatWest Group,NWG.L,Banking
2020-12-31 00:00:00+00:00,166.6107745625969,186.4709575318577,157.1638132121679,179.97613525390625,413161872,0.0,0.0,NatWest Group,NWG.L,Banking
2021-01-31 00:00:00+00:00,182.3378606423943,182.3378606423943,156.0902496748839,158.45201110839844,315221720,0.0,0.0,NatWest Group,NWG.L,Banking
2021-02-28 00:00:00+00:00,158.720379633565,203.48628991766185,157.59324220752453,197.74301147460935,410169256,0.0,0.0,NatWest Group,NWG.L,Banking
2021-03-31 00:00:00+00:00,199.3532691438791,214.0396687146447,196.18629902462536,211.1943206787109,409747043,3.2308002,0.0,NatWest Group,NWG.L,Banking
2021-04-30 00:00:00+00:00,212.05332560741823,223.6490980064204,203.7322184381497,211.0869598388672,330947136,0.0,0.0,NatWest Group,NWG.L,Banking
2021-05-31 00:00:00+00:00,213.61014471579665,229.9838767577424,198.3637657597239,224.07861328125,523472583,0.0,0.0,NatWest Group,NWG.L,Banking
2021-06-30 00:00:00+00:00,223.7564762654124,228.48072979864676,212.91337661358355,222.14593505859372,289908798,0.0,0.0,NatWest Group,NWG.L,Banking
2021-07-31 00:00:00+00:00,222.46808363436847,229.5543797183381,201.04797937069617,217.3144073486328,315131044,0.0,0.0,NatWest Group,NWG.L,Banking
2021-08-31 00:00:00+00:00,219.78383772964705,238.71224048559773,218.38803450750888,228.4044952392578,456974480,3.2308002,0.0,NatWest Group,NWG.L,Banking
2021-09-30 00:00:00+00:00,228.1897224154239,243.76031298750937,220.67281932561988,239.3575897216797,371728905,0.0,0.0,NatWest Group,NWG.L,Banking
2021-10-31 00:00:00+00:00,239.14280293105324,252.43049063265065,234.63268016534053,237.42465209960935,380802889,0.0,0.0,NatWest Group,NWG.L,Banking
2021-11-30 00:00:00+00:00,237.20994234938053,246.2354777931672,222.53598094598397,228.29710388183597,453310111,0.0,0.0,NatWest Group,NWG.L,Banking
2021-12-31 00:00:00+00:00,229.80047455181952,245.37110969463,227.9749323905789,242.3643493652344,373685366,0.0,0.0,NatWest Group,NWG.L,Banking
2022-01-31 00:00:00+00:00,242.6865031217995,273.0760301377581,242.6865031217995,260.2973327636719,495677129,0.0,0.0,NatWest Group,NWG.L,Banking
2022-02-28 00:00:00+00:00,262.65973882836414,277.1565647464989,240.32402560918655,246.65969848632807,538437858,0.0,0.0,NatWest Group,NWG.L,Banking
2022-03-31 00:00:00+00:00,244.18987132958463,249.1251679533906,196.35049946624352,234.06771850585935,758593372,8.0769005,0.0,NatWest Group,NWG.L,Banking
2022-04-30 00:00:00+00:00,232.7787036583828,244.86343658240003,223.05715458055047,234.17514038085935,330013754,0.0,0.0,NatWest Group,NWG.L,Banking
2022-05-31 00:00:00+00:00,237.29035735960787,249.64358540981573,214.97926096728145,243.52061462402344,421542367,0.0,0.0,NatWest Group,NWG.L,Banking
2022-06-30 00:00:00+00:00,245.77642425260584,250.82520039423704,230.41538448623896,234.3900146484375,536456123,0.0,0.0,NatWest Group,NWG.L,Banking
2022-07-31 00:00:00+00:00,235.14190096891485,276.06893277864384,225.796406268219,270.37567138671875,364513912,0.0,0.0,NatWest Group,NWG.L,Banking
2022-08-31 00:00:00+00:00,270.6979236306227,283.69564569177123,241.97004883769583,242.4691619873047,394692629,20.5691998,0.9285714285714286,NatWest Group,NWG.L,Banking
2022-09-30 00:00:00+00:00,243.5672362512916,275.5972999430731,215.83649077099517,225.49929809570312,622395062,0.0,0.0,NatWest Group,NWG.L,Banking
2022-10-31 00:00:00+00:00,223.90217349145536,247.2876107871258,210.52592568257444,234.383544921875,531157979,0.0,0.0,NatWest Group,NWG.L,Banking
2022-11-30 00:00:00+00:00,237.4780386979018,263.9310518185812,229.59202948803733,261.4354858398437,446469903,0.0,0.0,NatWest Group,NWG.L,Banking
2022-12-31 00:00:00+00:00,261.7349244971349,268.8223384210927,254.54772664628396,264.7295837402344,246877391,0.0,0.0,NatWest Group,NWG.L,Banking
2023-01-31 00:00:00+00:00,266.12712253058686,309.05084235359635,265.2287250043937,307.45367431640625,389228642,0.0,0.0,NatWest Group,NWG.L,Banking
2023-02-28 00:00:00+00:00,307.9528255527526,312.5446474904596,276.0095459647152,291.781494140625,638417276,0.0,0.0,NatWest Group,NWG.L,Banking
2023-03-31 00:00:00+00:00,291.0827958210782,295.5748160320842,236.82779786717896,263.2330017089844,788959853,10.0,0.0,NatWest Group,NWG.L,Banking
2023-04-30 00:00:00+00:00,264.53116039026105,277.01375392499625,252.4480059399227,261.6351928710937,365801349,0.0,0.0,NatWest Group,NWG.L,Banking
2023-05-31 00:00:00+00:00,260.1373372662362,275.2162474164413,250.15120511186373,263.03326416015625,537825775,0.0,0.0,NatWest Group,NWG.L,Banking
2023-06-30 00:00:00+00:00,264.63104248046875,266.42847043892186,225.3857477277181,240.4647216796875,644220411,0.0,0.0,NatWest Group,NWG.L,Banking
2023-07-31 00:00:00+00:00,241.4633462004144,262.80858549039027,229.3801821361943,237.86834716796875,508326211,0.0,0.0,NatWest Group,NWG.L,Banking
2023-08-31 00:00:00+00:00,232.8753185489728,241.4623391008035,221.54229147330275,233.0289459228516,480965611,5.5,0.0,NatWest Group,NWG.L,Banking
2023-09-30 00:00:00+00:00,233.5283520970066,243.3169799733774,221.4174295295842,235.4261474609375,436136892,0.0,0.0,NatWest Group,NWG.L,Banking
2023-10-31 00:00:00+00:00,233.028939710298,236.92440233647196,167.8048095703125,177.99295043945312,549892166,0.0,0.0,NatWest Group,NWG.L,Banking
2023-11-30 00:00:00+00:00,178.74207752737914,212.95227691145607,175.84545309198305,207.65843200683597,595671583,0.0,0.0,NatWest Group,NWG.L,Banking
2023-12-31 00:00:00+00:00,208.35763516956163,225.43775265727,207.1590172485844,219.1450653076172,436731042,0.0,0.0,NatWest Group,NWG.L,Banking
2024-01-31 00:00:00+00:00,219.24498440062516,228.8338170054691,202.864037824325,224.93833923339844,515697882,0.0,0.0,NatWest Group,NWG.L,Banking
2024-02-29 00:00:00+00:00,223.24031928445208,241.8786468496842,203.16366798120671,238.82220458984372,761646194,0.0,0.0,NatWest Group,NWG.L,Banking
2024-03-31 00:00:00+00:00,239.3216134008581,266.5113888411746,237.13314987386303,265.3122253417969,936565150,11.5,0.0,NatWest Group,NWG.L,Banking
2024-04-30 00:00:00+00:00,264.91248648585633,309.78073649761103,263.51348288101343,304.5844116210937,725224749,0.0,0.0,NatWest Group,NWG.L,Banking
2024-05-31 00:00:00+00:00,303.78495656579827,329.5667174699907,301.0869062266144,314.7772216796875,774095063,0.0,0.0,NatWest Group,NWG.L,Banking
2024-06-30 00:00:00+00:00,319.77365255399764,324.7701493520585,299.98770803193446,314.7772216796875,616953635,0.0,0.0,NatWest Group,NWG.L,Banking
2024-07-31 00:00:00+00:00,314.27756521123194,372.4364280016394,312.7786261084757,338.16064453125,471652251,0.0,0.0,NatWest Group,NWG.L,Banking
2024-08-31 00:00:00+00:00,334.7630660642757,353.5132237386851,308.7814794645755,345.0177001953125,536619718,6.0,0.0,NatWest Group,NWG.L,Banking
2024-09-30 00:00:00+00:00,345.3175355840396,348.04611121776884,325.5280068996305,340.2202453613281,486379981,0.0,0.0,NatWest Group,NWG.L,Banking
2024-10-31 00:00:00+00:00,339.62052474984483,381.29853655672986,327.1271220813828,367.5058288574219,606827016,0.0,0.0,NatWest Group,NWG.L,Banking
2024-11-30 00:00:00+00:00,366.7062186157757,404.28638285710446,365.1070575426144,402.4873352050781,583085796,0.0,0.0,NatWest Group,NWG.L,Banking
2024-12-31 00:00:00+00:00,400.38845296799633,419.4783669400776,391.6930327436848,401.8876647949219,472397168,0.0,0.0,NatWest Group,NWG.L,Banking
2025-01-31 00:00:00+00:00,400.08859703955466,436.3694165176647,368.8051584652168,432.8712768554688,527526123,0.0,0.0,NatWest Group,NWG.L,Banking
2025-02-28 00:00:00+00:00,422.3768400513048,479.7465281792364,418.7787313798044,478.5471496582031,632121074,0.0,0.0,NatWest Group,NWG.L,Banking
2025-03-31 00:00:00+00:00,475.6486858055916,485.4262740724736,415.6803483376619,458.7170715332031,747697347,15.5,0.0,NatWest Group,NWG.L,Banking
2025-04-30 00:00:00+00:00,457.01739205555646,488.4117278917561,380.531211774711,475.7139892578125,783975757,0.0,0.0,NatWest Group,NWG.L,Banking
2025-05-31 00:00:00+00:00,494.91055373828937,530.9040080063215,467.91543262529177,524.5051879882812,695791023,0.0,0.0,NatWest Group,NWG.L,Banking
2025-06-30 00:00:00+00:00,526.504819371114,537.1029104531802,493.4108196146228,501.3093872070313,496270675,0.0,0.0,NatWest Group,NWG.L,Banking
2025-07-31 00:00:00+00:00,507.3082888692463,534.9033397696277,470.914873732068,511.5075378417969,612318306,0.0,0.0,NatWest Group,NWG.L,Banking
2025-08-31 00:00:00+00:00,516.1067109116728,565.5999755859375,505.2000122070313,517.0,435310165,9.5,0.0,NatWest Group,NWG.L,Banking
2025-09-30 00:00:00+00:00,518.7999877929688,539.0,500.2000122070313,526.7999877929688,506281124,0.0,0.0,NatWest Group,NWG.L,Banking
2025-10-31 00:00:00+00:00,529.5999755859375,589.0,527.4000244140625,584.0,499444863,0.0,0.0,NatWest Group,NWG.L,Banking
2025-11-30 00:00:00+00:00,586.5999755859375,636.2000122070312,567.2000122070312,632.2000122070312,444904003,0.0,0.0,NatWest Group,NWG.L,Banking
2025-12-31 00:00:00+00:00,627.7999877929688,654.7999877929688,607.5999755859375,651.7999877929688,301085141,0.0,0.0,NatWest Group,NWG.L,Banking
2026-01-31 00:00:00+00:00,653.0,674.2000122070312,625.0,642.0,88315663,0.0,0.0,NatWest Group,NWG.L,Banking
2016-01-31 00:00:00+00:00,159.57018235921498,161.26393193957,148.94805193155187,157.51040649414062,20404100,0.0,0.0,Northrop Grumman,NOC,Defence
2016-02-29 00:00:00+00:00,158.63391185787555,166.50147045915705,153.28885170978455,164.2962646484375,26345700,0.8,0.0,Northrop Grumman,NOC,Defence
2016-03-31 00:00:00+00:00,165.25355673237553,170.51869675904544,158.19345566379326,169.151123046875,24012900,0.0,0.0,Northrop Grumman,NOC,Defence
2016-04-30 00:00:00+00:00,168.03143120521457,178.63010206615107,167.23653826440943,176.296630859375,19253400,0.0,0.0,Northrop Grumman,NOC,Defence
2016-05-31 00:00:00+00:00,176.81798436634344,187.04917073293188,175.92907093786695,181.7754821777344,18469800,0.0,0.0,Northrop Grumman,NOC,Defence
2016-06-30 00:00:00+00:00,180.83531079016967,191.5035742568305,178.78308732373804,190.7911529541016,18911800,0.9,0.0,Northrop Grumman,NOC,Defence
2016-07-31 00:00:00+00:00,190.98006020961228,192.37056251088205,185.07469560242168,185.9415740966797,23378700,0.0,0.0,Northrop Grumman,NOC,Defence
2016-08-31 00:00:00+00:00,185.2806663293,189.2804760489485,181.54649390772872,182.79632568359372,17190900,0.9,0.0,Northrop Grumman,NOC,Defence
2016-09-30 00:00:00+00:00,182.90839938467127,188.48532497902505,178.158970476901,184.4168243408203,16029800,0.0,0.0,Northrop Grumman,NOC,Defence
2016-10-31 00:00:00+00:00,183.5979399996907,198.25127853656736,182.75324594056207,197.38938903808597,20297800,0.0,0.0,Northrop Grumman,NOC,Defence
2016-11-30 00:00:00+00:00,197.82035571375923,218.7660235134676,193.7001497283136,215.1888732910156,26771200,0.0,0.0,Northrop Grumman,NOC,Defence
2016-12-31 00:00:00+00:00,215.27537939512044,218.0176768407964,190.9406790256749,201.20054626464844,25185300,0.9,0.0,Northrop Grumman,NOC,Defence
2017-01-31 00:00:00+00:00,202.51545964200324,205.8200570414211,193.674324759839,198.1727752685547,22501200,0.0,0.0,Northrop Grumman,NOC,Defence
2017-02-28 00:00:00+00:00,197.86131682477333,215.77711806482384,197.0048819284121,213.7528533935547,18506800,0.0,0.0,Northrop Grumman,NOC,Defence
2017-03-31 00:00:00+00:00,214.4276183445113,215.3013585825957,202.47787428032032,206.5066070556641,19529500,0.9,0.0,Northrop Grumman,NOC,Defence
2017-04-30 00:00:00+00:00,206.28084930504625,217.06459611511696,204.17965718611305,213.55685424804688,16472800,0.0,0.0,Northrop Grumman,NOC,Defence
2017-05-31 00:00:00+00:00,213.8520302002157,225.0699462890625,211.32541003147773,225.0699462890625,17466200,0.0,0.0,Northrop Grumman,NOC,Defence
2017-06-30 00:00:00+00:00,224.6429164367024,228.878927162004,220.36323054421865,223.75376892089844,14301600,1.0,0.0,Northrop Grumman,NOC,Defence
2017-07-31 00:00:00+00:00,224.46854247074788,232.55721772167888,223.7015117778252,229.3495941162109,11677900,0.0,0.0,Northrop Grumman,NOC,Defence
2017-08-31 00:00:00+00:00,229.51524067645477,239.35584168204036,229.2711878683432,238.14341735839844,14641800,1.0,0.0,Northrop Grumman,NOC,Defence
2017-09-30 00:00:00+00:00,237.98595329123896,251.7910747606428,231.2758279235909,251.71234130859372,15657700,0.0,0.0,Northrop Grumman,NOC,Defence
2017-10-31 00:00:00+00:00,252.39481088522768,268.23841831990205,251.27500135374083,258.5449523925781,15024100,0.0,0.0,Northrop Grumman,NOC,Defence
2017-11-30 00:00:00+00:00,258.6674719362976,270.9941382836901,257.1014205928494,268.9294738769531,14403000,0.0,0.0,Northrop Grumman,NOC,Defence
2017-12-31 00:00:00+00:00,269.45606234740194,273.0984821812387,260.67899191263314,269.3771667480469,14508900,1.0,0.0,Northrop Grumman,NOC,Defence
2018-01-31 00:00:00+00:00,269.7633226201477,302.1067863550171,266.1296018292574,298.8855895996094,18021200,0.0,0.0,Northrop Grumman,NOC,Defence
2018-02-28 00:00:00+00:00,298.8856181650336,315.4742726931552,274.7311867586074,307.232666015625,23901200,0.0,0.0,Northrop Grumman,NOC,Defence
2018-03-31 00:00:00+00:00,308.1805616817297,315.6807506158515,294.45915287939897,307.4210510253906,20983800,1.1,0.0,Northrop Grumman,NOC,Defence
2018-04-30 00:00:00+00:00,307.5354430564779,317.7764659202133,280.02681940307417,283.575439453125,22338500,0.0,0.0,Northrop Grumman,NOC,Defence
2018-05-31 00:00:00+00:00,283.72525210902904,294.0453912214934,266.23734204979274,288.1632385253906,29987400,0.0,0.0,Northrop Grumman,NOC,Defence
2018-06-30 00:00:00+00:00,289.5684756645252,300.6160649970656,267.8092910091122,271.9455261230469,21676600,1.2,0.0,Northrop Grumman,NOC,Defence
2018-07-31 00:00:00+00:00,270.83186316188863,287.4827790402573,253.73036517862516,265.5732421875,26727200,0.0,0.0,Northrop Grumman,NOC,Defence
2018-08-31 00:00:00+00:00,265.1401927262685,267.00354895929127,255.68351646594425,264.87384033203125,24377300,1.2,0.0,Northrop Grumman,NOC,Defence
2018-09-30 00:00:00+00:00,264.15503826197744,283.1626564305437,262.4513066383149,281.6275329589844,23806200,0.0,0.0,Northrop Grumman,NOC,Defence
2018-10-31 00:00:00+00:00,282.23091758815707,285.48756152941723,223.31784078185825,232.4489288330078,31491100,0.0,0.0,Northrop Grumman,NOC,Defence
2018-11-30 00:00:00+00:00,233.79773613310405,256.0443549691751,227.1855371951549,231.6786193847656,31140100,1.2,0.0,Northrop Grumman,NOC,Defence
2018-12-31 00:00:00+00:00,233.9340655620248,248.75053837144776,199.3623504960565,218.32424926757807,32754800,0.0,0.0,Northrop Grumman,NOC,Defence
2019-01-31 00:00:00+00:00,214.9989948190496,253.6714951648925,211.35283191264992,245.6481475830078,24031500,0.0,0.0,Northrop Grumman,NOC,Defence
2019-02-28 00:00:00+00:00,246.86058724937467,261.0012768178749,242.9648104748304,259.577880859375,16947600,1.2,0.0,Northrop Grumman,NOC,Defence
2019-03-31 00:00:00+00:00,260.5089181507921,260.8222504922802,235.7024256194312,241.3512725830078,19829200,0.0,0.0,Northrop Grumman,NOC,Defence
2019-04-30 00:00:00+00:00,242.72096469800303,264.0182084913671,236.7856173105453,259.5331726074219,19168500,0.0,0.0,Northrop Grumman,NOC,Defence
2019-05-31 00:00:00+00:00,259.55996438012613,284.232325444543,254.7436763476314,272.63702392578125,21776400,1.32,0.0,Northrop Grumman,NOC,Defence
2019-06-30 00:00:00+00:00,272.42120710825014,292.12835953401776,268.12371271178216,290.4919738769531,16645800,0.0,0.0,Northrop Grumman,NOC,Defence
2019-07-31 00:00:00+00:00,292.1912787405229,322.7230974158638,285.7900465007773,310.6848449707031,17245800,0.0,0.0,Northrop Grumman,NOC,Defence
2019-08-31 00:00:00+00:00,310.4151923386251,339.24762305077167,301.1458798556777,330.73358154296875,17085900,0.0,0.0,Northrop Grumman,NOC,Defence
2019-09-30 00:00:00+00:00,327.8386710190647,346.3773945292881,307.89497906420445,338.1666564941406,22522000,1.32,0.0,Northrop Grumman,NOC,Defence
2019-10-31 00:00:00+00:00,339.23131474128064,340.24186721853613,306.95664388673373,318.0366516113281,24627200,0.0,0.0,Northrop Grumman,NOC,Defence
2019-11-30 00:00:00+00:00,318.82161123798465,324.66847974651967,303.1129096070799,318.5878295898437,18796100,1.32,0.0,Northrop Grumman,NOC,Defence
2019-12-31 00:00:00+00:00,318.7689640455375,319.69273834476286,306.1258253232214,311.5235900878906,17987300,0.0,0.0,Northrop Grumman,NOC,Defence
2020-01-31 00:00:00+00:00,311.94914464917656,348.6922978919865,311.206488216756,339.237060546875,22488900,0.0,0.0,Northrop Grumman,NOC,Defence
2020-02-29 00:00:00+00:00,332.68006416933287,339.07407364154164,285.39961406144505,298.9069519042969,20584700,1.32,0.0,Northrop Grumman,NOC,Defence
2020-03-31 00:00:00+00:00,300.3794434051276,316.3137704478881,239.34187216422052,275.010009765625,35857000,0.0,0.0,Northrop Grumman,NOC,Defence
2020-04-30 00:00:00+00:00,267.10184934194695,324.6126746419414,264.16585516150394,300.5704040527344,19903500,0.0,0.0,Northrop Grumman,NOC,Defence
2020-05-31 00:00:00+00:00,297.1980603025504,317.0318730318751,279.35490877443004,305.98260498046875,17209900,1.45,0.0,Northrop Grumman,NOC,Defence
2020-06-30 00:00:00+00:00,306.37510064059416,318.8261438352087,268.3737339882586,280.6423034667969,22328000,0.0,0.0,Northrop Grumman,NOC,Defence
2020-07-31 00:00:00+00:00,281.9475717466113,300.74292577583185,260.6055270647369,296.68072509765625,22610000,0.0,0.0,Northrop Grumman,NOC,Defence
2020-08-31 00:00:00+00:00,296.28815875429706,319.4962980026478,292.8924348439963,314.0515441894531,13580300,1.45,0.0,Northrop Grumman,NOC,Defence
2020-09-30 00:00:00+00:00,311.80581388643003,322.76878353417766,286.22212909470863,289.1920471191406,13383800,0.0,0.0,Northrop Grumman,NOC,Defence
2020-10-31 00:00:00+00:00,290.89706474586654,295.5903090001578,261.3628311319201,265.6618957519531,23760700,0.0,0.0,Northrop Grumman,NOC,Defence
2020-11-30 00:00:00+00:00,269.933425656526,297.23115245576366,268.34762093450473,278.35748291015625,18155700,1.45,0.0,Northrop Grumman,NOC,Defence
2020-12-31 00:00:00+00:00,280.12557668244267,285.3656163089882,269.60878243297253,280.62286376953125,20095700,0.0,0.0,Northrop Grumman,NOC,Defence
2021-01-31 00:00:00+00:00,280.0242984682536,284.41713812473847,260.5100220143973,263.9450378417969,24788400,0.0,0.0,Northrop Grumman,NOC,Defence
2021-02-28 00:00:00+00:00,265.621098788732,282.4003316567526,264.8567471231516,269.8920288085937,22553900,1.45,0.0,Northrop Grumman,NOC,Defence
2021-03-31 00:00:00+00:00,270.7156228797314,301.80786449228447,270.7156228797314,299.4852294921875,25661100,0.0,0.0,Northrop Grumman,NOC,Defence
2021-04-30 00:00:00+00:00,298.92997583644024,330.24434358689444,297.3290839076997,327.9864501953125,19791800,0.0,0.0,Northrop Grumman,NOC,Defence
2021-05-31 00:00:00+00:00,325.7655597799548,350.3525243766936,325.7655597799548,340.0042724609375,16901800,1.57,0.0,Northrop Grumman,NOC,Defence
2021-06-30 00:00:00+00:00,343.11747123866206,352.2339117548124,334.5493509668036,337.73687744140625,20725000,0.0,0.0,Northrop Grumman,NOC,Defence
2021-07-31 00:00:00+00:00,338.759039997501,347.5410396917138,325.8510511417309,337.3557434082031,13120800,0.0,0.0,Northrop Grumman,NOC,Defence
2021-08-31 00:00:00+00:00,338.0992476740688,345.4779388703147,331.3060073310508,343.17401123046875,11496800,1.57,0.0,Northrop Grumman,NOC,Defence
2021-09-30 00:00:00+00:00,343.3513401826063,343.8273443850553,321.8854192092378,336.1275329589844,15838300,0.0,0.0,Northrop Grumman,NOC,Defence
2021-10-31 00:00:00+00:00,337.60216110177726,380.81394067783225,328.5211843950455,333.3930053710937,16200800,0.0,0.0,Northrop Grumman,NOC,Defence
2021-11-30 00:00:00+00:00,333.18770877364227,343.7338968992396,322.8280010452183,326.9551086425781,16521100,1.57,0.0,Northrop Grumman,NOC,Defence
2021-12-31 00:00:00+00:00,327.7237229247908,363.8968964890692,324.2460836917434,362.8283081054688,15029900,0.0,0.0,Northrop Grumman,NOC,Defence
2022-01-31 00:00:00+00:00,362.7158454926912,383.35671195408514,343.90285205107523,346.73370361328125,18467000,0.0,0.0,Northrop Grumman,NOC,Defence
2022-02-28 00:00:00+00:00,346.7243033169779,416.85407064253087,341.7843379811301,416.1011962890625,20141400,1.57,0.0,Northrop Grumman,NOC,Defence
2022-03-31 00:00:00+00:00,418.1622226454884,461.91426112552506,391.7170509236725,420.8820190429688,29339600,0.0,0.0,Northrop Grumman,NOC,Defence
2022-04-30 00:00:00+00:00,420.2796235584305,449.1528231940702,406.9254380151749,413.5225830078125,15160200,0.0,0.0,Northrop Grumman,NOC,Defence
2022-05-31 00:00:00+00:00,411.37682170460965,448.4281934766977,406.4830809372583,442.04595947265625,17681700,1.73,0.0,Northrop Grumman,NOC,Defence
2022-06-30 00:00:00+00:00,441.8665224093168,465.0282703120495,411.9131998781486,452.0588073730469,18067400,0.0,0.0,Northrop Grumman,NOC,Defence
2022-07-31 00:00:00+00:00,452.0588326866195,460.8719692691276,409.83504460722986,452.3705749511719,15275200,0.0,0.0,Northrop Grumman,NOC,Defence
2022-08-31 00:00:00+00:00,454.7036910244541,470.8791418554999,439.9773269639037,453.0961608886719,14459100,1.73,0.0,Northrop Grumman,NOC,Defence
2022-09-30 00:00:00+00:00,451.1718645237768,488.6431744198215,440.10014330876623,445.8256530761719,17957600,0.0,0.0,Northrop Grumman,NOC,Defence
2022-10-31 00:00:00+00:00,451.62685742660017,527.2992654824526,438.9911229982747,520.41748046875,22886100,0.0,0.0,Northrop Grumman,NOC,Defence
2022-11-30 00:00:00+00:00,520.9956295616971,521.4601009654036,453.5416727843152,507.1958618164063,21349000,1.73,0.0,Northrop Grumman,NOC,Defence
2022-12-31 00:00:00+00:00,508.46086182285086,522.9647118424217,496.0779161562591,518.9131469726562,13171900,0.0,0.0,Northrop Grumman,NOC,Defence
2023-01-31 00:00:00+00:00,518.2567951184532,520.9958800250494,409.8539870502581,426.11724853515625,29611900,0.0,0.0,Northrop Grumman,NOC,Defence
2023-02-28 00:00:00+00:00,423.6539424122869,458.7389422528712,414.6663894061373,443.0101013183594,19260900,1.73,0.0,Northrop Grumman,NOC,Defence
2023-03-31 00:00:00+00:00,440.9674385119668,454.3309546656473,419.8722303537617,440.7288208007813,20521100,0.0,0.0,Northrop Grumman,NOC,Defence
2023-04-30 00:00:00+00:00,442.2369854362169,461.4232293376622,422.8599010565798,440.29925537109375,13870000,0.0,0.0,Northrop Grumman,NOC,Defence
2023-05-31 00:00:00+00:00,440.9483970933215,444.8428953976024,409.59184924652345,417.49224853515625,14513700,1.87,0.0,Northrop Grumman,NOC,Defence
2023-06-30 00:00:00+00:00,418.7193412710527,443.510629868713,415.6132520003,436.962890625,14279300,0.0,0.0,Northrop Grumman,NOC,Defence
2023-07-31 00:00:00+00:00,434.3840287167261,442.9067147017431,413.7725790519743,426.6091918945313,15692000,0.0,0.0,Northrop Grumman,NOC,Defence
2023-08-31 00:00:00+00:00,427.4625093275219,431.07669424079467,404.30093635569006,416.9956665039063,15379200,1.87,0.0,Northrop Grumman,NOC,Defence
2023-09-30 00:00:00+00:00,419.05614894496347,427.3654428893475,401.22442052233305,423.8318786621094,13868200,0.0,0.0,Northrop Grumman,NOC,Defence
2023-10-31 00:00:00+00:00,424.0437026730224,478.4248434284394,399.1543183051149,453.9109191894531,23613600,0.0,0.0,Northrop Grumman,NOC,Defence
2023-11-30 00:00:00+00:00,457.1075152190336,460.3972113219778,440.1711914294918,459.32421875,15106300,1.87,0.0,Northrop Grumman,NOC,Defence
2023-12-31 00:00:00+00:00,460.5132631865218,470.189637616638,439.8361201708852,452.5382690429688,12731400,0.0,0.0,Northrop Grumman,NOC,Defence
2024-01-31 00:00:00+00:00,453.5532181444241,467.70529281891095,411.80261675159807,431.8707580566406,22418600,0.0,0.0,Northrop Grumman,NOC,Defence
2024-02-29 00:00:00+00:00,431.8803825882287,452.0774840145464,425.5680183168389,447.4863586425781,20489500,1.87,0.0,Northrop Grumman,NOC,Defence
2024-03-31 00:00:00+00:00,447.4669248551757,466.6371631748099,439.83770376080656,464.6085205078125,15073000,0.0,0.0,Northrop Grumman,NOC,Defence
2024-04-30 00:00:00+00:00,464.3464346434872,476.1980495378544,433.1208194013648,470.7915344238281,25404000,0.0,0.0,Northrop Grumman,NOC,Defence
2024-05-31 00:00:00+00:00,470.8788884080292,475.8776998890916,433.68376529008646,439.4749755859375,20895500,2.06,0.0,Northrop Grumman,NOC,Defence
2024-06-30 00:00:00+00:00,437.9443273475025,442.0390693463331,408.1110141187021,425.0263366699219,19619500,0.0,0.0,Northrop Grumman,NOC,Defence
2024-07-31 00:00:00+00:00,426.6349547652335,477.1175037544892,412.09853560046014,472.1842956542969,18855000,0.0,0.0,Northrop Grumman,NOC,Defence
2024-08-31 00:00:00+00:00,473.6271768765691,510.499584430175,468.63547259127233,510.0998840332031,14361800,0.0,0.0,Northrop Grumman,NOC,Defence
2024-09-30 00:00:00+00:00,511.5680473786284,523.2743734434071,497.3559077075552,516.8731079101562,11399200,2.06,0.0,Northrop Grumman,NOC,Defence
2024-10-31 00:00:00+00:00,516.9806632526871,543.7899103574749,491.20904021660544,498.22698974609375,15428400,0.0,0.0,Northrop Grumman,NOC,Defence
2024-11-30 00:00:00+00:00,503.0035757703825,528.3152944287388,468.2758583526683,479.2677307128906,15256800,0.0,0.0,Northrop Grumman,NOC,Defence
2024-12-31 00:00:00+00:00,478.6877928680215,480.830577020872,454.91067918694034,461.2800903320313,15438600,2.06,0.0,Northrop Grumman,NOC,Defence
2025-01-31 00:00:00+00:00,463.9339916818542,499.0050381752296,443.1154994818182,478.95318603515625,17416200,0.0,0.0,Northrop Grumman,NOC,Defence
2025-02-28 00:00:00+00:00,480.0737569426162,484.90976493193295,418.9648667940984,453.8589172363281,20686400,0.0,0.0,Northrop Grumman,NOC,Defence
2025-03-31 00:00:00+00:00,460.4543578471259,512.3191879093047,457.2751557456528,505.52630615234375,22806400,2.06,0.0,Northrop Grumman,NOC,Defence
2025-04-30 00:00:00+00:00,508.0242454019159,537.8615929349157,444.4298872433399,480.33929443359375,30688300,0.0,0.0,Northrop Grumman,NOC,Defence
2025-05-31 00:00:00+00:00,479.0261969840837,492.2169710613431,447.2734427331554,478.6311950683594,20982900,0.0,0.0,Northrop Grumman,NOC,Defence
2025-06-30 00:00:00+00:00,477.31180110700126,515.307839192775,468.27408206070425,496.01220703125,16315300,2.31,0.0,Northrop Grumman,NOC,Defence
2025-07-31 00:00:00+00:00,495.9824206987884,572.7979052223552,485.6351994302238,572.0339965820312,17426900,0.0,0.0,Northrop Grumman,NOC,Defence
2025-08-31 00:00:00+00:00,572.559887780475,596.2205384785383,568.4031367897942,585.3574829101562,14992900,0.0,0.0,Northrop Grumman,NOC,Defence
2025-09-30 00:00:00+00:00,589.4907646985893,607.6571100267735,563.2172253593856,606.8603515625,15849100,2.31,0.0,Northrop Grumman,NOC,Defence
2025-10-31 00:00:00+00:00,604.7687959717204,638.3128936108312,569.0535407048723,581.0947875976562,17656200,0.0,0.0,Northrop Grumman,NOC,Defence
2025-11-30 00:00:00+00:00,578.0969438467721,580.2482017355273,551.1361828143157,569.9400024414062,13779900,0.0,0.0,Northrop Grumman,NOC,Defence
2025-12-31 00:00:00+00:00,567.72998046875,587.2899780273438,543.6599731445312,570.2100219726562,13904400,2.31,0.0,Northrop Grumman,NOC,Defence
2026-01-31 00:00:00+00:00,569.5900268554688,638.8400268554688,564.5,590.7899780273438,7697800,0.0,0.0,Northrop Grumman,NOC,Defence
2016-01-31 00:00:00+00:00,47.08093777577779,51.47048568725586,43.55136405377705,51.47048568725586,109601122,0.0,0.0,Occidental Petroleum,OXY,Energy
2016-02-29 00:00:00+00:00,50.50582172971973,53.98305386282268,47.29032338920627,51.55064392089844,110104389,0.0,1.0017028949213662,Occidental Petroleum,OXY,Energy
2016-03-31 00:00:00+00:00,51.872734830499645,54.18825762084957,50.12243778343258,51.81086349487305,98241800,0.75,0.0,Occidental Petroleum,OXY,Energy
2016-04-30 00:00:00+00:00,50.90230102998579,59.12479348543487,50.6827164973456,58.03453826904297,78131100,0.0,0.0,Occidental Petroleum,OXY,Energy
2016-05-31 00:00:00+00:00,57.70894322410795,58.56450665158446,55.89182009016592,57.11838912963867,88481400,0.0,0.0,Occidental Petroleum,OXY,Energy
2016-06-30 00:00:00+00:00,56.709534656875256,59.87554550170898,55.43325845146877,57.77288818359375,85096600,0.75,0.0,Occidental Petroleum,OXY,Energy
2016-07-31 00:00:00+00:00,57.67351978745384,59.37859126124231,56.00670014561494,57.1383056640625,66457500,0.0,0.0,Occidental Petroleum,OXY,Energy
2016-08-31 00:00:00+00:00,56.88599368471194,60.00555209288201,55.13506621750606,58.75924301147461,82839900,0.0,0.0,Occidental Petroleum,OXY,Energy
2016-09-30 00:00:00+00:00,58.52987048353915,60.14813727046696,52.37288920012791,56.30296325683594,103972900,0.76,0.0,Occidental Petroleum,OXY,Energy
2016-10-31 00:00:00+00:00,56.302972212409934,58.372258892951415,55.415039490616266,56.29524612426758,94520800,0.0,0.0,Occidental Petroleum,OXY,Energy
2016-11-30 00:00:00+00:00,55.940079049316935,56.24120531025667,49.701347609782815,55.09847640991211,137582800,0.0,0.0,Occidental Petroleum,OXY,Energy
2016-12-31 00:00:00+00:00,56.28751989704784,57.37784956738709,52.9287379160116,55.59821701049805,90375300,0.76,0.0,Occidental Petroleum,OXY,Energy
2017-01-31 00:00:00+00:00,56.409969329833984,56.94854714033913,52.54628374410242,52.89752960205078,89717400,0.0,0.0,Occidental Petroleum,OXY,Energy
2017-02-28 00:00:00+00:00,53.02242968464186,54.56008031520198,50.10316864228936,51.16471099853516,103125900,0.0,0.0,Occidental Petroleum,OXY,Energy
2017-03-31 00:00:00+00:00,51.6798736393705,52.13259108014961,48.18707744261948,50.043155670166016,132650100,0.76,0.0,Occidental Petroleum,OXY,Energy
2017-04-30 00:00:00+00:00,50.05896700682696,51.91502693621636,48.20287131995882,48.60567092895508,82921700,0.0,0.0,Occidental Petroleum,OXY,Energy
2017-05-31 00:00:00+00:00,48.60569500741835,49.06378089074222,45.17785381958571,46.54423904418945,112309600,0.0,0.0,Occidental Petroleum,OXY,Energy
2017-06-30 00:00:00+00:00,46.67061721133244,49.708154924832414,46.43367103566161,47.876895904541016,123663100,0.76,0.0,Occidental Petroleum,OXY,Energy
2017-07-31 00:00:00+00:00,48.11679682026009,50.39588291936157,46.253545599674645,49.52423858642578,70070900,0.0,0.0,Occidental Petroleum,OXY,Energy
2017-08-31 00:00:00+00:00,49.6601672452008,49.76413921268721,46.73334150952981,47.74095153808594,74010800,0.0,0.0,Occidental Petroleum,OXY,Energy
2017-09-30 00:00:00+00:00,47.73294761746237,53.20124804138749,47.40507859936974,51.99470520019531,77993000,0.77,0.0,Occidental Petroleum,OXY,Energy
2017-10-31 00:00:00+00:00,51.67080695864468,53.63852142015388,51.39548832720469,52.28622817993164,81185700,0.0,0.0,Occidental Petroleum,OXY,Energy
2017-11-30 00:00:00+00:00,52.7639916283326,57.17716691817128,52.69110997840242,57.08809280395508,96743000,0.0,0.0,Occidental Petroleum,OXY,Energy
2017-12-31 00:00:00+00:00,57.2905352871999,60.64360709478307,55.857280762341055,60.31607437133789,75471900,0.77,0.0,Occidental Petroleum,OXY,Energy
2018-01-31 00:00:00+00:00,60.60265117548301,63.94353073216011,60.17684876196999,61.38874816894531,74866300,0.0,0.0,Occidental Petroleum,OXY,Energy
2018-02-28 00:00:00+00:00,61.42967663816457,62.461421869510005,53.70798870270798,53.71617889404297,105584400,0.0,0.0,Occidental Petroleum,OXY,Energy
2018-03-31 00:00:00+00:00,53.79805675415398,56.0320705535381,51.7646302939444,53.827903747558594,124610200,0.77,0.0,Occidental Petroleum,OXY,Energy
2018-04-30 00:00:00+00:00,53.74504655110637,64.72441617720008,52.56838802512181,64.02008056640625,115868100,0.0,0.0,Occidental Petroleum,OXY,Energy
2018-05-31 00:00:00+00:00,63.77148554262718,71.5771779554583,62.95114204980419,69.77079010009766,109430600,0.0,0.0,Occidental Petroleum,OXY,Energy
2018-06-30 00:00:00+00:00,70.14366646414042,72.64612428374839,67.58000628297702,69.96281433105469,107984500,0.77,0.0,Occidental Petroleum,OXY,Energy
2018-07-31 00:00:00+00:00,69.42772096784171,72.40414934648616,67.96460242065,70.1718521118164,82283200,0.0,0.0,Occidental Petroleum,OXY,Energy
2018-08-31 00:00:00+00:00,69.46953907481704,69.61167681667814,63.62536009067926,66.77738952636719,102517300,0.0,0.0,Occidental Petroleum,OXY,Energy
2018-09-30 00:00:00+00:00,66.91950826091926,70.16674608735305,63.08080891720023,69.39818572998047,89782600,0.78,0.0,Occidental Petroleum,OXY,Energy
2018-10-31 00:00:00+00:00,69.52487832585041,70.39476139956672,55.44592173797794,56.64519500732422,119920400,0.0,0.0,Occidental Petroleum,OXY,Energy
2018-11-30 00:00:00+00:00,56.73810619883576,64.00982984974573,56.46784456462834,59.34779739379883,117101500,0.0,0.0,Occidental Petroleum,OXY,Energy
2018-12-31 00:00:00+00:00,60.84270557759383,61.17208672332209,48.5577673390849,52.44546127319336,119304000,0.78,0.0,Occidental Petroleum,OXY,Energy
2019-01-31 00:00:00+00:00,51.71062429102148,57.640452139692144,51.027074065181466,57.059417724609375,99597300,0.0,0.0,Occidental Petroleum,OXY,Energy
2019-02-28 00:00:00+00:00,57.46957447827289,58.36672063963658,54.154348187744,56.52113723754883,83625600,0.0,0.0,Occidental Petroleum,OXY,Energy
2019-03-31 00:00:00+00:00,56.70912684076799,58.61790827478036,53.71507036336845,57.2430534362793,87767000,0.78,0.0,Occidental Petroleum,OXY,Energy
2019-04-30 00:00:00+00:00,57.83967171659959,59.5172102064565,49.75475967370276,50.913455963134766,180573700,0.0,0.0,Occidental Petroleum,OXY,Energy
2019-05-31 00:00:00+00:00,51.10367614035284,52.51314309723392,42.96687141918176,43.03604888916016,335175000,0.0,0.0,Occidental Petroleum,OXY,Energy
2019-06-30 00:00:00+00:00,43.494330956903866,45.36594012361351,40.64083270264423,44.17973327636719,184971700,0.78,0.0,Occidental Petroleum,OXY,Energy
2019-07-31 00:00:00+00:00,44.81237804156595,46.306129467373935,42.13242703686266,45.128700256347656,162348100,0.0,0.0,Occidental Petroleum,OXY,Energy
2019-08-31 00:00:00+00:00,44.8123724189271,47.4923273539977,36.75493406488607,38.20475006103516,246059800,0.0,0.0,Occidental Petroleum,OXY,Energy
2019-09-30 00:00:00+00:00,37.65998891523814,43.68232787615914,37.22943694331281,39.76568603515625,181938400,0.79,0.0,Occidental Petroleum,OXY,Energy
2019-10-31 00:00:00+00:00,39.94453039551315,40.61519077215632,35.74172132894888,36.21565246582031,164843000,0.0,0.0,Occidental Petroleum,OXY,Energy
2019-11-30 00:00:00+00:00,36.43920947639696,39.89981011257033,33.62244029041751,34.48982620239258,237296000,0.0,0.0,Occidental Petroleum,OXY,Energy
2019-12-31 00:00:00+00:00,34.73125074371084,37.62137638796936,33.568797817488,37.612247467041016,215547700,0.79,0.0,Occidental Petroleum,OXY,Energy
2020-01-31 00:00:00+00:00,37.99557379490675,43.42611948952121,35.97851415688205,36.252323150634766,238260600,0.0,0.0,Occidental Petroleum,OXY,Energy
2020-02-29 00:00:00+00:00,36.23406866342255,39.7935863650778,27.052337802136524,29.88170051574707,218133300,0.0,0.0,Occidental Petroleum,OXY,Energy
2020-03-31 00:00:00+00:00,30.648356517917925,31.606697206687198,8.463190570488353,10.889305114746094,1055006500,0.79,0.0,Occidental Petroleum,OXY,Energy
2020-04-30 00:00:00+00:00,10.38151274736028,17.180280546219887,9.516386610347602,15.609885215759276,1169628600,0.0,0.0,Occidental Petroleum,OXY,Energy
2020-05-31 00:00:00+00:00,15.06447838199767,15.80735789645532,11.961309269642712,12.177590370178224,713553200,0.0,0.0,Occidental Petroleum,OXY,Energy
2020-06-30 00:00:00+00:00,12.130571483307564,23.03868263336373,11.914290400305202,17.21837615966797,1087147000,0.01,0.0,Occidental Petroleum,OXY,Energy
2020-07-31 00:00:00+00:00,17.237193725824632,17.71705032472702,14.499191391438124,14.809686660766602,463469100,0.0,0.0,Occidental Petroleum,OXY,Energy
2020-08-31 00:00:00+00:00,14.819093579151591,15.750580432656628,11.968182920248422,11.987001419067385,476484600,0.0,0.0,Occidental Petroleum,OXY,Energy
2020-09-30 00:00:00+00:00,11.845867718243866,12.13754505612307,9.248999245806386,9.427583694458008,604090700,0.01,0.0,Occidental Petroleum,OXY,Energy
2020-10-31 00:00:00+00:00,9.389909865238264,10.680196507196122,8.024276725512431,8.598784446716309,517242900,0.0,0.0,Occidental Petroleum,OXY,Energy
2020-11-30 00:00:00+00:00,8.721221697489662,16.2651722203758,8.504603418246758,14.843026161193848,570204000,0.0,0.0,Occidental Petroleum,OXY,Energy
2020-12-31 00:00:00+00:00,14.974880596895929,20.40098781527469,13.910628440957511,16.31136703491211,621542300,0.01,0.0,Occidental Petroleum,OXY,Energy
2021-01-31 00:00:00+00:00,16.72597877585605,23.1807959079749,16.320785763012008,18.90271759033203,432330500,0.0,0.0,Occidental Petroleum,OXY,Energy
2021-02-28 00:00:00+00:00,19.43983421556994,27.02542442677385,18.657717803928666,25.07484245300293,356823900,0.0,0.0,Occidental Petroleum,OXY,Energy
2021-03-31 00:00:00+00:00,25.79099952247176,30.643893870478596,23.895562877397605,25.092697143554688,474588200,0.01,0.0,Occidental Petroleum,OXY,Energy
2021-04-30 00:00:00+00:00,25.28122166523421,26.223847390547437,21.11481372424752,23.90498924255371,354069000,0.0,0.0,Occidental Petroleum,OXY,Energy
2021-05-31 00:00:00+00:00,24.178345767725617,26.516057874464902,21.98203169272292,24.470563888549805,347454800,0.0,0.0,Occidental Petroleum,OXY,Energy
2021-06-30 00:00:00+00:00,25.13982621175845,31.12674126508193,25.130399739488183,29.48600578308105,431401800,0.01,0.0,Occidental Petroleum,OXY,Energy
2021-07-31 00:00:00+00:00,30.97586474761024,31.588782868968053,22.536478628565725,24.610960006713867,336446500,0.0,0.0,Occidental Petroleum,OXY,Energy
2021-08-31 00:00:00+00:00,24.610962902900933,25.53505366917968,20.38655228776677,24.224353790283203,329948300,0.0,0.0,Occidental Petroleum,OXY,Energy
2021-09-30 00:00:00+00:00,24.13948649960157,29.14881558170545,23.00775654198904,27.903623580932617,377025800,0.01,0.0,Occidental Petroleum,OXY,Energy
2021-10-31 00:00:00+00:00,28.130023858602215,33.72395716686236,28.073424716223435,31.62976455688477,386163400,0.0,0.0,Occidental Petroleum,OXY,Energy
2021-11-30 00:00:00+00:00,32.37499863653033,33.346619389465154,26.27166687003356,27.96965789794922,320359100,0.0,0.0,Occidental Petroleum,OXY,Energy
2021-12-31 00:00:00+00:00,28.950719508981432,29.70537815099338,24.581665746428797,27.3559513092041,288809400,0.01,0.0,Occidental Petroleum,OXY,Energy
2022-01-31 00:00:00+00:00,27.563551226622813,36.73567613083454,27.506933684517104,35.54669189453125,392728700,0.0,0.0,Occidental Petroleum,OXY,Energy
2022-02-28 00:00:00+00:00,35.15036793040687,41.3122948099934,35.08431383569312,41.265113830566406,417213900,0.0,0.0,Occidental Petroleum,OXY,Energy
2022-03-31 00:00:00+00:00,41.83129861319704,59.81783997388381,41.55764387837981,53.66957473754883,1245122600,0.13,0.0,Occidental Petroleum,OXY,Energy
2022-04-30 00:00:00+00:00,53.74525616455097,60.12052818598755,48.741513173251626,52.10887908935547,498514700,0.0,0.0,Occidental Petroleum,OXY,Energy
2022-05-31 00:00:00+00:00,51.57916596279393,70.03340881790324,51.03055392146836,65.55936431884766,624097200,0.0,0.0,Occidental Petroleum,OXY,Energy
2022-06-30 00:00:00+00:00,66.80795688131364,67.6024827938142,51.45853827872385,55.798866271972656,672154600,0.13,0.0,Occidental Petroleum,OXY,Energy
2022-07-31 00:00:00+00:00,56.30112191542437,62.59366313190297,52.98428127220866,62.309364318847656,436672500,0.0,0.0,Occidental Petroleum,OXY,Energy
2022-08-31 00:00:00+00:00,61.75971273910236,73.09384850372582,53.85613519973933,67.28462982177734,625889100,0.0,0.0,Occidental Petroleum,OXY,Energy
2022-09-30 00:00:00+00:00,65.61673409164818,67.18985362969401,54.53447191567217,58.35177993774414,528304400,0.13,0.0,Occidental Petroleum,OXY,Energy
2022-10-31 00:00:00+00:00,60.50733831219002,70.430462688298,59.56724540090342,68.93962860107422,391303300,0.0,0.0,Occidental Petroleum,OXY,Energy
2022-11-30 00:00:00+00:00,70.28801101126193,72.27264266286414,63.40355550022419,65.98641967773438,324666000,0.0,0.0,Occidental Petroleum,OXY,Energy
2022-12-31 00:00:00+00:00,66.75557946385352,66.80305418996333,57.67181555942569,59.93644332885742,244506500,0.13,0.0,Occidental Petroleum,OXY,Energy
2023-01-31 00:00:00+00:00,59.2798923887886,64.63696280762791,56.80593917518127,61.6491813659668,205690500,0.0,0.0,Occidental Petroleum,OXY,Energy
2023-02-28 00:00:00+00:00,61.1448743466451,63.74253016052196,55.150286172752594,55.72119140625,273648200,0.0,0.0,Occidental Petroleum,OXY,Energy
2023-03-31 00:00:00+00:00,55.67361646985854,60.49784346089946,52.97246032667535,59.576133728027344,374025900,0.18,0.0,Occidental Petroleum,OXY,Energy
2023-04-30 00:00:00+00:00,62.73481101843338,63.43144357286324,57.18086763522022,58.71727752685547,190784400,0.0,0.0,Occidental Petroleum,OXY,Energy
2023-05-31 00:00:00+00:00,58.19241649979485,59.05127619211285,53.73590120305951,55.0241813659668,264326400,0.0,0.0,Occidental Petroleum,OXY,Energy
2023-06-30 00:00:00+00:00,55.05281396565573,58.011104891990456,53.49547430036724,56.28079605102539,230065900,0.18,0.0,Occidental Petroleum,OXY,Energy
2023-07-31 00:00:00+00:00,56.42437395956863,61.22930348848707,54.72062591440478,60.425289154052734,177586000,0.0,0.0,Occidental Petroleum,OXY,Energy
2023-08-31 00:00:00+00:00,59.96585336389508,63.20103854350074,57.45810299447881,60.099857330322266,194796900,0.0,0.0,Occidental Petroleum,OXY,Energy
2023-09-30 00:00:00+00:00,60.93258044437745,64.94907408033498,59.97735489736196,62.2712516784668,190642400,0.18,0.0,Occidental Petroleum,OXY,Energy
2023-10-31 00:00:00+00:00,62.38643147067725,64.25802544552809,56.72365934044146,59.32469940185547,219955300,0.0,0.0,Occidental Petroleum,OXY,Energy
2023-11-30 00:00:00+00:00,59.6510277150633,60.88915861001162,56.63728218082216,56.77165603637695,176021900,0.0,0.0,Occidental Petroleum,OXY,Energy
2023-12-31 00:00:00+00:00,56.7236599094194,59.63953497715089,53.07283595199274,57.49235916137695,233645000,0.18,0.0,Occidental Petroleum,OXY,Energy
2024-01-31 00:00:00+00:00,57.94490547367955,58.78259034694104,53.46760532946617,55.43183517456055,190631600,0.0,0.0,Occidental Petroleum,OXY,Energy
2024-02-29 00:00:00+00:00,55.759211396678005,59.01367879926946,53.987551948531696,58.35892868041992,205330200,0.0,0.0,Occidental Petroleum,OXY,Energy
2024-03-31 00:00:00+00:00,58.71519361641691,62.93771237500123,57.78121415014486,62.80242538452149,137304500,0.22,0.0,Occidental Petroleum,OXY,Energy
2024-04-30 00:00:00+00:00,63.09233059938752,68.79372406532435,62.3965647177583,63.913719177246094,176742400,0.0,0.0,Occidental Petroleum,OXY,Energy
2024-05-31 00:00:00+00:00,63.469198894740856,63.76876187604188,58.714807798260935,60.39624786376953,136293000,0.0,0.0,Occidental Petroleum,OXY,Energy
2024-06-30 00:00:00+00:00,60.12566644531211,61.73587278217784,57.01404648108983,61.13451766967773,154613800,0.22,0.0,Occidental Petroleum,OXY,Energy
2024-07-31 00:00:00+00:00,61.35760247402197,62.81249273292328,57.78827288775303,58.9909782409668,141671700,0.0,0.0,Occidental Petroleum,OXY,Energy
2024-08-31 00:00:00+00:00,59.02977601631425,59.14616625621428,53.38480011935181,55.26646041870117,252138700,0.0,0.0,Occidental Petroleum,OXY,Energy
2024-09-30 00:00:00+00:00,54.52931455503016,54.53901220013988,48.45819507189417,50.20171356201172,264747100,0.22,0.0,Occidental Petroleum,OXY,Energy
2024-10-31 00:00:00+00:00,49.89976414969161,55.0231781553434,48.37052946624432,48.80884552001953,269526300,0.0,0.0,Occidental Petroleum,OXY,Energy
2024-11-30 00:00:00+00:00,49.18871939296061,50.94198186510313,47.16272882789183,49.26664733886719,232558700,0.0,0.0,Occidental Petroleum,OXY,Energy
2024-12-31 00:00:00+00:00,49.334825164316285,49.64651575703465,44.196694341696514,48.34532928466797,266872100,0.22,0.0,Occidental Petroleum,OXY,Energy
2025-01-31 00:00:00+00:00,49.02045792029972,52.053664123074654,45.59587649164301,45.64480209350586,197736600,0.0,0.0,Occidental Petroleum,OXY,Energy
2025-02-28 00:00:00+00:00,45.75242632248404,51.44702599306732,44.95009576284782,47.7876091003418,220647900,0.0,0.0,Occidental Petroleum,OXY,Energy
2025-03-31 00:00:00+00:00,48.090934002916974,49.634658998767634,43.73682151179812,48.54302978515625,258289800,0.24,0.0,Occidental Petroleum,OXY,Energy
2025-04-30 00:00:00+00:00,48.30700193517092,48.54302917745791,34.2043442128989,38.75771331787109,329191000,0.0,0.0,Occidental Petroleum,OXY,Energy
2025-05-31 00:00:00+00:00,38.66920271771219,44.18634969838364,38.07913681998441,40.10503768920898,219707500,0.0,0.0,Occidental Petroleum,OXY,Energy
2025-06-30 00:00:00+00:00,41.09832153507943,46.80642434957508,40.28205927926953,41.54527282714844,286722800,0.24,0.0,Occidental Petroleum,OXY,Energy
2025-07-31 00:00:00+00:00,41.604610171867,45.926269615218416,41.18925813434327,43.45392227172852,225443900,0.0,0.0,Occidental Petroleum,OXY,Energy
2025-08-31 00:00:00+00:00,43.10779960573479,47.49868030332131,41.85184472213662,47.08332824707031,205900500,0.0,0.0,Occidental Petroleum,OXY,Energy
2025-09-30 00:00:00+00:00,46.92509816424474,49.164370739279086,44.27474569136845,46.97707748413086,196186300,0.24,0.0,Occidental Petroleum,OXY,Energy
2025-10-31 00:00:00+00:00,47.18586231927776,47.71280353106656,39.858435244821216,40.96202087402344,274064700,0.0,0.0,Occidental Petroleum,OXY,Energy
2025-11-30 00:00:00+00:00,40.81288586645957,43.16919600106984,39.52039599468227,41.75740051269531,172129300,0.0,0.0,Occidental Petroleum,OXY,Energy
2025-12-31 00:00:00+00:00,41.588383623921786,42.96041082442771,38.79999923706055,41.119998931884766,199980100,0.24,0.0,Occidental Petroleum,OXY,Energy
2026-01-31 00:00:00+00:00,41.2400016784668,43.68999862670898,40.38999938964844,43.22999954223633,71705300,0.0,0.0,Occidental Petroleum,OXY,Energy
2020-09-30 00:00:00+00:00,10.0,11.40999984741211,9.109999656677246,9.5,338584400,0.0,0.0,Palantir Technologies,PLTR,Meme/Speculative
2020-10-31 00:00:00+00:00,9.6899995803833,11.100000381469728,8.899999618530273,10.130000114440918,704629200,0.0,0.0,Palantir Technologies,PLTR,Meme/Speculative
2020-11-30 00:00:00+00:00,10.229999542236328,33.5,10.229999542236328,27.11000061035156,1655174000,0.0,0.0,Palantir Technologies,PLTR,Meme/Speculative
2020-12-31 00:00:00+00:00,28.09000015258789,31.239999771118164,21.149999618530277,23.549999237060547,1476607700,0.0,0.0,Palantir Technologies,PLTR,Meme/Speculative
2021-01-31 00:00:00+00:00,23.90999984741211,45.0,22.5,35.18000030517578,1244340400,0.0,0.0,Palantir Technologies,PLTR,Meme/Speculative
2021-02-28 00:00:00+00:00,35.33000183105469,39.220001220703125,22.700000762939453,23.899999618530277,2181517700,0.0,0.0,Palantir Technologies,PLTR,Meme/Speculative
2021-03-31 00:00:00+00:00,25.190000534057617,27.46999931335449,20.18000030517578,23.290000915527344,1805085500,0.0,0.0,Palantir Technologies,PLTR,Meme/Speculative
2021-04-30 00:00:00+00:00,23.950000762939453,26.200000762939453,21.239999771118164,23.040000915527344,1012475100,0.0,0.0,Palantir Technologies,PLTR,Meme/Speculative
2021-05-31 00:00:00+00:00,23.01000022888184,24.75,17.05500030517578,22.950000762939453,1460052600,0.0,0.0,Palantir Technologies,PLTR,Meme/Speculative
2021-06-30 00:00:00+00:00,23.190000534057617,27.5,22.36000061035156,26.36000061035156,1178021600,0.0,0.0,Palantir Technologies,PLTR,Meme/Speculative
2021-07-31 00:00:00+00:00,26.100000381469727,26.1299991607666,20.549999237060547,21.709999084472656,579358800,0.0,0.0,Palantir Technologies,PLTR,Meme/Speculative
2021-08-31 00:00:00+00:00,21.90999984741211,26.600000381469727,21.479999542236328,26.34000015258789,1091002700,0.0,0.0,Palantir Technologies,PLTR,Meme/Speculative
2021-09-30 00:00:00+00:00,26.459999084472656,29.290000915527344,23.8799991607666,24.040000915527344,1178728900,0.0,0.0,Palantir Technologies,PLTR,Meme/Speculative
2021-10-31 00:00:00+00:00,24.209999084472656,26.75,23.020000457763672,25.8799991607666,750518600,0.0,0.0,Palantir Technologies,PLTR,Meme/Speculative
2021-11-30 00:00:00+00:00,26.11000061035156,27.11000061035156,20.049999237060547,20.649999618530277,885986000,0.0,0.0,Palantir Technologies,PLTR,Meme/Speculative
2021-12-31 00:00:00+00:00,20.530000686645508,20.88999938964844,17.809999465942383,18.209999084472656,781294500,0.0,0.0,Palantir Technologies,PLTR,Meme/Speculative
2022-01-31 00:00:00+00:00,18.36000061035156,18.84000015258789,11.75,13.710000038146973,1057405800,0.0,0.0,Palantir Technologies,PLTR,Meme/Speculative
2022-02-28 00:00:00+00:00,14.229999542236328,14.369999885559082,9.739999771118164,11.850000381469728,1301730900,0.0,0.0,Palantir Technologies,PLTR,Meme/Speculative
2022-03-31 00:00:00+00:00,11.989999771118164,14.359999656677246,10.270000457763672,13.729999542236328,1015571800,0.0,0.0,Palantir Technologies,PLTR,Meme/Speculative
2022-04-30 00:00:00+00:00,13.770000457763672,14.859999656677246,10.359999656677246,10.399999618530272,645660400,0.0,0.0,Palantir Technologies,PLTR,Meme/Speculative
2022-05-31 00:00:00+00:00,10.380000114440918,11.010000228881836,6.440000057220459,8.680000305175781,1127366900,0.0,0.0,Palantir Technologies,PLTR,Meme/Speculative
2022-06-30 00:00:00+00:00,8.720000267028809,10.199999809265137,7.5,9.06999969482422,826595600,0.0,0.0,Palantir Technologies,PLTR,Meme/Speculative
2022-07-31 00:00:00+00:00,9.109999656677246,10.760000228881836,8.649999618530273,10.350000381469728,711722800,0.0,0.0,Palantir Technologies,PLTR,Meme/Speculative
2022-08-31 00:00:00+00:00,10.25,11.619999885559082,7.679999828338623,7.71999979019165,905373100,0.0,0.0,Palantir Technologies,PLTR,Meme/Speculative
2022-09-30 00:00:00+00:00,7.610000133514404,8.5,7.130000114440918,8.130000114440918,757743600,0.0,0.0,Palantir Technologies,PLTR,Meme/Speculative
2022-10-31 00:00:00+00:00,8.145000457763672,9.050000190734863,7.53000020980835,8.789999961853027,664673300,0.0,0.0,Palantir Technologies,PLTR,Meme/Speculative
2022-11-30 00:00:00+00:00,8.989999771118164,9.0600004196167,6.889999866485596,7.5,813268600,0.0,0.0,Palantir Technologies,PLTR,Meme/Speculative
2022-12-31 00:00:00+00:00,7.510000228881836,7.96999979019165,5.920000076293945,6.420000076293945,627320000,0.0,0.0,Palantir Technologies,PLTR,Meme/Speculative
2023-01-31 00:00:00+00:00,6.579999923706055,7.820000171661377,6.090000152587891,7.78000020980835,606538900,0.0,0.0,Palantir Technologies,PLTR,Meme/Speculative
2023-02-28 00:00:00+00:00,7.730000019073486,10.3100004196167,7.449999809265137,7.840000152587891,1277113800,0.0,0.0,Palantir Technologies,PLTR,Meme/Speculative
2023-03-31 00:00:00+00:00,7.829999923706055,8.619999885559082,7.190000057220459,8.449999809265137,663922700,0.0,0.0,Palantir Technologies,PLTR,Meme/Speculative
2023-04-30 00:00:00+00:00,8.369999885559082,9.039999961853027,7.619999885559082,7.75,502721600,0.0,0.0,Palantir Technologies,PLTR,Meme/Speculative
2023-05-31 00:00:00+00:00,7.75,15.005000114440918,7.28000020980835,14.710000038146973,2091732800,0.0,0.0,Palantir Technologies,PLTR,Meme/Speculative
2023-06-30 00:00:00+00:00,14.460000038146973,17.15999984741211,13.5600004196167,15.329999923706056,1899321700,0.0,0.0,Palantir Technologies,PLTR,Meme/Speculative
2023-07-31 00:00:00+00:00,15.489999771118164,19.9950008392334,14.619999885559082,19.84000015258789,1222967600,0.0,0.0,Palantir Technologies,PLTR,Meme/Speculative
2023-08-31 00:00:00+00:00,19.459999084472656,20.239999771118164,13.68000030517578,14.979999542236328,1698646700,0.0,0.0,Palantir Technologies,PLTR,Meme/Speculative
2023-09-30 00:00:00+00:00,15.15999984741211,16.809999465942383,13.68000030517578,16.0,945499200,0.0,0.0,Palantir Technologies,PLTR,Meme/Speculative
2023-10-31 00:00:00+00:00,16.030000686645508,18.440000534057617,14.550000190734863,14.800000190734863,1207993700,0.0,0.0,Palantir Technologies,PLTR,Meme/Speculative
2023-11-30 00:00:00+00:00,14.800000190734863,21.850000381469727,14.479999542236328,20.049999237060547,1547018300,0.0,0.0,Palantir Technologies,PLTR,Meme/Speculative
2023-12-31 00:00:00+00:00,19.93000030517578,20.290000915527344,17.049999237060547,17.170000076293945,1110800400,0.0,0.0,Palantir Technologies,PLTR,Meme/Speculative
2024-01-31 00:00:00+00:00,16.950000762939453,18.350000381469727,15.663999557495115,16.09000015258789,880434500,0.0,0.0,Palantir Technologies,PLTR,Meme/Speculative
2024-02-29 00:00:00+00:00,16.209999084472656,25.524999618530277,16.030000686645508,25.07999992370605,2234544000,0.0,0.0,Palantir Technologies,PLTR,Meme/Speculative
2024-03-31 00:00:00+00:00,25.299999237060547,27.5,22.920000076293945,23.01000022888184,1265831000,0.0,0.0,Palantir Technologies,PLTR,Meme/Speculative
2024-04-30 00:00:00+00:00,22.979999542236328,24.100000381469727,20.32999992370605,21.96999931335449,758276000,0.0,0.0,Palantir Technologies,PLTR,Meme/Speculative
2024-05-31 00:00:00+00:00,21.93000030517578,25.354999542236328,20.5,21.68000030517578,1122061900,0.0,0.0,Palantir Technologies,PLTR,Meme/Speculative
2024-06-30 00:00:00+00:00,21.700000762939453,26.56999969482422,21.0049991607666,25.32999992370605,777321500,0.0,0.0,Palantir Technologies,PLTR,Meme/Speculative
2024-07-31 00:00:00+00:00,25.479999542236328,29.82999992370605,25.142000198364254,26.88999938964844,936510300,0.0,0.0,Palantir Technologies,PLTR,Meme/Speculative
2024-08-31 00:00:00+00:00,27.020000457763672,33.125,21.229999542236328,31.479999542236328,1203111000,0.0,0.0,Palantir Technologies,PLTR,Meme/Speculative
2024-09-30 00:00:00+00:00,31.350000381469727,38.18999862670898,29.309999465942383,37.20000076293945,1602639400,0.0,0.0,Palantir Technologies,PLTR,Meme/Speculative
2024-10-31 00:00:00+00:00,37.209999084472656,45.13999938964844,36.04999923706055,41.560001373291016,1069695200,0.0,0.0,Palantir Technologies,PLTR,Meme/Speculative
2024-11-30 00:00:00+00:00,41.93000030517578,67.87999725341797,41.03200149536133,67.08000183105469,1707209700,0.0,0.0,Palantir Technologies,PLTR,Meme/Speculative
2024-12-31 00:00:00+00:00,67.44000244140625,84.7969970703125,65.95999908447266,75.62999725341797,1986227500,0.0,0.0,Palantir Technologies,PLTR,Meme/Speculative
2025-01-31 00:00:00+00:00,76.19999694824219,85.22000122070312,63.400001525878906,82.48999786376953,1374072700,0.0,0.0,Palantir Technologies,PLTR,Meme/Speculative
2025-02-28 00:00:00+00:00,80.125,125.41000366210938,78.47000122070312,84.91999816894531,2356232800,0.0,0.0,Palantir Technologies,PLTR,Meme/Speculative
2025-03-31 00:00:00+00:00,88.55000305175781,98.16999816894533,74.56999969482422,84.4000015258789,2206072600,0.0,0.0,Palantir Technologies,PLTR,Meme/Speculative
2025-04-30 00:00:00+00:00,83.88999938964844,118.77999877929688,66.12000274658203,118.44000244140624,2370585800,0.0,0.0,Palantir Technologies,PLTR,Meme/Speculative
2025-05-31 00:00:00+00:00,120.04000091552734,133.49000549316406,105.31999969482422,131.77999877929688,2054836700,0.0,0.0,Palantir Technologies,PLTR,Meme/Speculative
2025-06-30 00:00:00+00:00,131.43499755859375,148.21499633789062,118.93000030517578,136.32000732421875,1747722800,0.0,0.0,Palantir Technologies,PLTR,Meme/Speculative
2025-07-31 00:00:00+00:00,135.27000427246094,160.88999938964844,128.50999450683594,158.35000610351562,1246052200,0.0,0.0,Palantir Technologies,PLTR,Meme/Speculative
2025-08-31 00:00:00+00:00,155.0500030517578,190.0,142.33999633789062,156.7100067138672,1747609500,0.0,0.0,Palantir Technologies,PLTR,Meme/Speculative
2025-09-30 00:00:00+00:00,151.1999969482422,185.75,148.0399932861328,182.4199981689453,1215745900,0.0,0.0,Palantir Technologies,PLTR,Meme/Speculative
2025-10-31 00:00:00+00:00,181.32000732421875,204.17999267578125,169.4199981689453,200.47000122070312,1088109200,0.0,0.0,Palantir Technologies,PLTR,Meme/Speculative
2025-11-30 00:00:00+00:00,205.0449981689453,207.5200042724609,147.55999755859375,168.4499969482422,1195852500,0.0,0.0,Palantir Technologies,PLTR,Meme/Speculative
2025-12-31 00:00:00+00:00,165.0,198.8800048828125,163.1199951171875,177.75,758766000,0.0,0.0,Palantir Technologies,PLTR,Meme/Speculative
2026-01-31 00:00:00+00:00,181.3000030517578,187.27999877929688,166.35000610351562,176.86000061035156,227512000,0.0,0.0,Palantir Technologies,PLTR,Meme/Speculative
2016-01-31 00:00:00+00:00,72.00866064982739,73.4586181640625,68.98302282066797,73.4586181640625,84664900,0.0,0.0,PepsiCo,PEP,Consumer Staples
2016-02-29 00:00:00+00:00,72.88898316791922,74.49427607534649,71.08396867492479,72.36377716064453,97366600,0.0,0.0,PepsiCo,PEP,Consumer Staples
2016-03-31 00:00:00+00:00,72.8668176299769,77.07546976341729,72.5339257968641,76.35277557373047,104782000,0.703,0.0,PepsiCo,PEP,Consumer Staples
2016-04-30 00:00:00+00:00,75.97281033517699,78.80396702010714,74.81792879209769,76.71038055419922,101317000,0.0,0.0,PepsiCo,PEP,Consumer Staples
2016-05-31 00:00:00+00:00,76.54647554525995,79.67568596608193,74.50503523333776,75.37671661376953,93222400,0.0,0.0,PepsiCo,PEP,Consumer Staples
2016-06-30 00:00:00+00:00,75.4840728634965,79.56753547949239,75.28891132039207,79.52249908447266,97386900,0.753,0.0,PepsiCo,PEP,Consumer Staples
2016-07-31 00:00:00+00:00,79.74018176402829,83.27570428677647,79.10213564661333,81.7593994140625,92254100,0.0,0.0,PepsiCo,PEP,Consumer Staples
2016-08-31 00:00:00+00:00,81.6092888499903,82.08968324217795,80.32690672221838,80.69731903076172,67339600,0.753,0.0,PepsiCo,PEP,Consumer Staples
2016-09-30 00:00:00+00:00,80.47805472892972,82.93490914108511,78.65624237060547,82.22431182861328,90670300,0.0,0.0,PepsiCo,PEP,Consumer Staples
2016-10-31 00:00:00+00:00,82.22430457728893,82.26966529261153,79.37440843646121,81.03748321533203,87403100,0.0,0.0,PepsiCo,PEP,Consumer Staples
2016-11-30 00:00:00+00:00,80.99213344045185,82.34526390304582,75.93483225278439,76.23004913330078,106251000,0.753,0.0,PepsiCo,PEP,Consumer Staples
2016-12-31 00:00:00+00:00,76.07013861544422,81.12675194110452,75.01159975377618,79.6798324584961,85980900,0.0,0.0,PepsiCo,PEP,Consumer Staples
2017-01-31 00:00:00+00:00,79.91589244503425,80.44134278982595,76.96112776298195,79.03252410888672,83320700,0.0,0.0,PepsiCo,PEP,Consumer Staples
2017-02-28 00:00:00+00:00,78.90305105307567,84.22621719280882,78.42328360633397,84.05867767333984,81771500,0.0,0.0,PepsiCo,PEP,Consumer Staples
2017-03-31 00:00:00+00:00,84.03798858298762,86.46097688157815,83.17152488482765,85.7708511352539,93121500,0.753,0.0,PepsiCo,PEP,Consumer Staples
2017-04-30 00:00:00+00:00,85.83985759384336,87.87949266796461,85.37211937002883,86.85969543457031,68474400,0.0,0.0,PepsiCo,PEP,Consumer Staples
2017-05-31 00:00:00+00:00,86.59132764537891,91.05395327202704,85.64819652847308,90.22787475585938,72360700,0.805,0.0,PepsiCo,PEP,Consumer Staples
2017-06-30 00:00:00+00:00,90.17383777031948,91.28555815352426,88.69921219421742,89.16246795654297,74528800,0.0,0.0,PepsiCo,PEP,Consumer Staples
2017-07-31 00:00:00+00:00,89.20879531238671,91.14658811378588,86.66106147525286,90.02716064453125,70464600,0.0,0.0,PepsiCo,PEP,Consumer Staples
2017-08-31 00:00:00+00:00,90.0889093656756,92.17340340389256,88.84592911109603,89.97301483154297,66929100,0.805,0.0,PepsiCo,PEP,Consumer Staples
2017-09-30 00:00:00+00:00,89.70087348396352,91.18579442934242,85.78260364942854,86.63002014160156,79755600,0.0,0.0,PepsiCo,PEP,Consumer Staples
2017-10-31 00:00:00+00:00,85.44829905130932,88.34036848989912,82.55622253073514,85.69705963134766,85595300,0.0,0.0,PepsiCo,PEP,Consumer Staples
2017-11-30 00:00:00+00:00,85.33167520139203,91.75579352509293,84.85743291538661,91.21563720703124,69167500,0.805,0.0,PepsiCo,PEP,Consumer Staples
2017-12-31 00:00:00+00:00,91.19995922670682,94.38608520472,90.05702483207219,93.8772430419922,70079200,0.0,0.0,PepsiCo,PEP,Consumer Staples
2018-01-31 00:00:00+00:00,93.8850715465355,95.90478401757716,91.10602037579228,94.17472839355467,88470600,0.0,0.0,PepsiCo,PEP,Consumer Staples
2018-02-28 00:00:00+00:00,93.87724829613778,94.7305386117067,84.49893803029167,85.90019989013672,97278600,0.0,0.0,PepsiCo,PEP,Consumer Staples
2018-03-31 00:00:00+00:00,86.12495618412837,89.82355517952237,83.5461829537963,86.0776138305664,97486500,0.805,0.0,PepsiCo,PEP,Consumer Staples
2018-04-30 00:00:00+00:00,85.6596612913647,87.67852896743862,79.31917786698183,79.60308074951172,98237200,0.0,0.0,PepsiCo,PEP,Consumer Staples
2018-05-31 00:00:00+00:00,79.14566918242899,80.6282847082461,75.65999159042691,79.78604125976562,127114600,0.928,0.0,PepsiCo,PEP,Consumer Staples
2018-06-30 00:00:00+00:00,80.01684450177694,87.21948756521061,79.30852003271303,86.64645385742188,112788100,0.0,0.0,PepsiCo,PEP,Consumer Staples
2018-07-31 00:00:00+00:00,86.51114823129492,93.0372867819762,85.57203288486048,91.52513122558594,147328900,0.0,0.0,PepsiCo,PEP,Consumer Staples
2018-08-31 00:00:00+00:00,91.06354538179986,94.26294639152198,88.25410114598384,89.14547729492188,97858900,0.0,0.0,PepsiCo,PEP,Consumer Staples
2018-09-30 00:00:00+00:00,88.99428873603978,92.69945974962454,87.90394335657962,89.7143325805664,75015800,0.928,0.0,PepsiCo,PEP,Consumer Staples
2018-10-31 00:00:00+00:00,89.99520381964071,91.66430781096432,83.88050515627829,90.17977905273438,119829000,0.0,0.0,PepsiCo,PEP,Consumer Staples
2018-11-30 00:00:00+00:00,89.87482141805202,97.89937207969508,87.97300644438072,97.85122680664062,90370600,0.0,0.0,PepsiCo,PEP,Consumer Staples
2018-12-31 00:00:00+00:00,96.67963280217744,97.0246881678057,84.95094468571365,89.35905456542969,115113900,0.928,0.0,PepsiCo,PEP,Consumer Staples
2019-01-31 00:00:00+00:00,88.28332838886668,91.31642661595473,86.32595873908808,91.1303939819336,115732500,0.0,0.0,PepsiCo,PEP,Consumer Staples
2019-02-28 00:00:00+00:00,91.35684470739028,94.87526282488533,90.1436063650831,94.29103088378906,96885600,0.928,0.0,PepsiCo,PEP,Consumer Staples
2019-03-31 00:00:00+00:00,94.47043101735056,100.44720156097476,93.16581751862591,99.9253387451172,125322600,0.0,0.0,PepsiCo,PEP,Consumer Staples
2019-04-30 00:00:00+00:00,99.95795667748976,104.68720084982112,98.44948822094084,104.40997314453124,86628800,0.0,0.0,PepsiCo,PEP,Consumer Staples
2019-05-31 00:00:00+00:00,104.24688138000788,106.73379578250716,101.80074031721568,104.36920166015624,88149400,0.0,0.0,PepsiCo,PEP,Consumer Staples
2019-06-30 00:00:00+00:00,104.2550171483016,111.07994727601756,103.95332277550568,107.70416259765624,88686800,0.955,0.0,PepsiCo,PEP,Consumer Staples
2019-07-31 00:00:00+00:00,108.41053696108918,111.07996137895604,103.68775380295936,104.97727966308594,96373300,0.0,0.0,PepsiCo,PEP,Consumer Staples
2019-08-31 00:00:00+00:00,105.9218575574961,112.61590592404973,101.74938297741431,112.30378723144533,95177800,0.0,0.0,PepsiCo,PEP,Consumer Staples
2019-09-30 00:00:00+00:00,111.99165475890742,114.79179545410976,110.90474677561332,113.38585662841795,78024000,0.955,0.0,PepsiCo,PEP,Consumer Staples
2019-10-31 00:00:00+00:00,113.24524316899118,116.15640937911226,110.40026173858966,113.4437484741211,80470000,0.0,0.0,PepsiCo,PEP,Consumer Staples
2019-11-30 00:00:00+00:00,113.75801422713046,114.41136257674422,108.82891741832216,112.33553314208984,64684200,0.0,0.0,PepsiCo,PEP,Consumer Staples
2019-12-31 00:00:00+00:00,113.01369639651416,115.13781184057233,111.0866966248706,113.8219223022461,82358000,0.955,0.0,PepsiCo,PEP,Consumer Staples
2020-01-31 00:00:00+00:00,113.98849062571011,120.4678194075845,111.55663818310056,118.27750396728516,89890800,0.0,0.0,PepsiCo,PEP,Consumer Staples
2020-02-29 00:00:00+00:00,118.90215767883222,122.59153465769644,106.892836199914,109.9576187133789,94682300,0.0,0.0,PepsiCo,PEP,Consumer Staples
2020-03-31 00:00:00+00:00,109.93264173022554,118.85217229343937,85.03524505026867,100.69740295410156,219268700,0.955,0.0,PepsiCo,PEP,Consumer Staples
2020-04-30 00:00:00+00:00,98.3246154873468,116.23384464701124,96.98310240427638,110.91807556152344,115317200,0.0,0.0,PepsiCo,PEP,Consumer Staples
2020-05-31 00:00:00+00:00,109.93710677025948,115.69722246591496,107.80743044031767,110.2976303100586,127004500,0.0,0.0,PepsiCo,PEP,Consumer Staples
2020-06-30 00:00:00+00:00,110.33954965772377,114.20401150172172,106.91207427094534,111.7536849975586,120003600,1.023,0.0,PepsiCo,PEP,Consumer Staples
2020-07-31 00:00:00+00:00,111.98180598453794,117.44866307202486,110.92561008099032,116.31642150878906,95675300,0.0,0.0,PepsiCo,PEP,Consumer Staples
2020-08-31 00:00:00+00:00,115.8517216385162,119.155461131857,113.74776508030992,118.34429931640624,69194900,0.0,0.0,PepsiCo,PEP,Consumer Staples
2020-09-30 00:00:00+00:00,118.50485677085044,122.58238758534782,110.08930564113246,117.95279693603516,104372500,1.023,0.0,PepsiCo,PEP,Consumer Staples
2020-10-31 00:00:00+00:00,118.66767902791253,122.6419531561563,112.08919111137716,113.43380737304688,88547700,0.0,0.0,PepsiCo,PEP,Consumer Staples
2020-11-30 00:00:00+00:00,115.40821088467892,124.73550221240116,113.85082399368892,122.74407196044922,73555100,0.0,0.0,PepsiCo,PEP,Consumer Staples
2020-12-31 00:00:00+00:00,123.42491880732624,127.50971893208128,122.45472515049472,127.10691833496094,79881500,1.023,0.0,PepsiCo,PEP,Consumer Staples
2021-01-31 00:00:00+00:00,126.00125111066818,126.66121645531096,116.57322429031557,117.05320739746094,94589800,0.0,0.0,PepsiCo,PEP,Consumer Staples
2021-02-28 00:00:00+00:00,117.40461730957033,121.81008274655194,110.19646596098036,110.72785949707033,96036200,0.0,0.0,PepsiCo,PEP,Consumer Staples
2021-03-31 00:00:00+00:00,111.9449326173088,125.23629552368244,110.54785952983704,122.203857421875,161735400,1.023,0.0,PepsiCo,PEP,Consumer Staples
2021-04-30 00:00:00+00:00,121.97926330160996,127.68989526128232,121.04620978904904,124.54513549804688,110116000,0.0,0.0,PepsiCo,PEP,Consumer Staples
2021-05-31 00:00:00+00:00,125.2967362301416,128.52790730414048,123.96630883741511,127.81078338623048,100657400,0.0,0.0,PepsiCo,PEP,Consumer Staples
2021-06-30 00:00:00+00:00,128.53655211084123,129.9019873108075,125.84665781824818,128.94473266601562,107461600,1.075,0.0,PepsiCo,PEP,Consumer Staples
2021-07-31 00:00:00+00:00,128.86638437801614,138.07364732076536,128.59661298261096,136.58551025390625,95669300,0.0,0.0,PepsiCo,PEP,Consumer Staples
2021-08-31 00:00:00+00:00,136.62902461280044,138.9177806096728,133.70497685947586,136.09817504882812,75271300,0.0,0.0,PepsiCo,PEP,Consumer Staples
2021-09-30 00:00:00+00:00,136.48978709771575,137.9335766006643,131.51962031131242,131.79127502441406,83658000,1.075,0.0,PepsiCo,PEP,Consumer Staples
2021-10-31 00:00:00+00:00,132.61495886048291,142.1743905733739,130.97636410579818,141.59609985351562,83983100,0.0,0.0,PepsiCo,PEP,Consumer Staples
2021-11-30 00:00:00+00:00,141.2456318370263,146.15243369710498,138.7834674753192,140.00140380859375,81356600,0.0,0.0,PepsiCo,PEP,Consumer Staples
2021-12-31 00:00:00+00:00,142.35844797051743,153.50907054082057,140.238012315725,153.23561096191406,101544500,1.075,0.0,PepsiCo,PEP,Consumer Staples
2022-01-31 00:00:00+00:00,151.90353478366933,156.34953600974129,146.83127264137266,153.06800842285156,117678300,0.0,0.0,PepsiCo,PEP,Consumer Staples
2022-02-28 00:00:00+00:00,152.74159594233183,155.83786630909202,141.3973464627193,144.4407196044922,114609900,0.0,0.0,PepsiCo,PEP,Consumer Staples
2022-03-31 00:00:00+00:00,143.84967695498858,150.32763903972287,136.18279096481234,148.622802734375,127094200,1.075,0.0,PepsiCo,PEP,Consumer Staples
2022-04-30 00:00:00+00:00,149.075601918221,157.71523637155622,148.61387131962084,152.46754455566406,93846500,0.0,0.0,PepsiCo,PEP,Consumer Staples
2022-05-31 00:00:00+00:00,153.61296520502998,156.5431869434472,141.73238500100058,148.95130920410156,135299300,0.0,0.0,PepsiCo,PEP,Consumer Staples
2022-06-30 00:00:00+00:00,149.3331204979073,150.6132015250911,138.46221444439627,149.0127410888672,108827700,1.15,0.0,PepsiCo,PEP,Consumer Staples
2022-07-31 00:00:00+00:00,149.08429731815258,156.89881220923837,147.82359524687672,156.4338836669922,82172000,0.0,0.0,PepsiCo,PEP,Consumer Staples
2022-08-31 00:00:00+00:00,156.067316319371,161.89690268307396,153.9661378890908,154.0287322998047,83528400,0.0,0.0,PepsiCo,PEP,Consumer Staples
2022-09-30 00:00:00+00:00,153.8487117247777,157.4942051767202,146.72873559409828,146.95376586914062,113613100,1.15,0.0,PepsiCo,PEP,Consumer Staples
2022-10-31 00:00:00+00:00,147.18780473335514,164.7041336087463,144.90147102513603,163.4439697265625,115063100,0.0,0.0,PepsiCo,PEP,Consumer Staples
2022-11-30 00:00:00+00:00,162.86790050865216,167.98058656844495,157.89924394297856,166.98146057128906,97984000,0.0,0.0,PepsiCo,PEP,Consumer Staples
2022-12-31 00:00:00+00:00,167.99587435610954,169.2276954714218,161.57418124424746,163.6302490234375,96723500,1.15,0.0,PepsiCo,PEP,Consumer Staples
2023-01-31 00:00:00+00:00,163.56683909615012,165.54134697243452,151.67454526341862,154.89894104003906,91592700,0.0,0.0,PepsiCo,PEP,Consumer Staples
2023-02-28 00:00:00+00:00,154.77216769478613,161.4292802452855,151.30317356436444,157.17234802246094,97118900,0.0,0.0,PepsiCo,PEP,Consumer Staples
2023-03-31 00:00:00+00:00,156.07641679197718,166.40468500170832,153.17805085804173,166.23143005371094,107272300,1.15,0.0,PepsiCo,PEP,Consumer Staples
2023-04-30 00:00:00+00:00,165.8666836618484,174.72990598762098,164.49889897882989,174.0642547607422,69876700,0.0,0.0,PepsiCo,PEP,Consumer Staples
2023-05-31 00:00:00+00:00,173.66304275399145,179.52629281077782,164.77245644318143,166.2770233154297,105794700,0.0,0.0,PepsiCo,PEP,Consumer Staples
2023-06-30 00:00:00+00:00,167.5028751820349,172.62655552388316,164.66555417096893,170.07391357421875,100942900,1.265,0.0,PepsiCo,PEP,Consumer Staples
2023-07-31 00:00:00+00:00,169.2291088016212,176.6483747955307,167.50284141813083,172.13070678710938,110381000,0.0,0.0,PepsiCo,PEP,Consumer Staples
2023-08-31 00:00:00+00:00,172.15827030055138,174.43545288184535,160.97425922718804,164.52015686035156,92393200,1.265,0.0,PepsiCo,PEP,Consumer Staples
2023-09-30 00:00:00+00:00,165.2691044267491,168.12642072462071,155.38423358818625,156.67880249023438,95825000,0.0,0.0,PepsiCo,PEP,Consumer Staples
2023-10-31 00:00:00+00:00,156.34591982497057,157.19662010082084,144.0938043284307,150.98272705078125,144915000,0.0,0.0,PepsiCo,PEP,Consumer Staples
2023-11-30 00:00:00+00:00,151.34338235781843,157.21511379919414,150.50191456456122,156.80203247070312,104615100,1.265,0.0,PepsiCo,PEP,Consumer Staples
2023-12-31 00:00:00+00:00,156.8765809371679,160.30535910791804,153.98820730252618,158.24623107910156,107257400,0.0,0.0,PepsiCo,PEP,Consumer Staples
2024-01-31 00:00:00+00:00,157.94810078071,163.24036018782115,153.1403144988858,157.02566528320312,109944600,0.0,0.0,PepsiCo,PEP,Consumer Staples
2024-02-29 00:00:00+00:00,157.02565829249073,162.21543244056176,154.37018162069,155.22903442382812,124352600,1.265,0.0,PepsiCo,PEP,Consumer Staples
2024-03-31 00:00:00+00:00,154.77837988915803,165.05874367882117,151.91491320024346,164.3076629638672,128190900,0.0,0.0,PepsiCo,PEP,Consumer Staples
2024-04-30 00:00:00+00:00,164.8334661774424,169.58402355233923,155.87683218217637,165.1526641845703,119479900,0.0,0.0,PepsiCo,PEP,Consumer Staples
2024-05-31 00:00:00+00:00,164.73015687527214,172.19402589360652,159.15341153630487,162.3267059326172,93842400,0.0,0.0,PepsiCo,PEP,Consumer Staples
2024-06-30 00:00:00+00:00,162.15773800104316,163.73498194244326,152.8572598658291,156.06504821777344,108439000,1.355,0.0,PepsiCo,PEP,Consumer Staples
2024-07-31 00:00:00+00:00,156.16913687756124,165.3004523035137,149.5359260743981,163.38902282714844,121800200,0.0,0.0,PepsiCo,PEP,Consumer Staples
2024-08-31 00:00:00+00:00,163.2565583099238,171.18614360433185,160.68275002506775,163.58773803710938,110080300,0.0,0.0,PepsiCo,PEP,Consumer Staples
2024-09-30 00:00:00+00:00,163.11464301137127,171.07852627091373,160.82890106325834,162.13514709472656,116112700,1.355,0.0,PepsiCo,PEP,Consumer Staples
2024-10-31 00:00:00+00:00,163.3174219478481,169.23838294844873,158.09247745419435,158.34991455078125,120685000,0.0,0.0,PepsiCo,PEP,Consumer Staples
2024-11-30 00:00:00+00:00,158.35944878239735,160.14241732450358,148.5960658836795,155.8423309326172,112316100,0.0,0.0,PepsiCo,PEP,Consumer Staples
2024-12-31 00:00:00+00:00,155.71838986801987,156.03301744214963,143.95727299029625,146.2169647216797,142271300,1.355,0.0,PepsiCo,PEP,Consumer Staples
2025-01-31 00:00:00+00:00,147.00545035471026,149.49593016323558,136.07233692921028,144.8996124267578,131454200,0.0,0.0,PepsiCo,PEP,Consumer Staples
2025-02-28 00:00:00+00:00,144.00533062095082,152.37104327217298,136.15890040841182,147.5727996826172,147465900,0.0,0.0,PepsiCo,PEP,Consumer Staples
2025-03-31 00:00:00+00:00,145.53425296725504,155.28974847157448,140.41846883687322,145.45318603515625,156038500,1.355,0.0,PepsiCo,PEP,Consumer Staples
2025-04-30 00:00:00+00:00,145.9867076380344,150.2841522195872,127.58437332755966,131.52288818359375,188325000,0.0,0.0,PepsiCo,PEP,Consumer Staples
2025-05-31 00:00:00+00:00,130.44608729858535,130.77590950109197,123.92718747264472,127.51646423339844,177474400,0.0,0.0,PepsiCo,PEP,Consumer Staples
2025-06-30 00:00:00+00:00,126.98291977322069,130.49460766519945,125.13988327838172,129.4942626953125,223944700,1.423,0.0,PepsiCo,PEP,Consumer Staples
2025-07-31 00:00:00+00:00,130.03367037330722,144.19526623599282,129.91598875368487,135.2609100341797,214128100,0.0,0.0,PepsiCo,PEP,Consumer Staples
2025-08-31 00:00:00+00:00,136.4181736077153,151.62912741276074,135.62377774648166,145.78404235839844,161775300,0.0,0.0,PepsiCo,PEP,Consumer Staples
2025-09-30 00:00:00+00:00,154.40457358154265,154.75763341302428,137.77245384344903,139.0796661376953,169074800,1.423,0.0,PepsiCo,PEP,Consumer Staples
2025-10-31 00:00:00+00:00,139.4460766714646,153.6867989265854,137.24758825692288,144.67494201660156,161948400,0.0,0.0,PepsiCo,PEP,Consumer Staples
2025-11-30 00:00:00+00:00,144.4471643059496,148.3787096399787,139.89171335966037,147.2992706298828,137888400,0.0,0.0,PepsiCo,PEP,Consumer Staples
2025-12-31 00:00:00+00:00,147.19034747091814,152.35000610351562,142.9499969482422,143.52000427246094,171370600,1.423,0.0,PepsiCo,PEP,Consumer Staples
2026-01-31 00:00:00+00:00,143.22000122070312,143.41000366210938,136.00999450683594,139.3699951171875,43091000,0.0,0.0,PepsiCo,PEP,Consumer Staples
2016-01-31 00:00:00+00:00,19.2020151992424,19.41776775362919,18.24037619304277,18.795167922973636,571578929,0.0,0.0,Pfizer,PFE,Pharma
2016-02-29 00:00:00+00:00,18.70270668642528,19.239409092117675,17.589425823835768,18.47356605529785,896675112,0.28463,0.0,Pfizer,PFE,Pharma
2016-03-31 00:00:00+00:00,18.548284279479283,19.05884461058544,17.894522009209993,18.454893112182617,1100959391,0.0,0.0,Pfizer,PFE,Pharma
2016-04-30 00:00:00+00:00,18.33036146681929,20.858259267531345,18.31168344148608,20.36638069152832,1250335007,0.0,0.0,Pfizer,PFE,Pharma
2016-05-31 00:00:00+00:00,20.272986849349135,21.830312726709693,20.23562828724091,21.79889869689941,644650536,0.28463,0.0,Pfizer,PFE,Pharma
2016-06-30 00:00:00+00:00,21.798901381983168,22.301472229473493,21.063894507471197,22.119287490844727,606312550,0.0,0.0,Pfizer,PFE,Pharma
2016-07-31 00:00:00+00:00,22.08159890147596,23.363143884311903,22.062751082617417,23.174680709838867,369746677,0.0,0.0,Pfizer,PFE,Pharma
2016-08-31 00:00:00+00:00,23.256343046980213,23.48878086746987,21.92309801351802,22.0434513092041,505629202,0.28463,0.0,Pfizer,PFE,Pharma
2016-09-30 00:00:00+00:00,21.99910637904317,22.163797887749016,21.09329733356764,21.45435333251953,419697845,0.0,0.0,Pfizer,PFE,Pharma
2016-10-31 00:00:00+00:00,21.36567717440892,21.536702240833844,20.02279922840706,20.08614158630371,418534440,0.0,0.0,Pfizer,PFE,Pharma
2016-11-30 00:00:00+00:00,19.598400499962658,21.64274098302597,18.89529167305315,20.56156539916992,780947914,0.28463,0.0,Pfizer,PFE,Pharma
2016-12-31 00:00:00+00:00,20.631937547528167,21.30367354474098,19.518775936452496,20.779075622558597,535010715,0.0,0.0,Pfizer,PFE,Pharma
2017-01-31 00:00:00+00:00,20.91981719742977,21.559572131276745,19.768276557963745,20.29926300048828,554605632,0.0,0.0,Pfizer,PFE,Pharma
2017-02-28 00:00:00+00:00,20.36389417774356,22.270383627297797,20.202326918017853,22.050649642944336,547100201,0.303605,0.0,Pfizer,PFE,Pharma
2017-03-31 00:00:00+00:00,22.147593444222007,22.45779985379658,21.792143472678397,22.108816146850582,543237926,0.0,0.0,Pfizer,PFE,Pharma
2017-04-30 00:00:00+00:00,22.044189600649982,22.309153341261503,21.63057813955476,21.921396255493164,372101525,0.0,0.0,Pfizer,PFE,Pharma
2017-05-31 00:00:00+00:00,21.902006220686623,21.96663206708588,20.86116122040317,21.30487823486328,560117629,0.303605,0.0,Pfizer,PFE,Pharma
2017-06-30 00:00:00+00:00,21.31792824778907,22.498995417413997,20.665410254091192,21.91824722290039,490650490,0.0,0.0,Pfizer,PFE,Pharma
2017-07-31 00:00:00+00:00,21.84647182486078,22.16620916869672,21.330980552969898,21.637666702270508,321926065,0.0,0.0,Pfizer,PFE,Pharma
2017-08-31 00:00:00+00:00,21.55935984457353,22.415671713965903,21.29554586476922,22.349782943725582,409668614,0.303605,0.0,Pfizer,PFE,Pharma
2017-09-30 00:00:00+00:00,22.362958814506747,23.85865867076155,22.23776884184591,23.52260971069336,407977576,0.0,0.0,Pfizer,PFE,Pharma
2017-10-31 00:00:00+00:00,23.502856875897155,24.23422982479668,22.46838607208048,23.100927352905277,364220978,0.0,0.0,Pfizer,PFE,Pharma
2017-11-30 00:00:00+00:00,23.06798091585187,24.25619867485664,22.995500885813623,24.10991668701172,300375665,0.303605,0.0,Pfizer,PFE,Pharma
2017-12-31 00:00:00+00:00,24.129862270778,24.834670786688765,23.371851177572648,24.083314895629883,331790876,0.0,0.0,Pfizer,PFE,Pharma
2018-01-31 00:00:00+00:00,24.189703428209192,26.217702268376097,24.089970054829344,24.62855529785156,505479112,0.0,0.0,Pfizer,PFE,Pharma
2018-02-28 00:00:00+00:00,24.56815450783586,25.098306864713933,22.2797802344258,24.36682891845703,587799570,0.322581,0.0,Pfizer,PFE,Pharma
2018-03-31 00:00:00+00:00,24.2393306708581,24.8567183807043,23.031385849680973,23.816545486450195,507176897,0.0,0.0,Pfizer,PFE,Pharma
2018-04-30 00:00:00+00:00,23.7695753025662,25.011066860825714,23.32666365986288,24.56815719604492,446961980,0.0,0.0,Pfizer,PFE,Pharma
2018-05-31 00:00:00+00:00,23.876945957660308,24.5640325689717,23.064942553322982,24.34719657897949,511773388,0.322581,0.0,Pfizer,PFE,Pharma
2018-06-30 00:00:00+00:00,24.57081024328768,24.93672870147495,24.211670872134917,24.584369659423828,457395207,0.0,0.0,Pfizer,PFE,Pharma
2018-07-31 00:00:00+00:00,24.39462904309824,27.09836888653992,24.39462904309824,27.057710647583008,418253865,0.0,0.0,Pfizer,PFE,Pharma
2018-08-31 00:00:00+00:00,26.85441792366829,29.228956373532448,26.793431937160545,28.374706268310547,500528790,0.322581,0.0,Pfizer,PFE,Pharma
2018-09-30 00:00:00+00:00,28.347371076702792,30.383900765320828,28.169686095306623,30.117372512817383,369588789,0.0,0.0,Pfizer,PFE,Pharma
2018-10-31 00:00:00+00:00,30.09003347270556,31.306483832319632,28.47038358937792,29.42714500427246,604661777,0.0,0.0,Pfizer,PFE,Pharma
2018-11-30 00:00:00+00:00,29.522816813650543,31.857975560085944,29.03076018462152,31.837316513061523,507886765,0.322581,0.0,Pfizer,PFE,Pharma
2018-12-31 00:00:00+00:00,31.933726473005056,32.00259849600218,27.83612559449,30.0605411529541,565803643,0.0,0.0,Pfizer,PFE,Pharma
2019-01-31 00:00:00+00:00,29.695540452728743,30.094969558348463,27.181891296549924,29.489450454711918,631956054,0.341556,0.0,Pfizer,PFE,Pharma
2019-02-28 00:00:00+00:00,29.781212948631172,30.41338182030503,28.62803958408521,30.114665985107425,450906154,0.0,0.0,Pfizer,PFE,Pharma
2019-03-31 00:00:00+00:00,30.295289812190333,30.42033223728292,28.02366606236803,29.503337860107425,554205954,0.0,0.0,Pfizer,PFE,Pharma
2019-04-30 00:00:00+00:00,29.579758850002765,30.0660388768856,26.689864414248454,28.211227416992188,486234339,0.0,0.0,Pfizer,PFE,Pharma
2019-05-31 00:00:00+00:00,28.197339528084964,29.77202145787552,27.90557009849968,29.09920310974121,552863473,0.341556,0.0,Pfizer,PFE,Pharma
2019-06-30 00:00:00+00:00,29.176304737193217,31.040562245016176,29.1342533141127,30.360736846923828,461187921,0.0,0.0,Pfizer,PFE,Pharma
2019-07-31 00:00:00+00:00,30.49389506770948,31.22979005674294,26.98965534468446,27.22093391418457,590900013,0.0,0.0,Pfizer,PFE,Pharma
2019-08-31 00:00:00+00:00,27.100683826141907,27.3199788632784,24.030547134748957,25.14824485778809,641234099,0.341556,0.0,Pfizer,PFE,Pharma
2019-09-30 00:00:00+00:00,25.19068348179597,26.711606547597555,25.1199411512203,25.417055130004883,443911600,0.0,0.0,Pfizer,PFE,Pharma
2019-10-31 00:00:00+00:00,25.417051887103028,27.461452724873464,24.47620193405616,27.143123626708984,407113297,0.0,0.0,Pfizer,PFE,Pharma
2019-11-30 00:00:00+00:00,27.36948791416155,27.76971015020954,25.926966831771747,27.512582778930664,446281096,0.341556,0.0,Pfizer,PFE,Pharma
2019-12-31 00:00:00+00:00,27.70542235641578,28.29823946784654,26.99118419220952,27.98397445678711,387120076,0.0,0.0,Pfizer,PFE,Pharma
2020-01-31 00:00:00+00:00,28.06969680825437,29.262472575012225,26.47320498831925,26.87005615234375,531835964,0.360531,0.0,Pfizer,PFE,Pharma
2020-02-29 00:00:00+00:00,27.028788294051864,27.82970297505078,23.47161636578002,24.113784790039062,586886279,0.0,0.0,Pfizer,PFE,Pharma
2020-03-31 00:00:00+00:00,24.46733750890497,26.307252684111425,20.116467548266275,23.55098342895508,1019616939,0.0,0.0,Pfizer,PFE,Pharma
2020-04-30 00:00:00+00:00,23.03147207638797,28.298691351663148,22.750073247720863,27.67818069458008,533383339,0.0,0.0,Pfizer,PFE,Pharma
2020-05-31 00:00:00+00:00,27.31019187355932,28.147182754168043,26.66416570850284,27.83013153076172,474627691,0.360531,0.0,Pfizer,PFE,Pharma
2020-06-30 00:00:00+00:00,25.86984769563207,26.7151803665028,23.035103103473737,23.82941627502441,811003042,0.0,0.0,Pfizer,PFE,Pharma
2020-07-31 00:00:00+00:00,25.170273973488968,28.7483343992788,24.120908545157917,28.315528869628903,824072643,0.360531,0.0,Pfizer,PFE,Pharma
2020-08-31 00:00:00+00:00,28.41118350837369,28.771758559776224,27.520809229753773,27.80779457092285,470078941,0.0,0.0,Pfizer,PFE,Pharma
2020-09-30 00:00:00+00:00,27.807793512163848,27.82987079275826,26.03439423711416,27.00571060180664,510247724,0.0,0.0,Pfizer,PFE,Pharma
2020-10-31 00:00:00+00:00,27.160246488659624,28.587800772262703,25.460433619386187,26.107982635498047,555231707,0.0,0.0,Pfizer,PFE,Pharma
2020-11-30 00:00:00+00:00,26.439113172916823,31.216140757105173,26.152132176970905,30.01828956604004,1091575597,0.360531,1.054,Pfizer,PFE,Pharma
2020-12-31 00:00:00+00:00,30.87237847024784,33.75587985883575,28.435488360749297,28.842941284179688,1161346900,0.0,0.0,Pfizer,PFE,Pharma
2021-01-31 00:00:00+00:00,28.88995312865545,29.642185824605544,28.21413433024887,28.43592071533203,689094500,0.39,0.0,Pfizer,PFE,Pharma
2021-02-28 00:00:00+00:00,28.459678748516776,28.665619985453603,26.424024450091817,26.526996612548828,665243900,0.0,0.0,Pfizer,PFE,Pharma
2021-03-31 00:00:00+00:00,26.60620015401643,29.10127054868577,26.48738685508396,28.69730567932129,675588700,0.0,0.0,Pfizer,PFE,Pharma
2021-04-30 00:00:00+00:00,28.752758026123047,31.42208131796385,28.325021986265607,30.614158630371094,558679000,0.0,0.0,Pfizer,PFE,Pharma
2021-05-31 00:00:00+00:00,30.92306929318408,32.54685609223348,30.36389452439925,30.979808807373047,615262500,0.39,0.0,Pfizer,PFE,Pharma
2021-06-30 00:00:00+00:00,31.14778294387427,32.57158914141646,30.77983322858756,31.32375717163086,485677900,0.0,0.0,Pfizer,PFE,Pharma
2021-07-31 00:00:00+00:00,31.33175648539648,34.987264123956294,31.13978872278885,34.55351638793945,525510400,0.39,0.0,Pfizer,PFE,Pharma
2021-08-31 00:00:00+00:00,34.94901375873994,41.85810142947747,34.908657545004495,37.18477630615234,1008466500,0.0,0.0,Pfizer,PFE,Pharma
2021-09-30 00:00:00+00:00,37.281625393438254,38.33898738106304,34.246797309923416,34.71493148803711,544666400,0.0,0.0,Pfizer,PFE,Pharma
2021-10-31 00:00:00+00:00,34.31944947494776,35.37679585378823,33.04416966917915,35.30415344238281,471555700,0.0,0.0,Pfizer,PFE,Pharma
2021-11-30 00:00:00+00:00,35.627002676254094,45.35212906933473,34.74721690461712,43.74811553955078,1010245500,0.39,0.0,Pfizer,PFE,Pharma
2021-12-31 00:00:00+00:00,42.72219700587568,50.24559606806689,41.036758342666914,48.07977294921875,1064029400,0.0,0.0,Pfizer,PFE,Pharma
2022-01-31 00:00:00+00:00,47.63195700765593,47.67266746081975,40.56450790204846,43.22750854492188,778212000,0.4,0.0,Pfizer,PFE,Pharma
2022-02-28 00:00:00+00:00,43.26853792775752,44.40889714826013,37.24670984698677,38.51013946533203,634804800,0.0,0.0,Pfizer,PFE,Pharma
2022-03-31 00:00:00+00:00,38.30503393769935,45.368783907592864,37.27951897024476,42.47272491455078,718106000,0.0,0.0,Pfizer,PFE,Pharma
2022-04-30 00:00:00+00:00,42.75987313587488,46.20560383059932,38.65781277305832,40.25761795043945,482896600,0.0,0.0,Pfizer,PFE,Pharma
2022-05-31 00:00:00+00:00,39.11724628832068,45.42446435762727,38.9367546381761,43.8695182800293,583220400,0.4,0.0,Pfizer,PFE,Pharma
2022-06-30 00:00:00+00:00,44.043196658100776,45.126708062663184,38.27830128687831,43.36497497558594,449186100,0.0,0.0,Pfizer,PFE,Pharma
2022-07-31 00:00:00+00:00,43.04240996857266,44.597358488216464,40.92584460265026,42.101112365722656,340227500,0.4,0.0,Pfizer,PFE,Pharma
2022-08-31 00:00:00+00:00,41.94273805453632,42.90128987467225,37.61677588126512,37.70012664794922,411896600,0.0,0.0,Pfizer,PFE,Pharma
2022-09-30 00:00:00+00:00,37.62510729142768,40.30070656378178,36.27480207464069,36.47484970092773,376670300,0.0,0.0,Pfizer,PFE,Pharma
2022-10-31 00:00:00+00:00,36.7332416593184,39.60888765616609,34.54941735667621,38.80036544799805,466825100,0.0,0.0,Pfizer,PFE,Pharma
2022-11-30 00:00:00+00:00,40.00897729162523,42.14250183105469,38.805062277289146,42.14250183105469,419484600,0.4,0.0,Pfizer,PFE,Pharma
2022-12-31 00:00:00+00:00,42.29381973202181,46.17768844705837,41.34387003409466,43.07564163208008,423156900,0.0,0.0,Pfizer,PFE,Pharma
2023-01-31 00:00:00+00:00,42.88228312015176,43.37827735677054,36.22590566389325,37.464542388916016,522769000,0.41,0.0,Pfizer,PFE,Pharma
2023-02-28 00:00:00+00:00,37.25245208749614,37.719057268367,34.01163460171667,34.41885757446289,403988700,0.0,0.0,Pfizer,PFE,Pharma
2023-03-31 00:00:00+00:00,34.41036817920396,35.00424282613532,33.282025580055574,34.613983154296875,504067700,0.0,0.0,Pfizer,PFE,Pharma
2023-04-30 00:00:00+00:00,34.52066113927497,35.81868845656856,32.501513256257,32.99357223510742,387645900,0.0,0.0,Pfizer,PFE,Pharma
2023-05-31 00:00:00+00:00,33.08690096555331,34.422547906111994,31.018017655496838,32.60451889038086,678041800,0.41,0.0,Pfizer,PFE,Pharma
2023-06-30 00:00:00+00:00,32.690273811454894,34.619779440606294,30.66642054027995,31.455379486083984,562641300,0.0,0.0,Pfizer,PFE,Pharma
2023-07-31 00:00:00+00:00,31.30101564098673,32.41585003902348,30.314819617564783,31.268220901489254,441642200,0.41,0.0,Pfizer,PFE,Pharma
2023-08-31 00:00:00+00:00,31.112137343008698,32.2480535474769,30.054256383527964,30.6785831451416,537104500,0.0,0.0,Pfizer,PFE,Pharma
2023-09-30 00:00:00+00:00,30.904029185732902,31.46765903937774,27.54828862435549,28.762252807617188,554689100,0.0,0.0,Pfizer,PFE,Pharma
2023-10-31 00:00:00+00:00,28.571488192363518,29.57734207021696,25.75335971413933,26.49907875061035,681416300,0.0,0.0,Pfizer,PFE,Pharma
2023-11-30 00:00:00+00:00,26.499077969323107,27.23612805582969,25.423892875246707,26.77725601196289,607150200,0.41,0.0,Pfizer,PFE,Pharma
2023-12-31 00:00:00+00:00,25.45904854401704,26.04784721811626,22.638076517696515,25.300861358642575,1178554900,0.0,0.0,Pfizer,PFE,Pharma
2024-01-31 00:00:00+00:00,25.379951404897167,26.61028283585713,23.888612526860104,24.156221389770508,972933500,0.42,0.0,Pfizer,PFE,Pharma
2024-02-29 00:00:00+00:00,24.17406509647943,25.101775197805622,23.65668730711581,23.692365646362305,762373700,0.0,0.0,Pfizer,PFE,Pharma
2024-03-31 00:00:00+00:00,23.93321702508668,25.592393714378964,22.844935849307607,24.753887176513672,939083100,0.0,0.0,Pfizer,PFE,Pharma
2024-04-30 00:00:00+00:00,24.762805352607653,24.86092940449328,22.479200795607877,22.853858947753903,806890100,0.0,0.0,Pfizer,PFE,Pharma
2024-05-31 00:00:00+00:00,23.487198758229244,26.829504890768515,23.21066935858507,25.9511833190918,953935500,0.42,0.0,Pfizer,PFE,Pharma
2024-06-30 00:00:00+00:00,25.951184589561155,26.92005388187768,24.3303676735639,25.3354549407959,633849500,0.0,0.0,Pfizer,PFE,Pharma
2024-07-31 00:00:00+00:00,25.308289236051937,28.962028324988022,24.71972544362463,28.04376792907715,781039500,0.42,0.0,Pfizer,PFE,Pharma
2024-08-31 00:00:00+00:00,28.20905355417345,28.760010550850737,25.573638934673056,26.638822555541992,613665800,0.0,0.0,Pfizer,PFE,Pharma
2024-09-30 00:00:00+00:00,26.308249037235672,27.86929522999104,25.83993444005877,26.57454490661621,600228100,0.0,0.0,Pfizer,PFE,Pharma
2024-10-31 00:00:00+00:00,26.67555180349925,27.94275890207608,25.73892579597025,25.98685646057129,785354000,0.0,0.0,Pfizer,PFE,Pharma
2024-11-30 00:00:00+00:00,26.152143807529225,26.20724087804107,22.828245512201043,24.441516876220703,1024980800,0.42,0.0,Pfizer,PFE,Pharma
2024-12-31 00:00:00+00:00,24.3109628673897,25.03833509927426,23.36911103164742,24.73992729187012,906524100,0.0,0.0,Pfizer,PFE,Pharma
2025-01-31 00:00:00+00:00,24.945082552856707,25.709752496871964,24.105805653239788,25.139450073242188,718268600,0.43,0.0,Pfizer,PFE,Pharma
2025-02-28 00:00:00+00:00,24.930902021946476,25.62290009760564,23.859725638770048,25.054134368896484,789050100,0.0,0.0,Pfizer,PFE,Pharma
2025-03-31 00:00:00+00:00,24.99725882820799,25.82196863368078,23.328879822335136,24.02087783813477,1211689800,0.0,0.0,Pfizer,PFE,Pharma
2025-04-30 00:00:00+00:00,23.973480948899795,24.03035702646572,19.830968385485725,23.139291763305664,1215932100,0.0,0.0,Pfizer,PFE,Pharma
2025-05-31 00:00:00+00:00,23.035016419799742,23.06345536346977,21.223616785266078,22.691978454589844,962073700,0.43,0.0,Pfizer,PFE,Pharma
2025-06-30 00:00:00+00:00,22.74028023377284,24.102379369337868,22.27658721374875,23.4164981842041,750552000,0.0,0.0,Pfizer,PFE,Pharma
2025-07-31 00:00:00+00:00,23.455140638632383,25.165006456229037,22.739589386605346,22.88699531555176,883499900,0.43,0.0,Pfizer,PFE,Pharma
2025-08-31 00:00:00+00:00,22.89681954009976,25.658198138322764,22.71010862116965,24.331558227539062,911246200,0.0,0.0,Pfizer,PFE,Pharma
2025-09-30 00:00:00+00:00,24.30207642455504,25.18650279483445,23.171975037036493,25.039098739624023,1100895200,0.0,0.0,Pfizer,PFE,Pharma
2025-10-31 00:00:00+00:00,25.520619393712767,27.210857200985867,23.73211310475369,24.223461151123047,1410205800,0.0,0.0,Pfizer,PFE,Pharma
2025-11-30 00:00:00+00:00,24.16449937811331,26.479999542236328,23.741938590449077,25.739999771118164,1760347600,0.43,0.0,Pfizer,PFE,Pharma
2025-12-31 00:00:00+00:00,25.76000022888184,26.649999618530277,24.82999992370605,24.899999618530277,1038202900,0.0,0.0,Pfizer,PFE,Pharma
2026-01-31 00:00:00+00:00,24.979999542236328,26.01000022888184,24.82999992370605,25.290000915527344,233935200,0.0,0.0,Pfizer,PFE,Pharma
2016-01-31 00:00:00+00:00,1.919999957084656,1.9600000381469729,1.2999999523162842,1.870000004768372,37441300,0.0,0.0,Plug Power,PLUG,Meme/Speculative
2016-02-29 00:00:00+00:00,1.899999976158142,2.130000114440918,1.5499999523162842,2.0799999237060547,30652600,0.0,0.0,Plug Power,PLUG,Meme/Speculative
2016-03-31 00:00:00+00:00,2.0999999046325684,2.25,1.899999976158142,2.049999952316284,50904100,0.0,0.0,Plug Power,PLUG,Meme/Speculative
2016-04-30 00:00:00+00:00,2.049999952316284,2.2799999713897705,1.9800000190734863,2.059999942779541,29700200,0.0,0.0,Plug Power,PLUG,Meme/Speculative
2016-05-31 00:00:00+00:00,2.039999961853028,2.0799999237060547,1.649999976158142,1.919999957084656,27942000,0.0,0.0,Plug Power,PLUG,Meme/Speculative
2016-06-30 00:00:00+00:00,1.909999966621399,2.039999961853028,1.600000023841858,1.8600000143051147,34663500,0.0,0.0,Plug Power,PLUG,Meme/Speculative
2016-07-31 00:00:00+00:00,1.8600000143051147,1.950000047683716,1.659999966621399,1.7899999618530271,36373900,0.0,0.0,Plug Power,PLUG,Meme/Speculative
2016-08-31 00:00:00+00:00,1.7999999523162842,1.850000023841858,1.5099999904632568,1.5499999523162842,34142300,0.0,0.0,Plug Power,PLUG,Meme/Speculative
2016-09-30 00:00:00+00:00,1.5499999523162842,1.75,1.340000033378601,1.7100000381469729,48074100,0.0,0.0,Plug Power,PLUG,Meme/Speculative
2016-10-31 00:00:00+00:00,1.7000000476837158,1.7599999904632568,1.4900000095367432,1.5299999713897705,22712300,0.0,0.0,Plug Power,PLUG,Meme/Speculative
2016-11-30 00:00:00+00:00,1.5099999904632568,1.5800000429153442,1.1799999475479126,1.3700000047683716,76214200,0.0,0.0,Plug Power,PLUG,Meme/Speculative
2016-12-31 00:00:00+00:00,1.3700000047683716,1.600000023841858,1.1799999475479126,1.2000000476837158,87210200,0.0,0.0,Plug Power,PLUG,Meme/Speculative
2017-01-31 00:00:00+00:00,1.2000000476837158,1.3200000524520874,1.0199999809265137,1.059999942779541,64076600,0.0,0.0,Plug Power,PLUG,Meme/Speculative
2017-02-28 00:00:00+00:00,1.059999942779541,1.309999942779541,0.8299999833106995,1.0800000429153442,226983300,0.0,0.0,Plug Power,PLUG,Meme/Speculative
2017-03-31 00:00:00+00:00,1.090000033378601,1.5199999809265137,0.9200000166893004,1.3799999952316284,113591400,0.0,0.0,Plug Power,PLUG,Meme/Speculative
2017-04-30 00:00:00+00:00,1.3700000047683716,2.700000047683716,1.25,2.240000009536743,426395900,0.0,0.0,Plug Power,PLUG,Meme/Speculative
2017-05-31 00:00:00+00:00,2.259999990463257,2.3499999046325684,1.7200000286102295,1.8600000143051147,165996300,0.0,0.0,Plug Power,PLUG,Meme/Speculative
2017-06-30 00:00:00+00:00,1.8600000143051147,2.390000104904175,1.809999942779541,2.039999961853028,141286200,0.0,0.0,Plug Power,PLUG,Meme/Speculative
2017-07-31 00:00:00+00:00,2.0299999713897705,2.5199999809265137,2.0,2.259999990463257,91885200,0.0,0.0,Plug Power,PLUG,Meme/Speculative
2017-08-31 00:00:00+00:00,2.2699999809265137,2.4200000762939453,1.9800000190734863,2.140000104904175,73898600,0.0,0.0,Plug Power,PLUG,Meme/Speculative
2017-09-30 00:00:00+00:00,2.140000104904175,2.819999933242798,2.0899999141693115,2.609999895095825,128464200,0.0,0.0,Plug Power,PLUG,Meme/Speculative
2017-10-31 00:00:00+00:00,2.609999895095825,3.069999933242798,2.430000066757202,2.8499999046325684,127534400,0.0,0.0,Plug Power,PLUG,Meme/Speculative
2017-11-30 00:00:00+00:00,2.900000095367432,3.2100000381469727,2.1700000762939453,2.369999885559082,112608300,0.0,0.0,Plug Power,PLUG,Meme/Speculative
2017-12-31 00:00:00+00:00,2.4200000762939453,2.5899999141693115,2.299999952316284,2.359999895095825,68015800,0.0,0.0,Plug Power,PLUG,Meme/Speculative
2018-01-31 00:00:00+00:00,2.380000114440918,2.440000057220459,1.8899999856948853,1.9299999475479128,64896300,0.0,0.0,Plug Power,PLUG,Meme/Speculative
2018-02-28 00:00:00+00:00,1.940000057220459,2.130000114440918,1.5299999713897705,1.8600000143051147,78739300,0.0,0.0,Plug Power,PLUG,Meme/Speculative
2018-03-31 00:00:00+00:00,1.850000023841858,2.130000114440918,1.7599999904632568,1.8899999856948853,79914300,0.0,0.0,Plug Power,PLUG,Meme/Speculative
2018-04-30 00:00:00+00:00,1.870000004768372,2.009999990463257,1.7100000381469729,1.830000042915344,70291000,0.0,0.0,Plug Power,PLUG,Meme/Speculative
2018-05-31 00:00:00+00:00,1.8799999952316284,2.2699999809265137,1.7999999523162842,1.870000004768372,106130200,0.0,0.0,Plug Power,PLUG,Meme/Speculative
2018-06-30 00:00:00+00:00,1.8899999856948853,2.049999952316284,1.7799999713897705,2.0199999809265137,65046400,0.0,0.0,Plug Power,PLUG,Meme/Speculative
2018-07-31 00:00:00+00:00,2.0,2.200000047683716,1.899999976158142,2.0,49843600,0.0,0.0,Plug Power,PLUG,Meme/Speculative
2018-08-31 00:00:00+00:00,2.0,2.0999999046325684,1.830000042915344,1.9700000286102293,58413700,0.0,0.0,Plug Power,PLUG,Meme/Speculative
2018-09-30 00:00:00+00:00,2.0,2.049999952316284,1.7200000286102295,1.919999957084656,51814900,0.0,0.0,Plug Power,PLUG,Meme/Speculative
2018-10-31 00:00:00+00:00,1.919999957084656,1.9800000190734863,1.7200000286102295,1.850000023841858,52269500,0.0,0.0,Plug Power,PLUG,Meme/Speculative
2018-11-30 00:00:00+00:00,1.830000042915344,2.0,1.7100000381469729,1.75,33504800,0.0,0.0,Plug Power,PLUG,Meme/Speculative
2018-12-31 00:00:00+00:00,1.7799999713897705,1.7899999618530271,0.9900000095367432,1.2400000095367432,72594900,0.0,0.0,Plug Power,PLUG,Meme/Speculative
2019-01-31 00:00:00+00:00,1.2400000095367432,1.7000000476837158,1.2300000190734863,1.3700000047683716,69463900,0.0,0.0,Plug Power,PLUG,Meme/Speculative
2019-02-28 00:00:00+00:00,1.3799999952316284,1.830000042915344,1.3200000524520874,1.7899999618530271,54350200,0.0,0.0,Plug Power,PLUG,Meme/Speculative
2019-03-31 00:00:00+00:00,1.7999999523162842,2.650000095367432,1.5499999523162842,2.400000095367432,155316200,0.0,0.0,Plug Power,PLUG,Meme/Speculative
2019-04-30 00:00:00+00:00,2.4200000762939453,2.859999895095825,2.319999933242798,2.490000009536743,100619600,0.0,0.0,Plug Power,PLUG,Meme/Speculative
2019-05-31 00:00:00+00:00,2.5,2.869999885559082,2.1600000858306885,2.559999942779541,96373700,0.0,0.0,Plug Power,PLUG,Meme/Speculative
2019-06-30 00:00:00+00:00,2.5299999713897705,2.7100000381469727,1.8600000143051147,2.25,79107700,0.0,0.0,Plug Power,PLUG,Meme/Speculative
2019-07-31 00:00:00+00:00,2.319999933242798,2.400000095367432,2.1600000858306885,2.2100000381469727,56982900,0.0,0.0,Plug Power,PLUG,Meme/Speculative
2019-08-31 00:00:00+00:00,2.200000047683716,2.289999961853028,1.8799999952316284,2.1700000762939453,57375800,0.0,0.0,Plug Power,PLUG,Meme/Speculative
2019-09-30 00:00:00+00:00,2.2100000381469727,2.940000057220459,2.109999895095825,2.630000114440918,91431300,0.0,0.0,Plug Power,PLUG,Meme/Speculative
2019-10-31 00:00:00+00:00,2.650000095367432,3.140000104904175,2.319999933242798,2.650000095367432,110983400,0.0,0.0,Plug Power,PLUG,Meme/Speculative
2019-11-30 00:00:00+00:00,2.700000047683716,4.039999961853027,2.549999952316284,3.900000095367432,210386300,0.0,0.0,Plug Power,PLUG,Meme/Speculative
2019-12-31 00:00:00+00:00,3.910000085830689,4.010000228881836,2.75,3.1600000858306885,239955900,0.0,0.0,Plug Power,PLUG,Meme/Speculative
2020-01-31 00:00:00+00:00,3.2100000381469727,4.53000020980835,3.119999885559082,3.869999885559082,335597800,0.0,0.0,Plug Power,PLUG,Meme/Speculative
2020-02-29 00:00:00+00:00,3.890000104904175,6.050000190734863,3.7899999618530273,4.340000152587891,403672800,0.0,0.0,Plug Power,PLUG,Meme/Speculative
2020-03-31 00:00:00+00:00,4.599999904632568,4.800000190734863,2.5299999713897705,3.539999961853028,380924200,0.0,0.0,Plug Power,PLUG,Meme/Speculative
2020-04-30 00:00:00+00:00,3.4200000762939453,4.75,3.220000028610229,4.179999828338623,198148100,0.0,0.0,Plug Power,PLUG,Meme/Speculative
2020-05-31 00:00:00+00:00,4.110000133514404,4.570000171661377,3.7899999618530273,4.210000038146973,196145800,0.0,0.0,Plug Power,PLUG,Meme/Speculative
2020-06-30 00:00:00+00:00,4.110000133514404,8.34000015258789,4.110000133514404,8.210000038146973,567257100,0.0,0.0,Plug Power,PLUG,Meme/Speculative
2020-07-31 00:00:00+00:00,8.640000343322754,10.489999771118164,7.070000171661377,7.710000038146973,561624400,0.0,0.0,Plug Power,PLUG,Meme/Speculative
2020-08-31 00:00:00+00:00,8.170000076293945,14.350000381469728,8.0600004196167,12.979999542236328,684823400,0.0,0.0,Plug Power,PLUG,Meme/Speculative
2020-09-30 00:00:00+00:00,13.050000190734863,14.199999809265137,10.5600004196167,13.40999984741211,490623900,0.0,0.0,Plug Power,PLUG,Meme/Speculative
2020-10-31 00:00:00+00:00,13.770000457763672,19.020000457763672,13.270000457763672,14.0,616884700,0.0,0.0,Plug Power,PLUG,Meme/Speculative
2020-11-30 00:00:00+00:00,14.399999618530272,28.700000762939453,13.920000076293944,26.38999938964844,866211700,0.0,0.0,Plug Power,PLUG,Meme/Speculative
2020-12-31 00:00:00+00:00,25.920000076293945,37.5099983215332,22.25,33.90999984741211,702201000,0.0,0.0,Plug Power,PLUG,Meme/Speculative
2021-01-31 00:00:00+00:00,34.63999938964844,75.48999786376953,30.399999618530277,63.16999816894531,1244548900,0.0,0.0,Plug Power,PLUG,Meme/Speculative
2021-02-28 00:00:00+00:00,64.29000091552734,70.51000213623047,37.220001220703125,48.380001068115234,533176800,0.0,0.0,Plug Power,PLUG,Meme/Speculative
2021-03-31 00:00:00+00:00,53.0,53.09999847412109,30.100000381469727,35.84000015258789,817100600,0.0,0.0,Plug Power,PLUG,Meme/Speculative
2021-04-30 00:00:00+00:00,37.119998931884766,37.75,23.90999984741211,28.51000022888184,751289700,0.0,0.0,Plug Power,PLUG,Meme/Speculative
2021-05-31 00:00:00+00:00,28.540000915527344,31.81999969482422,18.46999931335449,30.700000762939453,846454600,0.0,0.0,Plug Power,PLUG,Meme/Speculative
2021-06-30 00:00:00+00:00,31.100000381469727,36.040000915527344,28.399999618530277,34.189998626708984,676179400,0.0,0.0,Plug Power,PLUG,Meme/Speculative
2021-07-31 00:00:00+00:00,34.380001068115234,34.45000076293945,24.75,27.280000686645508,359311400,0.0,0.0,Plug Power,PLUG,Meme/Speculative
2021-08-31 00:00:00+00:00,27.5,30.25,23.530000686645508,26.059999465942383,421459000,0.0,0.0,Plug Power,PLUG,Meme/Speculative
2021-09-30 00:00:00+00:00,26.51000022888184,28.82999992370605,23.15999984741211,25.540000915527344,338795100,0.0,0.0,Plug Power,PLUG,Meme/Speculative
2021-10-31 00:00:00+00:00,25.56999969482422,38.4900016784668,23.809999465942383,38.27000045776367,596881200,0.0,0.0,Plug Power,PLUG,Meme/Speculative
2021-11-30 00:00:00+00:00,39.59000015258789,46.5,37.77000045776367,39.84999847412109,507180800,0.0,0.0,Plug Power,PLUG,Meme/Speculative
2021-12-31 00:00:00+00:00,40.290000915527344,40.84999847412109,27.11000061035156,28.229999542236328,381051100,0.0,0.0,Plug Power,PLUG,Meme/Speculative
2022-01-31 00:00:00+00:00,28.959999084472656,29.270000457763672,17.510000228881836,21.8700008392334,476786700,0.0,0.0,Plug Power,PLUG,Meme/Speculative
2022-02-28 00:00:00+00:00,22.549999237060547,25.809999465942383,18.299999237060547,25.290000915527344,364270400,0.0,0.0,Plug Power,PLUG,Meme/Speculative
2022-03-31 00:00:00+00:00,25.299999237060547,29.989999771118164,21.270000457763672,28.61000061035156,491871000,0.0,0.0,Plug Power,PLUG,Meme/Speculative
2022-04-30 00:00:00+00:00,28.790000915527344,32.04999923706055,20.07999992370605,21.020000457763672,404937000,0.0,0.0,Plug Power,PLUG,Meme/Speculative
2022-05-31 00:00:00+00:00,20.799999237060547,23.489999771118164,12.699999809265137,18.479999542236328,545782900,0.0,0.0,Plug Power,PLUG,Meme/Speculative
2022-06-30 00:00:00+00:00,18.6200008392334,19.700000762939453,13.899999618530272,16.56999969482422,410832300,0.0,0.0,Plug Power,PLUG,Meme/Speculative
2022-07-31 00:00:00+00:00,16.549999237060547,22.26000022888184,14.75,21.34000015258789,433766600,0.0,0.0,Plug Power,PLUG,Meme/Speculative
2022-08-31 00:00:00+00:00,21.09000015258789,31.559999465942383,20.549999237060547,28.040000915527344,580275500,0.0,0.0,Plug Power,PLUG,Meme/Speculative
2022-09-30 00:00:00+00:00,27.40999984741211,30.43000030517578,20.479999542236328,21.01000022888184,357456500,0.0,0.0,Plug Power,PLUG,Meme/Speculative
2022-10-31 00:00:00+00:00,21.18000030517578,23.450000762939453,15.31999969482422,15.979999542236328,378829300,0.0,0.0,Plug Power,PLUG,Meme/Speculative
2022-11-30 00:00:00+00:00,16.530000686645508,18.26000022888184,14.329999923706056,15.960000038146973,362511800,0.0,0.0,Plug Power,PLUG,Meme/Speculative
2022-12-31 00:00:00+00:00,16.059999465942383,16.200000762939453,11.489999771118164,12.369999885559082,324968400,0.0,0.0,Plug Power,PLUG,Meme/Speculative
2023-01-31 00:00:00+00:00,12.710000038146973,18.1299991607666,11.90999984741211,17.020000457763672,383249900,0.0,0.0,Plug Power,PLUG,Meme/Speculative
2023-02-28 00:00:00+00:00,16.959999084472656,18.8799991607666,13.90999984741211,14.869999885559082,281317700,0.0,0.0,Plug Power,PLUG,Meme/Speculative
2023-03-31 00:00:00+00:00,14.90999984741211,15.029999732971191,10.300000190734863,11.720000267028809,433913000,0.0,0.0,Plug Power,PLUG,Meme/Speculative
2023-04-30 00:00:00+00:00,11.5,11.760000228881836,8.369999885559082,9.029999732971191,444070500,0.0,0.0,Plug Power,PLUG,Meme/Speculative
2023-05-31 00:00:00+00:00,9.010000228881836,9.5,7.389999866485596,8.319999694824219,528899200,0.0,0.0,Plug Power,PLUG,Meme/Speculative
2023-06-30 00:00:00+00:00,8.359999656677246,11.779999732971191,8.010000228881836,10.390000343322754,542147300,0.0,0.0,Plug Power,PLUG,Meme/Speculative
2023-07-31 00:00:00+00:00,10.470000267028809,13.4399995803833,9.8100004196167,13.119999885559082,546200500,0.0,0.0,Plug Power,PLUG,Meme/Speculative
2023-08-31 00:00:00+00:00,12.890000343322754,13.170000076293944,7.78000020980835,8.460000038146973,468148300,0.0,0.0,Plug Power,PLUG,Meme/Speculative
2023-09-30 00:00:00+00:00,8.600000381469727,8.829999923706055,7.269999980926514,7.599999904632568,301837200,0.0,0.0,Plug Power,PLUG,Meme/Speculative
2023-10-31 00:00:00+00:00,7.5,7.900000095367432,5.579999923706055,5.889999866485596,577879300,0.0,0.0,Plug Power,PLUG,Meme/Speculative
2023-11-30 00:00:00+00:00,5.860000133514404,6.960000038146973,3.220000028610229,4.039999961853027,960058000,0.0,0.0,Plug Power,PLUG,Meme/Speculative
2023-12-31 00:00:00+00:00,3.990000009536743,4.989999771118164,3.7699999809265137,4.5,695888200,0.0,0.0,Plug Power,PLUG,Meme/Speculative
2024-01-31 00:00:00+00:00,4.440000057220459,4.849999904632568,2.259999990463257,4.449999809265137,1170191300,0.0,0.0,Plug Power,PLUG,Meme/Speculative
2024-02-29 00:00:00+00:00,4.980000019073486,5.139999866485596,2.8299999237060547,3.5299999713897705,913749200,0.0,0.0,Plug Power,PLUG,Meme/Speculative
2024-03-31 00:00:00+00:00,3.190000057220459,4.329999923706055,3.049999952316284,3.440000057220459,660135400,0.0,0.0,Plug Power,PLUG,Meme/Speculative
2024-04-30 00:00:00+00:00,3.490000009536743,3.5,2.25,2.309999942779541,569800900,0.0,0.0,Plug Power,PLUG,Meme/Speculative
2024-05-31 00:00:00+00:00,2.309999942779541,4.900000095367432,2.2799999713897705,3.3299999237060547,986950400,0.0,0.0,Plug Power,PLUG,Meme/Speculative
2024-06-30 00:00:00+00:00,3.470000028610229,3.549999952316284,2.309999942779541,2.3299999237060547,635630000,0.0,0.0,Plug Power,PLUG,Meme/Speculative
2024-07-31 00:00:00+00:00,2.3499999046325684,3.3399999141693115,2.2100000381469727,2.470000028610229,911932900,0.0,0.0,Plug Power,PLUG,Meme/Speculative
2024-08-31 00:00:00+00:00,2.470000028610229,2.5299999713897705,1.8600000143051147,1.8799999952316284,772053900,0.0,0.0,Plug Power,PLUG,Meme/Speculative
2024-09-30 00:00:00+00:00,1.870000004768372,2.299999952316284,1.600000023841858,2.259999990463257,799047600,0.0,0.0,Plug Power,PLUG,Meme/Speculative
2024-10-31 00:00:00+00:00,2.25,2.4200000762939453,1.940000057220459,1.9600000381469729,899066000,0.0,0.0,Plug Power,PLUG,Meme/Speculative
2024-11-30 00:00:00+00:00,1.9900000095367432,2.619999885559082,1.7899999618530271,2.240000009536743,1348524400,0.0,0.0,Plug Power,PLUG,Meme/Speculative
2024-12-31 00:00:00+00:00,2.299999952316284,2.859999895095825,1.9600000381469729,2.130000114440918,1327842500,0.0,0.0,Plug Power,PLUG,Meme/Speculative
2025-01-31 00:00:00+00:00,2.190000057220459,3.319999933242798,1.8200000524520876,1.8600000143051147,1581523200,0.0,0.0,Plug Power,PLUG,Meme/Speculative
2025-02-28 00:00:00+00:00,1.7899999618530271,2.0299999713897705,1.5199999809265137,1.6100000143051147,1058307600,0.0,0.0,Plug Power,PLUG,Meme/Speculative
2025-03-31 00:00:00+00:00,1.6100000143051147,1.809999942779541,1.2599999904632568,1.350000023841858,1338298700,0.0,0.0,Plug Power,PLUG,Meme/Speculative
2025-04-30 00:00:00+00:00,1.350000023841858,1.3600000143051147,0.7599999904632568,0.8700000047683716,1838507200,0.0,0.0,Plug Power,PLUG,Meme/Speculative
2025-05-31 00:00:00+00:00,0.8999999761581421,1.0299999713897705,0.6899999976158142,0.8799999952316284,3289077500,0.0,0.0,Plug Power,PLUG,Meme/Speculative
2025-06-30 00:00:00+00:00,0.8500000238418579,1.5700000524520874,0.8100000023841858,1.4900000095367432,2199444400,0.0,0.0,Plug Power,PLUG,Meme/Speculative
2025-07-31 00:00:00+00:00,1.4500000476837158,2.0299999713897705,1.340000033378601,1.5,1752503800,0.0,0.0,Plug Power,PLUG,Meme/Speculative
2025-08-31 00:00:00+00:00,1.4199999570846558,1.75,1.3899999856948853,1.5700000524520874,907639800,0.0,0.0,Plug Power,PLUG,Meme/Speculative
2025-09-30 00:00:00+00:00,1.5099999904632568,3.1600000858306885,1.409999966621399,2.3299999237060547,2077601700,0.0,0.0,Plug Power,PLUG,Meme/Speculative
2025-10-31 00:00:00+00:00,2.430000066757202,4.579999923706055,2.400000095367432,2.690000057220459,3758906700,0.0,0.0,Plug Power,PLUG,Meme/Speculative
2025-11-30 00:00:00+00:00,2.7799999713897705,2.930000066757202,1.7000000476837158,2.009999990463257,2234313600,0.0,0.0,Plug Power,PLUG,Meme/Speculative
2025-12-31 00:00:00+00:00,1.9600000381469729,2.490000009536743,1.8899999856948853,1.9700000286102293,2059047000,0.0,0.0,Plug Power,PLUG,Meme/Speculative
2026-01-31 00:00:00+00:00,2.0,2.509999990463257,2.0,2.319999933242798,507646500,0.0,0.0,Plug Power,PLUG,Meme/Speculative
2016-01-31 00:00:00+00:00,57.85617108605393,62.82730633909365,56.56489016209697,62.58979034423828,178435400,0.663,0.0,Procter & Gamble,PG,Consumer Staples
2016-02-29 00:00:00+00:00,62.22201490324228,63.59350667693517,61.01143384979998,61.517127990722656,192561100,0.0,0.0,Procter & Gamble,PG,Consumer Staples
2016-03-31 00:00:00+00:00,61.70868353346827,64.26006612190037,61.662698234031446,63.064823150634766,215175400,0.0,0.0,Procter & Gamble,PG,Consumer Staples
2016-04-30 00:00:00+00:00,62.827326787258535,64.65515971413126,61.10183907732007,61.8897590637207,161687300,0.67,0.0,Procter & Gamble,PG,Consumer Staples
2016-05-31 00:00:00+00:00,61.81247103898291,64.02947636196035,61.34130307452354,62.60042572021485,137374900,0.0,0.0,Procter & Gamble,PG,Consumer Staples
2016-06-30 00:00:00+00:00,62.53088788680848,65.50486579688175,62.46136903409673,65.4044418334961,160702400,0.0,0.0,Procter & Gamble,PG,Consumer Staples
2016-07-31 00:00:00+00:00,65.28858358773522,67.11931537434343,65.23449448836135,66.63319396972656,145119200,0.67,0.0,Procter & Gamble,PG,Consumer Staples
2016-08-31 00:00:00+00:00,66.51645965797066,68.89871364821819,66.2750797153747,67.97225189208984,185975600,0.0,0.0,Procter & Gamble,PG,Consumer Staples
2016-09-30 00:00:00+00:00,68.01118248102817,70.23774506035974,66.92126780873687,69.87184143066406,846352000,0.0,0.0,Procter & Gamble,PG,Consumer Staples
2016-10-31 00:00:00+00:00,69.56041119692789,70.32337473163629,65.94733219362438,68.09693145751953,376452700,0.67,0.0,Procter & Gamble,PG,Consumer Staples
2016-11-30 00:00:00+00:00,67.92433456372969,68.7951593799995,64.10370261424957,64.69208526611328,202434100,0.0,0.0,Procter & Gamble,PG,Consumer Staples
2016-12-31 00:00:00+00:00,64.49596540018663,67.26531901137572,63.68790352971384,65.96302795410156,174313100,0.0,0.0,Procter & Gamble,PG,Consumer Staples
2017-01-31 00:00:00+00:00,65.80610346686453,69.56972692841141,65.3040056396626,69.26923370361328,193158900,0.67,0.0,Procter & Gamble,PG,Consumer Staples
2017-02-28 00:00:00+00:00,68.81849170910185,72.59037239760646,68.5970842181002,72.01310729980469,196203300,0.0,0.0,Procter & Gamble,PG,Consumer Staples
2017-03-31 00:00:00+00:00,71.99728256241893,72.74848518790779,70.84279371748902,71.04840087890625,199174700,0.0,0.0,Procter & Gamble,PG,Consumer Staples
2017-04-30 00:00:00+00:00,71.05629756179398,72.07050491288818,69.44107140415095,69.5844955444336,136581600,0.69,0.0,Procter & Gamble,PG,Consumer Staples
2017-05-31 00:00:00+00:00,69.62435266204639,70.39725599984331,68.14228841622001,70.1900863647461,138172700,0.0,0.0,Procter & Gamble,PG,Consumer Staples
2017-06-30 00:00:00+00:00,70.13429065391321,71.87927463718194,69.26576972756712,69.44107055664062,143596200,0.0,0.0,Procter & Gamble,PG,Consumer Staples
2017-07-31 00:00:00+00:00,69.6402925067014,73.1338376554117,68.77176336229964,72.93307495117188,122105100,0.69,0.0,Procter & Gamble,PG,Consumer Staples
2017-08-31 00:00:00+00:00,73.10169990741163,74.65160047644372,72.69215027189954,74.09748840332031,131332200,0.0,0.0,Procter & Gamble,PG,Consumer Staples
2017-09-30 00:00:00+00:00,74.21795359455473,76.02479672925969,72.54758362908981,73.0615463256836,138824900,0.0,0.0,Procter & Gamble,PG,Consumer Staples
2017-10-31 00:00:00+00:00,73.28640954751538,75.09327036899766,69.35334673441704,69.85496520996094,179372200,0.69,0.0,Procter & Gamble,PG,Consumer Staples
2017-11-30 00:00:00+00:00,69.84686575724935,73.11550195685189,69.11062131412541,72.80805206298828,123550900,0.0,0.0,Procter & Gamble,PG,Consumer Staples
2017-12-31 00:00:00+00:00,72.96177408619056,75.35661644588157,72.10416372757103,74.33718872070312,130696800,0.0,0.0,Procter & Gamble,PG,Consumer Staples
2018-01-31 00:00:00+00:00,74.3695704905887,74.93651206074577,70.17553999511868,70.38749694824219,190676000,0.69,0.0,Procter & Gamble,PG,Consumer Staples
2018-02-28 00:00:00+00:00,70.23259518215096,70.51792658913803,63.996027117970826,64.0123291015625,224924600,0.0,0.0,Procter & Gamble,PG,Consumer Staples
2018-03-31 00:00:00+00:00,63.91452860051879,65.83032253837527,61.803057733933485,64.63194274902344,211186000,0.0,0.0,Procter & Gamble,PG,Consumer Staples
2018-04-30 00:00:00+00:00,64.61562500341793,64.82758329980632,59.19903666026214,59.51992034912109,214265200,0.717,0.0,Procter & Gamble,PG,Consumer Staples
2018-05-31 00:00:00+00:00,59.28130597221728,61.72495918167739,58.19522843894087,60.202823638916016,184831100,0.0,0.0,Procter & Gamble,PG,Consumer Staples
2018-06-30 00:00:00+00:00,60.33446361656026,64.76103565166986,59.94775598200184,64.22621154785156,191430600,0.0,0.0,Procter & Gamble,PG,Consumer Staples
2018-07-31 00:00:00+00:00,63.76546422079447,67.23343568930314,63.69964029955943,67.15040588378906,167374200,0.717,0.0,Procter & Gamble,PG,Consumer Staples
2018-08-31 00:00:00+00:00,66.76849769890562,69.90683535081854,66.51112301911327,68.86901092529297,147692700,0.0,0.0,Procter & Gamble,PG,Consumer Staples
2018-09-30 00:00:00+00:00,68.47878893284164,71.63375176586042,67.4575879825352,69.10150146484375,137121300,0.0,0.0,Procter & Gamble,PG,Consumer Staples
2018-10-31 00:00:00+00:00,69.16789971441311,75.96883107695722,65.16611017353465,74.27692413330078,273769800,0.717,0.0,Procter & Gamble,PG,Consumer Staples
2018-11-30 00:00:00+00:00,74.38579412023816,79.41129054142378,73.85811877650058,79.16002655029297,214198200,0.0,0.0,Procter & Gamble,PG,Consumer Staples
2018-12-31 00:00:00+00:00,79.2940206378566,81.16186535767116,72.65201200173365,76.99069213867188,224359900,0.0,0.0,Procter & Gamble,PG,Consumer Staples
2019-01-31 00:00:00+00:00,76.24523209618617,81.72781604364673,75.20205806404739,81.44078826904297,225455800,0.717,0.0,Procter & Gamble,PG,Consumer Staples
2019-02-28 00:00:00+00:00,81.3394651966707,84.80073188987066,81.03554970543863,83.19674682617188,176165700,0.0,0.0,Procter & Gamble,PG,Consumer Staples
2019-03-31 00:00:00+00:00,83.2473880840013,87.9243014442965,82.52135645063306,87.83988189697266,180275300,0.0,0.0,Procter & Gamble,PG,Consumer Staples
2019-04-30 00:00:00+00:00,87.9918454667199,91.13800005868885,86.74237682306398,90.52587890625,148284900,0.746,0.0,Procter & Gamble,PG,Consumer Staples
2019-05-31 00:00:00+00:00,90.24532817859928,92.39626239107712,87.06571491639497,87.49079895019531,139582600,0.0,0.0,Procter & Gamble,PG,Consumer Staples
2019-06-30 00:00:00+00:00,87.69481847256334,95.75443115645548,87.05719255999443,93.22093200683594,151126800,0.0,0.0,Procter & Gamble,PG,Consumer Staples
2019-07-31 00:00:00+00:00,93.4504706930903,104.1868277641818,93.18692067264936,101.00372314453124,166952300,0.746,0.0,Procter & Gamble,PG,Consumer Staples
2019-08-31 00:00:00+00:00,101.44868295252282,104.39218097241096,96.4173022014949,102.8776397705078,164651400,0.0,0.0,Procter & Gamble,PG,Consumer Staples
2019-09-30 00:00:00+00:00,102.50115129432194,107.2672588025442,101.84228189517296,106.42869567871094,139990300,0.0,0.0,Procter & Gamble,PG,Consumer Staples
2019-10-31 00:00:00+00:00,106.41159229611732,108.30551430591832,99.69454510092328,107.22049713134766,151910300,0.746,0.0,Procter & Gamble,PG,Consumer Staples
2019-11-30 00:00:00+00:00,107.4960658477432,107.76301704122578,101.82115575578372,105.11068725585938,125206800,0.0,0.0,Procter & Gamble,PG,Consumer Staples
2019-12-31 00:00:00+00:00,105.00736641393452,109.02028792136518,104.16344670319104,107.55634307861328,137843900,0.0,0.0,Procter & Gamble,PG,Consumer Staples
2020-01-31 00:00:00+00:00,107.2118935215741,109.9971718849792,104.93847299984076,107.95276641845705,154118600,0.746,0.0,Procter & Gamble,PG,Consumer Staples
2020-02-29 00:00:00+00:00,107.98745345563746,110.95869777953271,92.40350835027698,98.08615112304688,149843900,0.0,0.0,Procter & Gamble,PG,Consumer Staples
2020-03-31 00:00:00+00:00,98.0515039059652,108.01342951037722,81.72258851668008,95.28813934326172,343541300,0.0,0.0,Procter & Gamble,PG,Consumer Staples
2020-04-30 00:00:00+00:00,93.51231117663367,108.27331578021348,92.68937080838644,102.78651428222656,245058600,0.791,0.0,Procter & Gamble,PG,Consumer Staples
2020-05-31 00:00:00+00:00,102.55106470452972,103.22253374358148,97.01365365685382,101.08604431152344,157315400,0.0,0.0,Procter & Gamble,PG,Consumer Staples
2020-06-30 00:00:00+00:00,101.15580856876332,106.2310529342127,99.20245101025904,104.26897430419922,175954500,0.0,0.0,Procter & Gamble,PG,Consumer Staples
2020-07-31 00:00:00+00:00,104.33873055700242,115.86106495701412,103.68470592750148,115.06250762939452,142767200,0.791,0.0,Procter & Gamble,PG,Consumer Staples
2020-08-31 00:00:00+00:00,114.49205961608035,122.58295924061709,114.49205961608035,121.38951873779295,121995000,0.0,0.0,Procter & Gamble,PG,Consumer Staples
2020-09-30 00:00:00+00:00,120.9771071397528,124.3468275859824,118.2040629670197,121.96868133544922,128866100,0.0,0.0,Procter & Gamble,PG,Consumer Staples
2020-10-31 00:00:00+00:00,122.48645406452324,128.0061467350041,118.8427250671822,120.97816467285156,126549000,0.791,0.0,Procter & Gamble,PG,Consumer Staples
2020-11-30 00:00:00+00:00,122.22237361845936,129.6434022518495,120.66047342291752,122.5399932861328,133952300,0.0,0.0,Procter & Gamble,PG,Consumer Staples
2020-12-31 00:00:00+00:00,122.79593349978144,123.59893349863172,118.41917406572392,122.7782745361328,144224400,0.0,0.0,Procter & Gamble,PG,Consumer Staples
2021-01-31 00:00:00+00:00,123.2371380623888,124.4548855472746,113.13240674340298,113.81597137451172,154857200,0.791,0.0,Procter & Gamble,PG,Consumer Staples
2021-02-28 00:00:00+00:00,114.5172695724108,116.0441685116427,108.14335820427934,109.661376953125,150615100,0.0,0.0,Procter & Gamble,PG,Consumer Staples
2021-03-31 00:00:00+00:00,110.22063414277702,122.15174527728976,107.89480871096082,120.22537231445312,206512600,0.0,0.0,Procter & Gamble,PG,Consumer Staples
2021-04-30 00:00:00+00:00,119.88806251625266,123.030579668561,116.4024436604329,119.19882202148438,166855600,0.87,0.0,Procter & Gamble,PG,Consumer Staples
2021-05-31 00:00:00+00:00,119.74378820813985,124.27340359236976,119.15415605728924,120.47637939453124,197968800,0.0,0.0,Procter & Gamble,PG,Consumer Staples
2021-06-30 00:00:00+00:00,121.31620673152656,122.25428195932022,117.8765970499813,120.54788208007812,186291900,0.0,0.0,Procter & Gamble,PG,Consumer Staples
2021-07-31 00:00:00+00:00,120.99457326887706,129.94569013786003,120.53893883735338,127.86893463134766,152014300,0.87,0.0,Procter & Gamble,PG,Consumer Staples
2021-08-31 00:00:00+00:00,127.45541223951068,131.24030589269148,126.58335255317574,128.0128173828125,125297500,0.0,0.0,Procter & Gamble,PG,Consumer Staples
2021-09-30 00:00:00+00:00,127.9588312819572,132.36407920495895,125.44156152312571,125.6843032836914,148060100,0.0,0.0,Procter & Gamble,PG,Consumer Staples
2021-10-31 00:00:00+00:00,125.80117855138442,130.24237478636687,123.7064422470374,129.34912109375,137102900,0.87,0.0,Procter & Gamble,PG,Consumer Staples
2021-11-30 00:00:00+00:00,129.68384680249542,135.43712003133717,128.70688575107368,130.7874755859375,138035400,0.0,0.0,Procter & Gamble,PG,Consumer Staples
2021-12-31 00:00:00+00:00,131.03171466204336,149.2413635248234,131.03171466204336,147.974853515625,190122300,0.0,0.0,Procter & Gamble,PG,Consumer Staples
2022-01-31 00:00:00+00:00,146.26521021044047,150.38371263654477,141.1541576835236,145.92718505859375,195173500,0.87,0.0,Procter & Gamble,PG,Consumer Staples
2022-02-28 00:00:00+00:00,146.23638318722692,150.04719958649503,136.9323307706831,141.7799530029297,155799700,0.0,0.0,Procter & Gamble,PG,Consumer Staples
2022-03-31 00:00:00+00:00,140.34295882273176,142.30740113771571,130.0839548528062,138.9696044921875,170280000,0.0,0.0,Procter & Gamble,PG,Consumer Staples
2022-04-30 00:00:00+00:00,139.62445025113735,150.8157934529411,137.5689835655924,146.8373565673828,151984400,0.913,0.0,Procter & Gamble,PG,Consumer Staples
2022-05-31 00:00:00+00:00,147.7976554320315,148.1634856167757,127.2925625214649,135.24948120117188,169284800,0.0,0.0,Procter & Gamble,PG,Consumer Staples
2022-06-30 00:00:00+00:00,135.35923730361145,135.46898357079158,118.4393511185576,131.50885009765625,168567600,0.0,0.0,Procter & Gamble,PG,Consumer Staples
2022-07-31 00:00:00+00:00,131.92041338431596,136.7995055034832,127.24442626540409,127.87039184570312,131172900,0.913,0.0,Procter & Gamble,PG,Consumer Staples
2022-08-31 00:00:00+00:00,127.34568874264482,138.6589574073359,126.9038189426567,126.97746276855467,137585500,0.0,0.0,Procter & Gamble,PG,Consumer Staples
2022-09-30 00:00:00+00:00,126.87619212077404,130.5307339009264,116.17969267070616,116.21651458740234,147893600,0.0,0.0,Procter & Gamble,PG,Consumer Staples
2022-10-31 00:00:00+00:00,117.13704669336884,125.77421259269248,112.46998134367573,124.84715270996094,144766200,0.913,0.0,Procter & Gamble,PG,Consumer Staples
2022-11-30 00:00:00+00:00,124.87493860980724,138.2802276611328,121.40777248673496,138.2802276611328,133869800,0.0,0.0,Procter & Gamble,PG,Consumer Staples
2022-12-31 00:00:00+00:00,138.6232383087421,143.36978594715364,137.2790359714669,140.50518798828125,132270900,0.0,0.0,Procter & Gamble,PG,Consumer Staples
2023-01-31 00:00:00+00:00,139.9396634214629,143.50887441436325,129.41804386373613,132.82305908203125,150059100,0.913,0.0,Procter & Gamble,PG,Consumer Staples
2023-02-28 00:00:00+00:00,132.54314988431892,134.4275651827514,126.7126842113187,128.32655334472656,121960300,0.0,0.0,Procter & Gamble,PG,Consumer Staples
2023-03-31 00:00:00+00:00,128.78368232766826,138.70950317382812,126.96456942343175,138.70950317382812,154929200,0.0,0.0,Procter & Gamble,PG,Consumer Staples
2023-04-30 00:00:00+00:00,138.4669326140649,148.42066950661405,137.2168807931564,146.79669189453125,115636100,0.941,0.0,Procter & Gamble,PG,Consumer Staples
2023-05-31 00:00:00+00:00,146.46812104369812,147.91374579839368,133.20402140225562,133.7672576904297,130125300,0.0,0.0,Procter & Gamble,PG,Consumer Staples
2023-06-30 00:00:00+00:00,134.47132145919213,142.75080333103878,133.72034437338925,142.44102478027344,133142700,0.0,0.0,Procter & Gamble,PG,Consumer Staples
2023-07-31 00:00:00+00:00,142.19696855356185,148.94960934180608,137.95396602717864,147.64602661132812,134093200,0.941,0.0,Procter & Gamble,PG,Consumer Staples
2023-08-31 00:00:00+00:00,147.24927608902453,149.61084118526972,142.57333006778532,145.7945556640625,110238900,0.0,0.0,Procter & Gamble,PG,Consumer Staples
2023-09-30 00:00:00+00:00,146.32356049727775,146.72032365563865,136.80164644031657,137.7840576171875,104374400,0.0,0.0,Procter & Gamble,PG,Consumer Staples
2023-10-31 00:00:00+00:00,136.7638356813633,143.90100420428524,133.61824690578615,142.61767578125,141703400,0.941,0.0,Procter & Gamble,PG,Consumer Staples
2023-11-30 00:00:00+00:00,143.23557340451993,146.03983819236302,141.47698226888264,145.93527221679688,133586300,0.0,0.0,Procter & Gamble,PG,Consumer Staples
2023-12-31 00:00:00+00:00,145.75464861547735,145.90674720850834,135.4597057118597,139.30007934570312,143351400,0.0,0.0,Procter & Gamble,PG,Consumer Staples
2024-01-31 00:00:00+00:00,139.12901412321798,151.62078282229726,139.08148149637182,150.31980895996094,181450200,0.941,0.0,Procter & Gamble,PG,Consumer Staples
2024-02-29 00:00:00+00:00,149.96585048686134,154.7201608293956,148.18659922654857,152.04165649414062,124488100,0.0,0.0,Procter & Gamble,PG,Consumer Staples
2024-03-31 00:00:00+00:00,151.1903307925831,156.05937935161663,150.76942529823793,155.2080078125,115517200,0.0,0.0,Procter & Gamble,PG,Consumer Staples
2024-04-30 00:00:00+00:00,154.75840342508033,158.20315411879238,147.80518952738927,157.12484741210938,154783300,1.007,0.0,Procter & Gamble,PG,Consumer Staples
2024-05-31 00:00:00+00:00,157.2018545475591,162.26606001525028,155.41108851798,158.41497802734375,121094200,0.0,0.0,Procter & Gamble,PG,Consumer Staples
2024-06-30 00:00:00+00:00,157.82765976040668,163.10368311784205,157.5388390842868,158.78082275390625,120334000,0.0,0.0,Procter & Gamble,PG,Consumer Staples
2024-07-31 00:00:00+00:00,159.42586322818948,165.17911275261935,153.07206680051792,155.70654296875,142583100,1.007,0.0,Procter & Gamble,PG,Consumer Staples
2024-08-31 00:00:00+00:00,155.8227860375135,166.4866639959803,155.6290611593733,166.14768981933594,143599900,0.0,0.0,Procter & Gamble,PG,Consumer Staples
2024-09-30 00:00:00+00:00,165.65369883873208,172.3464960417342,165.02416527128833,167.75550842285156,152447100,0.0,0.0,Procter & Gamble,PG,Consumer Staples
2024-10-31 00:00:00+00:00,167.79424977628017,169.41175022156588,160.84057334521106,160.92825317382812,146902800,1.007,0.0,Procter & Gamble,PG,Consumer Staples
2024-11-30 00:00:00+00:00,161.05491280623147,175.78572132387944,155.696468674315,174.64584350585938,149963200,0.0,0.0,Procter & Gamble,PG,Consumer Staples
2024-12-31 00:00:00+00:00,174.5094361165063,175.5226747815248,162.07786694195414,163.3346710205078,133889900,0.0,0.0,Procter & Gamble,PG,Consumer Staples
2025-01-31 00:00:00+00:00,163.76334587985218,166.57531254867976,153.4166980386346,162.70352172851562,147588500,1.007,0.0,Procter & Gamble,PG,Consumer Staples
2025-02-28 00:00:00+00:00,162.19380185576506,171.19206205376418,158.98854287173714,170.39810180664062,138223400,0.0,0.0,Procter & Gamble,PG,Consumer Staples
2025-03-31 00:00:00+00:00,170.1432509393131,176.42633154384322,158.98854722980258,167.04579162597656,182481800,0.0,0.0,Procter & Gamble,PG,Consumer Staples
2025-04-30 00:00:00+00:00,167.19284075408748,171.33907856487176,153.5876511474539,160.3445281982422,212131900,1.057,0.0,Procter & Gamble,PG,Consumer Staples
2025-05-31 00:00:00+00:00,158.46066179058062,168.64926353131025,154.54501316215982,167.56431579589844,150869000,0.0,0.0,Procter & Gamble,PG,Consumer Staples
2025-06-30 00:00:00+00:00,166.70621532875256,166.7259307040523,155.01844538357764,157.13902282714844,163008500,0.0,0.0,Procter & Gamble,PG,Consumer Staples
2025-07-31 00:00:00+00:00,157.69134786008405,160.30506500166103,148.86897062670647,149.42507934570312,196076400,1.057,0.0,Procter & Gamble,PG,Consumer Staples
2025-08-31 00:00:00+00:00,150.7259784831005,159.91174677295075,148.97820701728784,155.94944763183594,139352500,0.0,0.0,Procter & Gamble,PG,Consumer Staples
2025-09-30 00:00:00+00:00,156.26723813181923,160.5473047003985,149.92160514809314,152.58299255371094,153921200,0.0,0.0,Procter & Gamble,PG,Consumer Staples
2025-10-31 00:00:00+00:00,152.63264989302996,157.39999389648438,145.94938138614663,150.3699951171875,169411500,1.057,0.0,Procter & Gamble,PG,Consumer Staples
2025-11-30 00:00:00+00:00,150.10000610351562,151.5,144.08999633789062,148.16000366210938,176389700,0.0,0.0,Procter & Gamble,PG,Consumer Staples
2025-12-31 00:00:00+00:00,148.10000610351562,148.88999938964844,138.13999938964844,143.30999755859375,234367800,0.0,0.0,Procter & Gamble,PG,Consumer Staples
2026-01-31 00:00:00+00:00,143.11000061035156,143.33999633789062,137.6199951171875,141.52999877929688,55330000,0.0,0.0,Procter & Gamble,PG,Consumer Staples
2016-01-31 00:00:00+00:00,34.9772888772766,36.85592673259302,32.796865837558705,34.20772933959961,214552100,0.0,0.0,Qualcomm,QCOM,Semiconductors
2016-02-29 00:00:00+00:00,33.732412390255554,39.24281146507922,31.86887140625338,38.67926406860352,255057600,0.48,0.0,Qualcomm,QCOM,Semiconductors
2016-03-31 00:00:00+00:00,38.90011845169765,40.75830180488797,37.82632330681571,38.94580459594727,259198400,0.0,0.0,Qualcomm,QCOM,Semiconductors
2016-04-30 00:00:00+00:00,38.9001138575357,40.57552908679761,37.87202311170209,38.47365188598633,190898700,0.0,0.0,Qualcomm,QCOM,Semiconductors
2016-05-31 00:00:00+00:00,38.60311230090446,42.85258015452505,38.17664457101117,42.22597885131836,196181900,0.53,0.0,Qualcomm,QCOM,Semiconductors
2016-06-30 00:00:00+00:00,41.90305506489998,42.72575436502456,39.089013210219726,41.18803024291992,210703100,0.0,0.0,Qualcomm,QCOM,Semiconductors
2016-07-31 00:00:00+00:00,40.74207995863844,48.30000411038567,39.33505299744268,48.115478515625,205890700,0.0,0.0,Qualcomm,QCOM,Semiconductors
2016-08-31 00:00:00+00:00,47.95402007146473,49.24499231373461,46.1471775527076,48.90382385253906,160486600,0.53,0.0,Qualcomm,QCOM,Semiconductors
2016-09-30 00:00:00+00:00,48.74876118205012,54.587422773022766,46.46910897750187,53.11418151855469,221603700,0.0,0.0,Qualcomm,QCOM,Semiconductors
2016-10-31 00:00:00+00:00,52.78852874770112,55.53341236579623,49.85755914839231,53.28477096557617,218422000,0.0,0.0,Qualcomm,QCOM,Semiconductors
2016-11-30 00:00:00+00:00,53.501895291745655,53.773280533987645,49.87305318731251,53.24049377441406,202069400,0.53,0.0,Qualcomm,QCOM,Semiconductors
2016-12-31 00:00:00+00:00,52.92010666669451,54.88937995573989,49.84117362316538,50.95083618164063,157341000,0.0,0.0,Qualcomm,QCOM,Semiconductors
2017-01-31 00:00:00+00:00,51.466604199569886,52.41996634342672,41.28424507273599,41.753116607666016,382359000,0.0,0.0,Qualcomm,QCOM,Semiconductors
2017-02-28 00:00:00+00:00,41.91722813658247,44.94356996428752,40.92476757603014,44.549198150634766,213744100,0.53,0.0,Qualcomm,QCOM,Semiconductors
2017-03-31 00:00:00+00:00,44.90413247935982,46.56841771670622,44.17058185692357,45.22751998901367,195223400,0.0,0.0,Qualcomm,QCOM,Semiconductors
2017-04-30 00:00:00+00:00,45.16442089731778,45.37738584393933,40.266221451077165,42.38798904418945,246460200,0.0,0.0,Qualcomm,QCOM,Semiconductors
2017-05-31 00:00:00+00:00,42.31700161946888,47.23886002369578,41.72542682969937,45.61717224121094,261377900,0.57,0.0,Qualcomm,QCOM,Semiconductors
2017-06-30 00:00:00+00:00,45.76053424819872,47.034975693993154,43.45061778462253,43.98427963256836,194828100,0.0,0.0,Qualcomm,QCOM,Semiconductors
2017-07-31 00:00:00+00:00,44.23120314952024,45.35430440816767,41.60267342848157,42.36732864379883,175178800,0.0,0.0,Qualcomm,QCOM,Semiconductors
2017-08-31 00:00:00+00:00,42.45494581762026,43.09218387905317,41.02119699887973,42.0956916809082,180627700,0.57,0.0,Qualcomm,QCOM,Semiconductors
2017-09-30 00:00:00+00:00,42.30509001960652,42.49837562494326,39.39776928510397,41.749393463134766,168220900,0.0,0.0,Qualcomm,QCOM,Semiconductors
2017-10-31 00:00:00+00:00,41.950723885207616,44.109077847004585,40.28365594957168,41.08095169067383,176751700,0.0,0.0,Qualcomm,QCOM,Semiconductors
2017-11-30 00:00:00+00:00,41.45142253369416,55.79471436112176,40.6782831347571,53.8776741027832,434567900,0.57,0.0,Qualcomm,QCOM,Semiconductors
2017-12-31 00:00:00+00:00,52.95183613111474,53.699014023040704,51.814827858446165,51.99350357055664,169187300,0.0,0.0,Qualcomm,QCOM,Semiconductors
2018-01-31 00:00:00+00:00,52.28587341328368,55.95677200193956,52.11532377028785,55.42887115478516,181601100,0.0,0.0,Qualcomm,QCOM,Semiconductors
2018-02-28 00:00:00+00:00,54.41369293515815,55.51008700133363,49.13474857387607,53.24249267578125,311057400,0.57,0.0,Qualcomm,QCOM,Semiconductors
2018-03-31 00:00:00+00:00,53.26706987983385,54.25819869725679,43.945534129881096,45.387184143066406,320661200,0.0,0.0,Qualcomm,QCOM,Semiconductors
2018-04-30 00:00:00+00:00,45.13325947826476,46.51755527226898,39.776241494795215,41.78307723999024,207468300,0.0,0.0,Qualcomm,QCOM,Semiconductors
2018-05-31 00:00:00+00:00,41.57828574048808,49.32934654699314,40.39057856812676,48.10439682006836,237099800,0.62,0.0,Qualcomm,QCOM,Semiconductors
2018-06-30 00:00:00+00:00,48.28648787773693,51.85375408778103,45.596547083577256,46.449031829833984,188075700,0.0,0.0,Qualcomm,QCOM,Semiconductors
2018-07-31 00:00:00+00:00,45.85311860662929,53.51737323370219,45.62136785213554,53.04559326171875,208751100,0.0,0.0,Qualcomm,QCOM,Semiconductors
2018-08-31 00:00:00+00:00,52.598664870617405,58.34272500849296,52.598664870617405,56.86946105957031,265339500,0.0,0.0,Qualcomm,QCOM,Semiconductors
2018-09-30 00:00:00+00:00,57.412333068796855,63.89357923971532,57.38727778857903,60.16018295288086,290784100,0.62,0.0,Qualcomm,QCOM,Semiconductors
2018-10-31 00:00:00+00:00,60.51933587208429,61.73036760483812,51.09815315745352,52.5263671875,341624700,0.0,0.0,Qualcomm,QCOM,Semiconductors
2018-11-30 00:00:00+00:00,52.78527929453709,53.73741585597244,44.70879215044724,48.65935134887695,396206800,0.0,0.0,Qualcomm,QCOM,Semiconductors
2018-12-31 00:00:00+00:00,50.53856221172053,50.53856221172053,45.17727068303327,48.047813415527344,308069000,0.62,0.0,Qualcomm,QCOM,Semiconductors
2019-01-31 00:00:00+00:00,47.44838395022016,49.11160459355552,41.45401846049646,41.8086166381836,381565000,0.0,0.0,Qualcomm,QCOM,Semiconductors
2019-02-28 00:00:00+00:00,41.85926286490322,45.56565366669452,41.70729271944436,45.075965881347656,242230300,0.0,0.0,Qualcomm,QCOM,Semiconductors
2019-03-31 00:00:00+00:00,45.59098197133276,49.870587244625845,44.966203122185775,48.709014892578125,261437100,0.62,0.0,Qualcomm,QCOM,Semiconductors
2019-04-30 00:00:00+00:00,49.22999301529472,75.69837659544986,47.64993792884009,73.56316375732422,618272400,0.0,0.0,Qualcomm,QCOM,Semiconductors
2019-05-31 00:00:00+00:00,74.4514297756649,77.1588963867644,55.31117702158658,57.07059860229492,492653200,0.0,0.0,Qualcomm,QCOM,Semiconductors
2019-06-30 00:00:00+00:00,57.3011990957928,65.88374812394316,56.60938460919886,65.5648422241211,250977300,0.62,0.0,Qualcomm,QCOM,Semiconductors
2019-07-31 00:00:00+00:00,69.52959692884326,69.60717148827523,62.711936034462354,63.05669784545898,241910800,0.0,0.0,Qualcomm,QCOM,Semiconductors
2019-08-31 00:00:00+00:00,59.36776352087842,68.17640471372506,57.850810985243946,67.03007507324219,235386600,0.0,0.0,Qualcomm,QCOM,Semiconductors
2019-09-30 00:00:00+00:00,66.1681802962097,69.54299289429429,64.38404431849114,66.26782989501953,127860300,0.62,0.0,Qualcomm,QCOM,Semiconductors
2019-10-31 00:00:00+00:00,66.94543293143407,72.21873311416846,63.25327814540577,69.88182067871094,134509300,0.0,0.0,Qualcomm,QCOM,Semiconductors
2019-11-30 00:00:00+00:00,70.88086608480963,81.75753519964321,70.5854961132809,72.58360290527344,232426900,0.0,0.0,Qualcomm,QCOM,Semiconductors
2019-12-31 00:00:00+00:00,72.95716000671324,79.19597143379302,69.33450380900675,77.24365997314453,170341600,0.62,0.0,Qualcomm,QCOM,Semiconductors
2020-01-31 00:00:00+00:00,77.9615511179356,84.19495103440622,74.45088661620036,74.68726348876953,202806800,0.0,0.0,Qualcomm,QCOM,Semiconductors
2020-02-29 00:00:00+00:00,74.89737345528616,80.92944236011728,64.20775030073578,68.55014038085938,220308800,0.0,0.0,Qualcomm,QCOM,Semiconductors
2020-03-31 00:00:00+00:00,69.18049104354492,72.35847496551925,51.181812440701215,59.6973991394043,322085700,0.62,0.0,Qualcomm,QCOM,Semiconductors
2020-04-30 00:00:00+00:00,57.35891640603428,71.3633030955628,56.96182301112693,69.42192077636719,215838800,0.0,0.0,Qualcomm,QCOM,Semiconductors
2020-05-31 00:00:00+00:00,67.81588055361479,72.32518069703663,65.38034107909283,71.37213897705078,198180200,0.0,0.0,Qualcomm,QCOM,Semiconductors
2020-06-30 00:00:00+00:00,70.49852564099523,81.93780842862942,69.92493508411762,81.11077117919922,222750600,0.65,0.0,Qualcomm,QCOM,Semiconductors
2020-07-31 00:00:00+00:00,80.93291486936118,95.81938407286422,77.82044113447343,93.91633605957033,200139000,0.0,0.0,Qualcomm,QCOM,Semiconductors
2020-08-31 00:00:00+00:00,95.50812761265362,107.65564475642128,93.14265477419067,105.91266632080078,206050800,0.0,0.0,Qualcomm,QCOM,Semiconductors
2020-09-30 00:00:00+00:00,107.67343164232766,110.79811477495012,96.82430944668543,105.21038055419922,179875300,0.65,0.0,Qualcomm,QCOM,Semiconductors
2020-10-31 00:00:00+00:00,107.22198184215648,118.38850327543284,103.19881102421289,110.28851318359376,147892300,0.0,0.0,Qualcomm,QCOM,Semiconductors
2020-11-30 00:00:00+00:00,111.3077088885984,137.0828657640821,109.43917311385007,131.57554626464844,188777000,0.0,0.0,Qualcomm,QCOM,Semiconductors
2020-12-31 00:00:00+00:00,133.02388785887672,144.62417746289074,127.40253557420024,136.78553771972656,176235500,0.65,0.0,Qualcomm,QCOM,Semiconductors
2021-01-31 00:00:00+00:00,137.38715526012558,150.79270194645008,132.11650654766396,140.32322692871094,140845500,0.0,0.0,Qualcomm,QCOM,Semiconductors
2021-02-28 00:00:00+00:00,141.3019872484305,150.46945241701636,120.71317434448238,122.28448486328124,261880200,0.0,0.0,Qualcomm,QCOM,Semiconductors
2021-03-31 00:00:00+00:00,123.46075508304492,125.79528087286454,110.95858470507922,119.6194305419922,254633200,0.65,0.0,Qualcomm,QCOM,Semiconductors
2021-04-30 00:00:00+00:00,121.34260160760468,131.0861060787989,119.51118491168695,125.22197723388672,207341500,0.0,0.0,Qualcomm,QCOM,Semiconductors
2021-05-31 00:00:00+00:00,126.03391173648936,126.08804006268406,111.58109082322986,121.3786849975586,183636500,0.0,0.0,Qualcomm,QCOM,Semiconductors
2021-06-30 00:00:00+00:00,121.88392165054638,130.2406829350828,119.16892026414872,129.60592651367188,156382800,0.68,0.0,Qualcomm,QCOM,Semiconductors
2021-07-31 00:00:00+00:00,129.5877884706929,137.39515780260092,122.95922156662918,135.83551025390625,157524100,0.0,0.0,Qualcomm,QCOM,Semiconductors
2021-08-31 00:00:00+00:00,136.01686667133404,138.08432193783025,126.00605513163823,133.01539611816406,141352600,0.0,0.0,Qualcomm,QCOM,Semiconductors
2021-09-30 00:00:00+00:00,133.77156534133417,134.91943705814603,117.24598859338477,117.50106811523438,144719000,0.68,0.0,Qualcomm,QCOM,Semiconductors
2021-10-31 00:00:00+00:00,118.24810086129254,121.91944040170118,111.29713274179714,121.1997299194336,148721100,0.0,0.0,Qualcomm,QCOM,Semiconductors
2021-11-30 00:00:00+00:00,120.65314671187916,171.96991008094795,120.65314671187916,164.4905548095703,323236400,0.0,0.0,Qualcomm,QCOM,Semiconductors
2021-12-31 00:00:00+00:00,165.4141374623577,176.19543722568235,156.562344880108,167.22476196289062,190527600,0.68,0.0,Qualcomm,QCOM,Semiconductors
2022-01-31 00:00:00+00:00,167.26136214633647,177.01848504240263,143.9155225851667,160.7230224609375,208913700,0.0,0.0,Qualcomm,QCOM,Semiconductors
2022-02-28 00:00:00+00:00,161.34489048234568,175.66509697474874,142.46157137119215,157.27561950683594,241774300,0.0,0.0,Qualcomm,QCOM,Semiconductors
2022-03-31 00:00:00+00:00,156.33372718841437,157.13843034943477,127.68416479157897,140.32858276367188,243057800,0.68,0.0,Qualcomm,QCOM,Semiconductors
2022-04-30 00:00:00+00:00,139.52053103117117,141.5315516183845,119.97994985762084,128.27188110351562,250536000,0.0,0.0,Qualcomm,QCOM,Semiconductors
2022-05-31 00:00:00+00:00,129.10747564662893,137.27999007180588,115.57228786906896,131.5133056640625,217951100,0.0,0.0,Qualcomm,QCOM,Semiconductors
2022-06-30 00:00:00+00:00,131.58715271466238,135.0025784431714,109.13748912456764,117.91613006591795,212613700,0.75,0.0,Qualcomm,QCOM,Semiconductors
2022-07-31 00:00:00+00:00,116.07914788191503,144.61202046634682,111.10366378837294,133.90408325195312,175158600,0.0,0.0,Qualcomm,QCOM,Semiconductors
2022-08-31 00:00:00+00:00,133.21179174140696,141.15038585111066,121.88240977381156,122.7828369140625,141858000,0.75,0.0,Qualcomm,QCOM,Semiconductors
2022-09-30 00:00:00+00:00,120.65711174345444,124.59300629314232,104.82074067721535,104.8764419555664,166185200,0.0,0.0,Qualcomm,QCOM,Semiconductors
2022-10-31 00:00:00+00:00,106.74226952958028,118.08579765872908,97.15321237306,109.22076416015624,164692200,0.0,0.0,Qualcomm,QCOM,Semiconductors
2022-11-30 00:00:00+00:00,111.15158173309536,118.93981458294051,94.61900601040055,118.16608428955078,196716800,0.75,0.0,Qualcomm,QCOM,Semiconductors
2022-12-31 00:00:00+00:00,118.38094527209782,119.76354700455516,99.79051077806376,102.70518493652344,157121100,0.0,0.0,Qualcomm,QCOM,Semiconductors
2023-01-31 00:00:00+00:00,104.0223951538897,126.01330599239736,100.08009932501368,124.44384002685548,169127100,0.0,0.0,Qualcomm,QCOM,Semiconductors
2023-02-28 00:00:00+00:00,123.94868071132036,130.7309288427282,114.83100286190796,115.40086364746094,142245100,0.0,0.0,Qualcomm,QCOM,Semiconductors
2023-03-31 00:00:00+00:00,116.34076891937876,120.48571602602344,106.34024095886868,119.9123764038086,169559400,0.75,0.0,Qualcomm,QCOM,Semiconductors
2023-04-30 00:00:00+00:00,119.35783881414118,119.90298226029824,105.40974506588542,109.78026580810548,108915700,0.0,0.0,Qualcomm,QCOM,Semiconductors
2023-05-31 00:00:00+00:00,110.16561744780448,110.5133828377284,95.3716016853712,107.33424377441406,221713000,0.8,0.0,Qualcomm,QCOM,Semiconductors
2023-06-30 00:00:00+00:00,108.4226222616634,118.68190525980464,106.22692505140547,112.6626205444336,176529300,0.0,0.0,Qualcomm,QCOM,Semiconductors
2023-07-31 00:00:00+00:00,112.88030251202676,125.84633937894816,107.53299816774155,125.08919525146484,163250200,0.0,0.0,Qualcomm,QCOM,Semiconductors
2023-08-31 00:00:00+00:00,124.85260421702137,125.2974259059575,101.98693261995214,109.16177368164062,190511000,0.8,0.0,Qualcomm,QCOM,Semiconductors
2023-09-30 00:00:00+00:00,110.27691268157729,111.57317199987628,100.5645556719529,105.85440826416016,165381600,0.0,0.0,Qualcomm,QCOM,Semiconductors
2023-10-31 00:00:00+00:00,105.2253531567467,109.0378568540196,99.4398668258705,103.88143157958984,154442600,0.0,0.0,Qualcomm,QCOM,Semiconductors
2023-11-30 00:00:00+00:00,104.0529861648392,125.2702104302779,103.60501482348592,123.78345489501952,207210200,0.8,0.0,Qualcomm,QCOM,Semiconductors
2023-12-31 00:00:00+00:00,123.79303692969404,140.89540461721188,122.80508560577296,138.72764587402344,159806700,0.0,0.0,Qualcomm,QCOM,Semiconductors
2024-01-31 00:00:00+00:00,136.3872208841341,151.53282820457767,129.4330850643113,142.44927978515625,188135200,0.0,0.0,Qualcomm,QCOM,Semiconductors
2024-02-29 00:00:00+00:00,135.1210769960145,152.70300183963857,133.57676915724414,152.11935424804688,186391500,0.8,0.0,Qualcomm,QCOM,Semiconductors
2024-03-31 00:00:00+00:00,153.6618550652505,171.20777483515556,152.38930076308574,163.21566772460938,174920800,0.0,0.0,Qualcomm,QCOM,Semiconductors
2024-04-30 00:00:00+00:00,162.22269553399076,169.6652649645746,150.72145488753387,159.8896942138672,154500600,0.0,0.0,Qualcomm,QCOM,Semiconductors
2024-05-31 00:00:00+00:00,158.5978075714883,209.6159624976159,157.903681871742,197.5230255126953,232104200,0.85,0.0,Qualcomm,QCOM,Semiconductors
2024-06-30 00:00:00+00:00,202.85677314508268,223.2527928095972,187.6395899730757,192.8087921142578,225397700,0.0,0.0,Qualcomm,QCOM,Semiconductors
2024-07-31 00:00:00+00:00,193.08952222899063,204.33780435208809,161.43550672706738,175.16192626953125,192314000,0.0,0.0,Qualcomm,QCOM,Semiconductors
2024-08-31 00:00:00+00:00,166.2658948617811,171.30924870563877,146.54746676507142,169.69265747070312,207080400,0.0,0.0,Qualcomm,QCOM,Semiconductors
2024-09-30 00:00:00+00:00,166.3917223062441,172.0291262707243,152.88990130689993,165.4612579345703,172127500,0.85,0.0,Qualcomm,QCOM,Semiconductors
2024-10-31 00:00:00+00:00,165.2179983816456,174.97735600801084,157.70633308306614,158.37771606445312,159375300,0.0,0.0,Qualcomm,QCOM,Semiconductors
2024-11-30 00:00:00+00:00,158.67935088771682,177.18610866891208,148.82268363078123,154.25210571289062,185788700,0.0,0.0,Qualcomm,QCOM,Semiconductors
2024-12-31 00:00:00+00:00,154.106190907344,160.84940071025727,146.15827516994975,150.25653076171875,166380400,0.85,0.0,Qualcomm,QCOM,Semiconductors
2025-01-31 00:00:00+00:00,151.61607657347943,172.9192091465174,149.44468190862443,169.1437225341797,149834100,0.0,0.0,Qualcomm,QCOM,Semiconductors
2025-02-28 00:00:00+00:00,165.182425747991,173.12463721764928,150.04132955329368,153.72879028320312,162804800,0.0,0.0,Qualcomm,QCOM,Semiconductors
2025-03-31 00:00:00+00:00,155.50896634885146,159.13042351509677,145.42212595511,151.056884765625,153197100,0.85,0.0,Qualcomm,QCOM,Semiconductors
2025-04-30 00:00:00+00:00,149.85714597837975,152.87614162473344,118.79220902056385,145.9924774169922,220074200,0.0,0.0,Qualcomm,QCOM,Semiconductors
2025-05-31 00:00:00+00:00,136.48319183205206,153.53501569186002,132.628347189395,142.78668212890625,194490100,0.0,0.0,Qualcomm,QCOM,Semiconductors
2025-06-30 00:00:00+00:00,142.3933158158785,160.4028983021147,142.07862725910695,157.55374145507812,168025100,0.89,0.0,Qualcomm,QCOM,Semiconductors
2025-07-31 00:00:00+00:00,156.5248947818749,162.2034039005105,144.0203171306447,145.1876678466797,177031200,0.0,0.0,Qualcomm,QCOM,Semiconductors
2025-08-31 00:00:00+00:00,144.8908796085815,159.8687003621273,142.5660655875901,159.0080108642578,152923800,0.0,0.0,Qualcomm,QCOM,Semiconductors
2025-09-30 00:00:00+00:00,156.1291814817484,173.55319949737313,152.94367817654444,165.5142822265625,161246000,0.89,0.0,Qualcomm,QCOM,Semiconductors
2025-10-31 00:00:00+00:00,164.95713626098424,204.90301686750104,152.57041864992604,179.98036193847656,267402100,0.0,0.0,Qualcomm,QCOM,Semiconductors
2025-11-30 00:00:00+00:00,182.01994400971316,182.5174021869363,158.04245818738647,167.2354736328125,196529700,0.0,0.0,Qualcomm,QCOM,Semiconductors
2025-12-31 00:00:00+00:00,165.06656856431218,183.44000244140625,164.65864923389597,171.0500030517578,164015700,0.89,0.0,Qualcomm,QCOM,Semiconductors
2026-01-31 00:00:00+00:00,173.8000030517578,184.4499969482422,172.1999969482422,181.8699951171875,44741700,0.0,0.0,Qualcomm,QCOM,Semiconductors
2016-01-31 00:00:00+00:00,45.22254235139415,45.376444947363865,41.39979371547342,43.53458023071289,172216933,0.0,0.0,Raytheon Technologies,RTX,Defence
2016-02-29 00:00:00+00:00,43.2218058664245,50.291235342791815,41.62816109947858,48.32558441162109,290775242,0.402769,0.0,Raytheon Technologies,RTX,Defence
2016-03-31 00:00:00+00:00,46.12488660605155,50.51630792456489,46.04985975604753,50.0661506652832,163997989,0.0,0.0,Raytheon Technologies,RTX,Defence
2016-04-30 00:00:00+00:00,49.71104628566045,53.55228518282357,49.22588967578622,52.20183181762695,129463143,0.0,0.0,Raytheon Technologies,RTX,Defence
2016-05-31 00:00:00+00:00,51.96175928954642,52.46692238553423,49.311061304563495,50.64026641845703,119535704,0.415356,0.0,Raytheon Technologies,RTX,Defence
2016-06-30 00:00:00+00:00,50.39354464215433,51.788194279094405,48.782408260175,51.63212585449219,142773877,0.0,0.0,Raytheon Technologies,RTX,Defence
2016-07-31 00:00:00+00:00,51.59687202512496,54.62280590228723,50.0008345409215,54.19987869262695,115559550,0.0,0.0,Raytheon Technologies,RTX,Defence
2016-08-31 00:00:00+00:00,54.104214740547015,55.42615950373656,53.31376603914179,53.91159439086914,86581909,0.415356,0.0,Raytheon Technologies,RTX,Defence
2016-09-30 00:00:00+00:00,54.068627054863,54.56503688595476,50.5785236598446,51.4649772644043,125758228,0.0,0.0,Raytheon Technologies,RTX,Defence
2016-10-31 00:00:00+00:00,51.464980440439696,52.0778944479002,49.44893935606956,51.7689094543457,129297885,0.0,0.0,Raytheon Technologies,RTX,Defence
2016-11-30 00:00:00+00:00,51.87527600332165,56.06359054043003,51.0192132291134,54.90154266357422,109120129,0.415356,0.0,Raytheon Technologies,RTX,Defence
2016-12-31 00:00:00+00:00,55.044249000536006,56.92493400318298,54.57025688554226,55.869903564453125,104192320,0.0,0.0,Raytheon Technologies,RTX,Defence
2017-01-31 00:00:00+00:00,56.26235426706367,57.50593654763344,55.17166314337435,55.89539337158203,94353072,0.0,0.0,Raytheon Technologies,RTX,Defence
2017-02-28 00:00:00+00:00,55.87500682626485,58.03272443984396,54.45812667669894,57.70459365844727,90847739,0.415356,0.0,Raytheon Technologies,RTX,Defence
2017-03-31 00:00:00+00:00,58.26344573724839,58.67360926096782,54.884737611190246,57.5302734375,110830684,0.0,0.0,Raytheon Technologies,RTX,Defence
2017-04-30 00:00:00+00:00,57.56616521371525,61.32427623884194,57.03295887188442,61.00640106201172,92318041,0.0,0.0,Raytheon Technologies,RTX,Defence
2017-05-31 00:00:00+00:00,61.032037629296624,63.324567208880616,60.80888151391666,62.52036666870117,95027286,0.415356,0.0,Raytheon Technologies,RTX,Defence
2017-06-30 00:00:00+00:00,62.47913560673934,63.453441528604486,61.3862782630816,62.94824981689453,93035634,0.0,0.0,Raytheon Technologies,RTX,Defence
2017-07-31 00:00:00+00:00,63.20600138628649,64.3298196635451,60.75220749637511,61.12335205078125,76845155,0.0,0.0,Raytheon Technologies,RTX,Defence
2017-08-31 00:00:00+00:00,61.34503275406029,62.71626611738879,59.35262930192945,62.09101867675781,114924428,0.440529,0.0,Raytheon Technologies,RTX,Defence
2017-09-30 00:00:00+00:00,62.10138746456116,62.31921691475478,56.5830961886859,60.20318222045898,161091869,0.0,0.0,Raytheon Technologies,RTX,Defence
2017-10-31 00:00:00+00:00,60.2343041667028,63.93736798184882,60.1305734614684,62.111759185791016,97171481,0.0,0.0,Raytheon Technologies,RTX,Defence
2017-11-30 00:00:00+00:00,62.52146702047304,63.5220612680366,60.46250840608372,63.36553955078125,87572967,0.440529,0.0,Raytheon Technologies,RTX,Defence
2017-12-31 00:00:00+00:00,63.47507385933967,67.03857996272278,61.97767545137581,66.55857849121094,98445383,0.0,0.0,Raytheon Technologies,RTX,Defence
2018-01-31 00:00:00+00:00,66.73076946602286,72.64731169701882,66.34989534974282,72.00556182861328,144999746,0.0,0.0,Raytheon Technologies,RTX,Defence
2018-02-28 00:00:00+00:00,71.47340144576599,72.6626851190099,63.7620613047443,70.6900405883789,200415167,0.440529,0.0,Raytheon Technologies,RTX,Defence
2018-03-31 00:00:00+00:00,70.93137279064311,71.19368945625807,64.07955687925364,66.01024627685547,154958008,0.0,0.0,Raytheon Technologies,RTX,Defence
2018-04-30 00:00:00+00:00,65.9210468149385,66.79196362276069,62.62630535661263,63.0355224609375,146704905,0.0,0.0,Raytheon Technologies,RTX,Defence
2018-05-31 00:00:00+00:00,62.95683767886826,68.07622629415536,60.54348212303022,65.85504913330078,120342758,0.440529,0.0,Raytheon Technologies,RTX,Defence
2018-06-30 00:00:00+00:00,66.4459434188225,67.93378105314788,64.9897616188677,65.96583557128906,132083400,0.0,0.0,Raytheon Technologies,RTX,Defence
2018-07-31 00:00:00+00:00,65.35381972460019,72.1018098577566,64.94756810206329,71.6164321899414,137465343,0.0,0.0,Raytheon Technologies,RTX,Defence
2018-08-31 00:00:00+00:00,70.93053748271235,72.38616702673202,68.38224512877964,69.85604858398438,112628320,0.440529,0.0,Raytheon Technologies,RTX,Defence
2018-09-30 00:00:00+00:00,69.9886756286858,76.45976468396526,69.23547981364875,74.15776824951172,106683236,0.0,0.0,Raytheon Technologies,RTX,Defence
2018-10-31 00:00:00+00:00,74.86853987764461,75.5262505003904,63.22054229074016,65.88325500488281,172410791,0.0,0.0,Raytheon Technologies,RTX,Defence
2018-11-30 00:00:00+00:00,66.67355059499866,70.63013401201577,63.604465856782106,64.9968032836914,210491970,0.462555,0.0,Raytheon Technologies,RTX,Defence
2018-12-31 00:00:00+00:00,66.03705221085299,67.21066737066353,53.60208958382334,56.80284118652344,203245019,0.0,0.0,Raytheon Technologies,RTX,Defence
2019-01-31 00:00:00+00:00,56.09868541335397,64.14859782292028,55.06909854196252,62.98564910888672,191961371,0.0,0.0,Raytheon Technologies,RTX,Defence
2019-02-28 00:00:00+00:00,63.79650209199686,69.56876917034357,62.884318566291135,67.43833923339844,123927066,0.462555,0.0,Raytheon Technologies,RTX,Defence
2019-03-31 00:00:00+00:00,68.1413157606058,69.27362777786007,65.18986406211596,69.16629791259766,123413817,0.0,0.0,Raytheon Technologies,RTX,Defence
2019-04-30 00:00:00+00:00,69.756589082961,76.69520213115389,69.756589082961,76.52884674072266,94613669,0.0,0.0,Raytheon Technologies,RTX,Defence
2019-05-31 00:00:00+00:00,76.73815256333489,77.48943558528823,67.73481472095362,68.15029907226562,102241345,0.462555,0.0,Raytheon Technologies,RTX,Defence
2019-06-30 00:00:00+00:00,68.23121093012992,73.23861070755675,65.92716987626743,70.25468444824219,145845414,0.0,0.0,Raytheon Technologies,RTX,Defence
2019-07-31 00:00:00+00:00,70.78349236072904,74.63077008872997,69.57480492910955,72.08928680419922,112055168,0.0,0.0,Raytheon Technologies,RTX,Defence
2019-08-31 00:00:00+00:00,71.93282351796091,73.11992536666,66.46043156127806,70.69429016113281,96832071,0.462555,0.0,Raytheon Technologies,RTX,Defence
2019-09-30 00:00:00+00:00,69.84209702229374,75.6663418071123,69.28301095715871,74.10308837890625,82792464,0.0,0.0,Raytheon Technologies,RTX,Defence
2019-10-31 00:00:00+00:00,74.33105695236287,78.50517693484485,69.82038359891052,77.93524932861328,109292055,0.0,0.0,Raytheon Technologies,RTX,Defence
2019-11-30 00:00:00+00:00,78.37492666180749,81.72189287656532,78.34778898501504,80.91999053955078,78275255,0.462555,0.0,Raytheon Technologies,RTX,Defence
2019-12-31 00:00:00+00:00,80.94729328829958,82.409212885419,77.88700517035552,81.6946029663086,89083949,0.0,0.0,Raytheon Technologies,RTX,Defence
2020-01-31 00:00:00+00:00,81.68368039688849,84.84215468090432,80.76180107396993,81.93463134765625,120760982,0.0,0.0,Raytheon Technologies,RTX,Defence
2020-02-29 00:00:00+00:00,82.40375930584581,86.42959546766808,68.9728414661825,71.57630920410156,162492731,0.462555,0.0,Raytheon Technologies,RTX,Defence
2020-03-31 00:00:00+00:00,72.07510087622497,76.64623779244583,37.82983446839197,51.70223617553711,418295352,0.0,0.0,Raytheon Technologies,RTX,Defence
2020-04-30 00:00:00+00:00,49.043956919950425,59.9112891492528,41.84820004071328,56.44499206542969,332896216,0.0,1.589,Raytheon Technologies,RTX,Defence
2020-05-31 00:00:00+00:00,55.30407622028488,60.43318941858052,44.9251069978422,56.6901741027832,280146400,0.475,0.0,Raytheon Technologies,RTX,Defence
2020-06-30 00:00:00+00:00,57.11190811363228,65.83685475102745,51.78731539452792,54.14209365844727,255680200,0.0,0.0,Raytheon Technologies,RTX,Defence
2020-07-31 00:00:00+00:00,54.28267642261652,56.52322678737219,49.30076267348725,49.80158996582031,190903600,0.0,0.0,Raytheon Technologies,RTX,Defence
2020-08-31 00:00:00+00:00,49.61706911181456,58.12234987686737,48.9668705350544,53.996280670166016,177044100,0.475,0.0,Raytheon Technologies,RTX,Defence
2020-09-30 00:00:00+00:00,53.721874503332536,56.660687524624734,49.87131822407841,50.93354034423828,175255200,0.0,0.0,Raytheon Technologies,RTX,Defence
2020-10-31 00:00:00+00:00,51.181395251835866,56.46595124190411,45.95880010766514,48.0832405090332,179790400,0.0,0.0,Raytheon Technologies,RTX,Defence
2020-11-30 00:00:00+00:00,49.03925047320211,67.15657228296959,47.72032333415334,63.94672393798828,191285900,0.475,0.0,Raytheon Technologies,RTX,Defence
2020-12-31 00:00:00+00:00,64.83836019133322,66.7107489740644,60.4337684578868,63.75948715209961,138500900,0.0,0.0,Raytheon Technologies,RTX,Defence
2021-01-31 00:00:00+00:00,63.64357111355042,64.52628203242776,57.97289026490338,59.49756622314453,155011600,0.0,0.0,Raytheon Technologies,RTX,Defence
2021-02-28 00:00:00+00:00,60.27325914948828,69.69765452736915,58.9625821298812,64.58242797851562,137266100,0.475,0.0,Raytheon Technologies,RTX,Defence
2021-03-31 00:00:00+00:00,65.94603628932357,71.82203995432646,65.25527204159265,69.3191146850586,166859100,0.0,0.0,Raytheon Technologies,RTX,Defence
2021-04-30 00:00:00+00:00,69.62415533540793,75.1772166361455,68.24262699134167,74.67484283447266,140898700,0.0,0.0,Raytheon Technologies,RTX,Defence
2021-05-31 00:00:00+00:00,75.1772346620877,80.1694755029592,73.68802320065019,80.06117248535156,132828300,0.51,0.0,Raytheon Technologies,RTX,Defence
2021-06-30 00:00:00+00:00,81.05391900372253,81.20733917705257,75.93673938221725,76.99266815185547,119732600,0.0,0.0,Raytheon Technologies,RTX,Defence
2021-07-31 00:00:00+00:00,77.09192045755994,80.73804583082627,71.9476623162972,78.47276306152344,102359700,0.0,0.0,Raytheon Technologies,RTX,Defence
2021-08-31 00:00:00+00:00,78.64425040928174,80.08825639430124,75.33023955457512,76.9554214477539,83124700,0.51,0.0,Raytheon Technologies,RTX,Defence
2021-09-30 00:00:00+00:00,77.30040952263725,80.32380717526995,74.01372607418622,78.04492950439453,123761600,0.0,0.0,Raytheon Technologies,RTX,Defence
2021-10-31 00:00:00+00:00,78.80757052283789,83.81930010097227,78.20833914820302,80.67789459228516,94980700,0.0,0.0,Raytheon Technologies,RTX,Defence
2021-11-30 00:00:00+00:00,80.72329083994423,83.22914760075173,73.31547814638586,73.89995574951172,100029400,0.51,0.0,Raytheon Technologies,RTX,Defence
2021-12-31 00:00:00+00:00,75.01413836339538,80.04613895739786,72.14654218094704,78.59407806396484,107255000,0.0,0.0,Raytheon Technologies,RTX,Defence
2022-01-31 00:00:00+00:00,78.61234306905281,84.45712553215792,77.44336152135394,82.36577606201172,122933500,0.0,0.0,Raytheon Technologies,RTX,Defence
2022-02-28 00:00:00+00:00,82.28358222370595,94.55073238197164,81.52558527511519,94.3119659423828,133374700,0.51,0.0,Raytheon Technologies,RTX,Defence
2022-03-31 00:00:00+00:00,94.37623488245634,95.8180045117649,86.38680481930678,90.97845458984376,162322000,0.0,0.0,Raytheon Technologies,RTX,Defence
2022-04-30 00:00:00+00:00,91.6120921264684,97.3607957230002,86.88272572047639,87.1582260131836,102815700,0.0,0.0,Raytheon Technologies,RTX,Defence
2022-05-31 00:00:00+00:00,86.79088934486326,90.17948911245188,81.69262897586702,87.8729248046875,119822000,0.55,0.0,Raytheon Technologies,RTX,Defence
2022-06-30 00:00:00+00:00,88.69512564997787,93.00932589917822,80.93510779298448,88.78749084472656,95271700,0.0,0.0,Raytheon Technologies,RTX,Defence
2022-07-31 00:00:00+00:00,88.73206763528972,89.90530474563562,82.2653944871839,86.10845184326172,89788000,0.0,0.0,Raytheon Technologies,RTX,Defence
2022-08-31 00:00:00+00:00,86.45950200072274,89.97360030223183,83.35775184589775,83.3949203491211,90899500,0.55,0.0,Raytheon Technologies,RTX,Defence
2022-09-30 00:00:00+00:00,83.0790111533574,83.40421368268701,74.58619063705807,76.06361389160156,121002500,0.0,0.0,Raytheon Technologies,RTX,Defence
2022-10-31 00:00:00+00:00,77.03924699024377,88.42184829756543,75.25521388320215,88.10591888427734,107044700,0.0,0.0,Raytheon Technologies,RTX,Defence
2022-11-30 00:00:00+00:00,88.57981748127128,92.37979136879414,86.21037687065751,92.26763916015624,89486200,0.55,0.0,Raytheon Technologies,RTX,Defence
2022-12-31 00:00:00+00:00,92.64149017478093,95.29585640978836,89.96840032642426,94.32384490966795,83642500,0.0,0.0,Raytheon Technologies,RTX,Defence
2023-01-31 00:00:00+00:00,94.38925898666513,97.1557947615953,87.23926001564638,93.32376861572266,103809500,0.0,0.0,Raytheon Technologies,RTX,Defence
2023-02-28 00:00:00+00:00,93.39853619648468,95.94075904964777,89.53847893943959,92.18323516845705,81307400,0.55,0.0,Raytheon Technologies,RTX,Defence
2023-03-31 00:00:00+00:00,92.13624572753906,94.06279127741124,89.02556248859423,92.03286743164062,112683900,0.0,0.0,Raytheon Technologies,RTX,Defence
2023-04-30 00:00:00+00:00,92.3523833953304,98.59254287270711,91.32803674480708,93.88424682617188,75761700,0.0,0.0,Raytheon Technologies,RTX,Defence
2023-05-31 00:00:00+00:00,93.91243863987768,95.27512000697412,86.94415890110163,87.12381744384766,88216900,0.59,0.0,Raytheon Technologies,RTX,Defence
2023-06-30 00:00:00+00:00,87.256206687042,95.1988960383868,87.22784106370743,92.62696075439452,100516800,0.0,0.0,Raytheon Technologies,RTX,Defence
2023-07-31 00:00:00+00:00,92.1825570514637,93.4590604270608,76.9212421161119,83.14301300048828,165747600,0.0,0.0,Raytheon Technologies,RTX,Defence
2023-08-31 00:00:00+00:00,82.405488882798,83.40777936473852,79.74846295411791,81.92362976074219,126833900,0.59,0.0,Raytheon Technologies,RTX,Defence
2023-09-30 00:00:00+00:00,82.46635143585871,82.54252576987066,67.62221519854795,68.52676391601562,212348400,0.0,0.0,Raytheon Technologies,RTX,Defence
2023-10-31 00:00:00+00:00,68.30775949679673,77.64842713908777,65.27989745771305,77.49607849121094,279286500,0.0,0.0,Raytheon Technologies,RTX,Defence
2023-11-30 00:00:00+00:00,78.07690150930131,79.84792535635482,74.81572431409286,78.15365600585938,202459500,0.59,0.0,Raytheon Technologies,RTX,Defence
2023-12-31 00:00:00+00:00,78.15366153960487,81.15588071773662,76.41755703128003,80.70507049560547,146359300,0.0,0.0,Raytheon Technologies,RTX,Defence
2024-01-31 00:00:00+00:00,80.61874786224698,88.60865750077996,80.53241821463595,87.40011596679688,181132800,0.0,0.0,Raytheon Technologies,RTX,Defence
2024-02-29 00:00:00+00:00,87.95643556345031,89.02111995356341,85.83211982709278,86.57553100585938,130834400,0.59,0.0,Raytheon Technologies,RTX,Defence
2024-03-31 00:00:00+00:00,86.62382404205397,94.6953217987936,85.88039210155267,94.16429901123048,183472900,0.0,0.0,Raytheon Technologies,RTX,Defence
2024-04-30 00:00:00+00:00,94.09671765704826,100.30481497886078,93.68154978225704,98.01659393310548,176000200,0.0,0.0,Raytheon Technologies,RTX,Defence
2024-05-31 00:00:00+00:00,97.82350681481763,104.78374228726504,97.1959378210239,104.71575164794922,137182400,0.63,0.0,Raytheon Technologies,RTX,Defence
2024-06-30 00:00:00+00:00,104.16210986251475,105.53164510388764,97.159044735145,97.50870513916016,130636300,0.0,0.0,Raytheon Technologies,RTX,Defence
2024-07-31 00:00:00+00:00,97.98463971636475,114.82696379111408,96.22660020704252,114.11791229248048,141280900,0.0,0.0,Raytheon Technologies,RTX,Defence
2024-08-31 00:00:00+00:00,114.34131871821144,120.79263283544302,110.34927696198264,120.44109344482422,117752800,0.63,0.0,Raytheon Technologies,RTX,Defence
2024-09-30 00:00:00+00:00,120.22627449341704,120.75358359712554,114.50400367200116,118.31233215332033,117594200,0.0,0.0,Raytheon Technologies,RTX,Defence
2024-10-31 00:00:00+00:00,118.33186954444665,125.67512070210054,117.31631208981416,118.14633178710938,97957100,0.0,0.0,Raytheon Technologies,RTX,Defence
2024-11-30 00:00:00+00:00,118.64435032894735,122.58939341999566,114.79694864503855,119.6001968383789,103779000,0.63,0.0,Raytheon Technologies,RTX,Defence
2024-12-31 00:00:00+00:00,119.6001912004103,119.75725888338168,112.12946756089896,113.6020278930664,90634900,0.0,0.0,Raytheon Technologies,RTX,Defence
2025-01-31 00:00:00+00:00,114.829147365812,130.00617416757706,111.64844972540772,126.58988189697266,93787700,0.0,0.0,Raytheon Technologies,RTX,Defence
2025-02-28 00:00:00+00:00,126.14811340432726,131.31534761020734,119.1584239706302,131.21669006347656,96375100,0.63,0.0,Raytheon Technologies,RTX,Defence
2025-03-31 00:00:00+00:00,132.5486805906773,134.35427981314848,124.28042415411504,130.6937713623047,112768500,0.0,0.0,Raytheon Technologies,RTX,Defence
2025-04-30 00:00:00+00:00,130.51614553630372,131.92710802962193,110.77296522919188,124.44815826416016,136168000,0.0,0.0,Raytheon Technologies,RTX,Defence
2025-05-31 00:00:00+00:00,124.71456311566114,136.96894999654128,123.7574960507776,135.3466339111328,102172600,0.68,0.0,Raytheon Technologies,RTX,Defence
2025-06-30 00:00:00+00:00,135.2871247087671,148.0204934176935,134.30533178064076,144.80740356445312,132151900,0.0,0.0,Raytheon Technologies,RTX,Defence
2025-07-31 00:00:00+00:00,144.44046667543176,157.47134598812946,141.47530633965414,156.26148986816406,104958200,0.0,0.0,Raytheon Technologies,RTX,Defence
2025-08-31 00:00:00+00:00,154.99211125035947,160.62515569170012,151.39227145454805,157.9756317138672,80468600,0.68,0.0,Raytheon Technologies,RTX,Defence
2025-09-30 00:00:00+00:00,157.5771938913479,167.61751233731613,150.01707647092752,166.6712646484375,91291300,0.0,0.0,Raytheon Technologies,RTX,Defence
2025-10-31 00:00:00+00:00,165.21699743134306,180.59622006350517,155.02728088619187,177.7972869873047,119274100,0.0,0.0,Raytheon Technologies,RTX,Defence
2025-11-30 00:00:00+00:00,177.78733672267606,179.29137816271648,168.6199951171875,174.91000366210938,77781700,0.68,0.0,Raytheon Technologies,RTX,Defence
2025-12-31 00:00:00+00:00,173.6999969482422,188.0,166.74000549316406,183.3999938964844,96192400,0.0,0.0,Raytheon Technologies,RTX,Defence
2026-01-31 00:00:00+00:00,183.5,196.6999969482422,182.1699981689453,187.1699981689453,30726300,0.0,0.0,Raytheon Technologies,RTX,Defence
2016-03-31 00:00:00+00:00,2.060000016965675,2.528181935646833,2.060000016965675,2.407792329788208,81900,0.0,0.0,Riot Platforms,RIOT,Meme/Speculative
2016-04-30 00:00:00+00:00,2.318614712134756,2.94285699206445,2.2026840828358734,2.755584239959717,957500,0.0,0.0,Riot Platforms,RIOT,Meme/Speculative
2016-05-31 00:00:00+00:00,2.755584239959717,5.930303262830874,2.2472726256230406,2.9785280227661133,3794300,0.0,0.0,Riot Platforms,RIOT,Meme/Speculative
2016-06-30 00:00:00+00:00,2.951774893689795,3.477922074881193,2.675324576545565,3.130129814147949,575000,0.0,0.0,Riot Platforms,RIOT,Meme/Speculative
2016-07-31 00:00:00+00:00,3.18363636005998,3.299567163365036,2.9250217036519834,3.0052812099456787,521900,0.0,0.0,Riot Platforms,RIOT,Meme/Speculative
2016-08-31 00:00:00+00:00,3.03203460377967,3.29956705081611,2.6664070250004546,3.246060609817505,730500,0.0,0.0,Riot Platforms,RIOT,Meme/Speculative
2016-09-30 00:00:00+00:00,3.237142938815458,4.057575846986017,2.38995674210229,2.702077865600586,1491900,0.0,0.0,Riot Platforms,RIOT,Meme/Speculative
2016-10-31 00:00:00+00:00,2.648571429913843,2.728831049662601,1.9083983562122255,2.407792329788208,440500,0.0,0.0,Riot Platforms,RIOT,Meme/Speculative
2016-11-30 00:00:00+00:00,2.4122511310116077,2.7564761634085504,2.0689177855151897,2.6753246784210205,428200,0.0,0.0,Riot Platforms,RIOT,Meme/Speculative
2016-12-31 00:00:00+00:00,2.7199133215856968,5.279307319028601,2.7199133215856968,3.4244155883789062,3923600,0.0,0.0,Riot Platforms,RIOT,Meme/Speculative
2017-01-31 00:00:00+00:00,3.21930721308616,4.280519674364828,2.693160125986521,2.809091091156006,806500,0.0,0.0,Riot Platforms,RIOT,Meme/Speculative
2017-02-28 00:00:00+00:00,2.746666658295418,3.2549783524921723,2.7288311885568985,2.746666669845581,250900,0.0,0.0,Riot Platforms,RIOT,Meme/Speculative
2017-03-31 00:00:00+00:00,2.7466666269766478,3.931835316951928,2.7288311459663346,3.567099571228028,526900,0.0,0.0,Riot Platforms,RIOT,Meme/Speculative
2017-04-30 00:00:00+00:00,3.56709961510492,3.81679672839449,3.1568830618433905,3.25497841835022,319200,0.0,0.0,Riot Platforms,RIOT,Meme/Speculative
2017-05-31 00:00:00+00:00,3.299567189043015,3.700866013036096,3.0320347044788445,3.4690043926239014,403900,0.0,0.0,Riot Platforms,RIOT,Meme/Speculative
2017-06-30 00:00:00+00:00,3.4279828211147074,3.6741124478363583,3.2014718055725098,3.638441562652588,318000,0.0,0.0,Riot Platforms,RIOT,Meme/Speculative
2017-07-31 00:00:00+00:00,3.593853049320028,3.674112564074492,3.121212195951488,3.335238218307495,281800,0.0,0.0,Riot Platforms,RIOT,Meme/Speculative
2017-08-31 00:00:00+00:00,3.2817315721960845,3.584935060925608,3.076623372480801,3.531428575515747,153500,0.0,0.0,Riot Platforms,RIOT,Meme/Speculative
2017-09-30 00:00:00+00:00,3.5670994738070867,4.735324524457774,3.2906494371719983,4.601558208465576,444900,0.0,0.0,Riot Platforms,RIOT,Meme/Speculative
2017-10-31 00:00:00+00:00,4.80666664945537,9.961125579217825,4.512380996970753,6.800000190734863,14208600,1.0,0.0,Riot Platforms,RIOT,Meme/Speculative
2017-11-30 00:00:00+00:00,6.980000019073486,24.0,6.330999851226807,13.5,101961000,0.0,0.0,Riot Platforms,RIOT,Meme/Speculative
2017-12-31 00:00:00+00:00,14.850000381469728,46.20000076293945,13.5,28.399999618530277,246081100,0.0,0.0,Riot Platforms,RIOT,Meme/Speculative
2018-01-31 00:00:00+00:00,28.5,28.700000762939453,13.359999656677246,13.75,56761800,0.0,0.0,Riot Platforms,RIOT,Meme/Speculative
2018-02-28 00:00:00+00:00,12.90999984741211,18.399999618530277,9.520000457763672,10.579999923706056,55118500,0.0,0.0,Riot Platforms,RIOT,Meme/Speculative
2018-03-31 00:00:00+00:00,9.93000030517578,10.850000381469728,6.0,6.619999885559082,15128900,0.0,0.0,Riot Platforms,RIOT,Meme/Speculative
2018-04-30 00:00:00+00:00,6.510000228881836,8.359999656677246,6.170000076293945,7.21999979019165,20394100,0.0,0.0,Riot Platforms,RIOT,Meme/Speculative
2018-05-31 00:00:00+00:00,7.139999866485596,9.75,6.820000171661377,6.980000019073486,12345500,0.0,0.0,Riot Platforms,RIOT,Meme/Speculative
2018-06-30 00:00:00+00:00,6.929999828338623,8.149999618530273,6.28000020980835,6.340000152587891,7302600,0.0,0.0,Riot Platforms,RIOT,Meme/Speculative
2018-07-31 00:00:00+00:00,6.28000020980835,8.555000305175781,4.409999847412109,6.489999771118164,50532900,0.0,0.0,Riot Platforms,RIOT,Meme/Speculative
2018-08-31 00:00:00+00:00,6.679999828338623,7.300000190734863,4.760000228881836,6.300000190734863,15606000,0.0,0.0,Riot Platforms,RIOT,Meme/Speculative
2018-09-30 00:00:00+00:00,6.539999961853027,6.789999961853027,3.5299999713897705,3.650000095367432,10539200,0.0,0.0,Riot Platforms,RIOT,Meme/Speculative
2018-10-31 00:00:00+00:00,3.740000009536743,3.759000062942505,2.150000095367432,2.359999895095825,14818600,0.0,0.0,Riot Platforms,RIOT,Meme/Speculative
2018-11-30 00:00:00+00:00,2.369999885559082,3.3299999237060547,1.649999976158142,1.8600000143051147,13473600,0.0,0.0,Riot Platforms,RIOT,Meme/Speculative
2018-12-31 00:00:00+00:00,1.9299999475479128,2.2799999713897705,1.2899999618530271,1.5099999904632568,17282000,0.0,0.0,Riot Platforms,RIOT,Meme/Speculative
2019-01-31 00:00:00+00:00,1.5099999904632568,2.009999990463257,1.5,1.850000023841858,8099600,0.0,0.0,Riot Platforms,RIOT,Meme/Speculative
2019-02-28 00:00:00+00:00,1.830000042915344,4.239999771118164,1.7599999904632568,3.200000047683716,55811200,0.0,0.0,Riot Platforms,RIOT,Meme/Speculative
2019-03-31 00:00:00+00:00,3.200000047683716,4.340000152587891,2.8499999046325684,3.2699999809265137,22812300,0.0,0.0,Riot Platforms,RIOT,Meme/Speculative
2019-04-30 00:00:00+00:00,3.369999885559082,6.139999866485596,3.361999988555908,5.269999980926514,51817600,0.0,0.0,Riot Platforms,RIOT,Meme/Speculative
2019-05-31 00:00:00+00:00,5.360000133514404,5.449999809265137,3.059999942779541,3.240000009536743,35386200,0.0,0.0,Riot Platforms,RIOT,Meme/Speculative
2019-06-30 00:00:00+00:00,3.1700000762939453,3.950000047683716,2.4100000858306885,3.140000104904175,49624500,0.0,0.0,Riot Platforms,RIOT,Meme/Speculative
2019-07-31 00:00:00+00:00,2.900000095367432,2.9549999237060547,1.8200000524520876,2.200000047683716,35862200,0.0,0.0,Riot Platforms,RIOT,Meme/Speculative
2019-08-31 00:00:00+00:00,2.180000066757202,2.470000028610229,1.7599999904632568,1.840000033378601,17878900,0.0,0.0,Riot Platforms,RIOT,Meme/Speculative
2019-09-30 00:00:00+00:00,1.919999957084656,2.240000009536743,1.7000000476837158,1.7799999713897705,16654100,0.0,0.0,Riot Platforms,RIOT,Meme/Speculative
2019-10-31 00:00:00+00:00,1.840000033378601,1.940000057220459,1.5,1.559999942779541,13231100,0.0,0.0,Riot Platforms,RIOT,Meme/Speculative
2019-11-30 00:00:00+00:00,1.5499999523162842,1.6699999570846558,1.2799999713897705,1.3899999856948853,10710600,0.0,0.0,Riot Platforms,RIOT,Meme/Speculative
2019-12-31 00:00:00+00:00,1.340000033378601,1.3799999952316284,1.1100000143051147,1.1200000047683716,10265500,0.0,0.0,Riot Platforms,RIOT,Meme/Speculative
2020-01-31 00:00:00+00:00,1.1399999856948853,1.6299999952316284,1.1299999952316284,1.350000023841858,29374700,0.0,0.0,Riot Platforms,RIOT,Meme/Speculative
2020-02-29 00:00:00+00:00,1.3600000143051147,1.8600000143051147,1.1200000047683716,1.1399999856948853,39732400,0.0,0.0,Riot Platforms,RIOT,Meme/Speculative
2020-03-31 00:00:00+00:00,1.159999966621399,1.340000033378601,0.5109999775886536,0.8330000042915344,21922400,0.0,0.0,Riot Platforms,RIOT,Meme/Speculative
2020-04-30 00:00:00+00:00,0.8299999833106995,1.3799999952316284,0.7599999904632568,1.2100000381469729,38662800,0.0,0.0,Riot Platforms,RIOT,Meme/Speculative
2020-05-31 00:00:00+00:00,1.1799999475479126,2.75,1.0299999713897705,2.140000104904175,141471300,0.0,0.0,Riot Platforms,RIOT,Meme/Speculative
2020-06-30 00:00:00+00:00,2.140000104904175,3.309999942779541,2.039999961853028,2.220000028610229,126082200,0.0,0.0,Riot Platforms,RIOT,Meme/Speculative
2020-07-31 00:00:00+00:00,2.2100000381469727,3.200000047683716,2.059999942779541,2.640000104904175,202790300,0.0,0.0,Riot Platforms,RIOT,Meme/Speculative
2020-08-31 00:00:00+00:00,2.900000095367432,4.579999923706055,2.75,3.5,289732200,0.0,0.0,Riot Platforms,RIOT,Meme/Speculative
2020-09-30 00:00:00+00:00,3.5199999809265137,3.880000114440918,2.3499999046325684,2.700000047683716,89094400,0.0,0.0,Riot Platforms,RIOT,Meme/Speculative
2020-10-31 00:00:00+00:00,2.7100000381469727,4.260000228881836,2.5,3.2699999809265137,158101000,0.0,0.0,Riot Platforms,RIOT,Meme/Speculative
2020-11-30 00:00:00+00:00,3.259999990463257,8.479999542236328,3.140000104904175,8.449999809265137,410445700,0.0,0.0,Riot Platforms,RIOT,Meme/Speculative
2020-12-31 00:00:00+00:00,8.170000076293945,18.66900062561035,7.800000190734863,16.989999771118164,652032200,0.0,0.0,Riot Platforms,RIOT,Meme/Speculative
2021-01-31 00:00:00+00:00,18.799999237060547,29.280000686645508,15.350000381469728,20.520000457763672,608975900,0.0,0.0,Riot Platforms,RIOT,Meme/Speculative
2021-02-28 00:00:00+00:00,20.170000076293945,79.5,18.690000534057617,43.7400016784668,755871800,0.0,0.0,Riot Platforms,RIOT,Meme/Speculative
2021-03-31 00:00:00+00:00,49.040000915527344,67.8499984741211,34.25,53.27000045776367,534693300,0.0,0.0,Riot Platforms,RIOT,Meme/Speculative
2021-04-30 00:00:00+00:00,54.75,61.54999923706055,33.369998931884766,41.83000183105469,490554000,0.0,0.0,Riot Platforms,RIOT,Meme/Speculative
2021-05-31 00:00:00+00:00,42.880001068115234,44.09999847412109,20.68000030517578,27.1299991607666,416737900,0.0,0.0,Riot Platforms,RIOT,Meme/Speculative
2021-06-30 00:00:00+00:00,27.100000381469727,40.34000015258789,25.290000915527344,37.66999816894531,287249300,0.0,0.0,Riot Platforms,RIOT,Meme/Speculative
2021-07-31 00:00:00+00:00,37.22999954223633,37.650001525878906,23.93000030517578,32.95000076293945,152151200,0.0,0.0,Riot Platforms,RIOT,Meme/Speculative
2021-08-31 00:00:00+00:00,32.91999816894531,40.79999923706055,30.790000915527344,37.31999969482422,231946800,0.0,0.0,Riot Platforms,RIOT,Meme/Speculative
2021-09-30 00:00:00+00:00,37.43999862670898,38.709999084472656,24.81999969482422,25.700000762939453,197105300,0.0,0.0,Riot Platforms,RIOT,Meme/Speculative
2021-10-31 00:00:00+00:00,27.200000762939453,32.83000183105469,24.350000381469727,27.21999931335449,284629200,0.0,0.0,Riot Platforms,RIOT,Meme/Speculative
2021-11-30 00:00:00+00:00,27.315000534057617,46.27999877929688,27.01000022888184,37.369998931884766,388615400,0.0,0.0,Riot Platforms,RIOT,Meme/Speculative
2021-12-31 00:00:00+00:00,38.61000061035156,40.95000076293945,21.709999084472656,22.32999992370605,279462500,0.0,0.0,Riot Platforms,RIOT,Meme/Speculative
2022-01-31 00:00:00+00:00,22.450000762939453,24.625,12.899999618530272,15.9399995803833,224895100,0.0,0.0,Riot Platforms,RIOT,Meme/Speculative
2022-02-28 00:00:00+00:00,16.559999465942383,20.82999992370605,13.630000114440918,17.229999542236328,191821000,0.0,0.0,Riot Platforms,RIOT,Meme/Speculative
2022-03-31 00:00:00+00:00,18.190000534057617,23.65999984741211,13.56999969482422,21.170000076293945,190346600,0.0,0.0,Riot Platforms,RIOT,Meme/Speculative
2022-04-30 00:00:00+00:00,20.600000381469727,21.3799991607666,10.109999656677246,10.140000343322754,155150100,0.0,0.0,Riot Platforms,RIOT,Meme/Speculative
2022-05-31 00:00:00+00:00,10.09000015258789,11.640000343322754,5.96999979019165,7.190000057220459,260537000,0.0,0.0,Riot Platforms,RIOT,Meme/Speculative
2022-06-30 00:00:00+00:00,7.199999809265137,7.25,4.119999885559082,4.190000057220459,285324500,0.0,0.0,Riot Platforms,RIOT,Meme/Speculative
2022-07-31 00:00:00+00:00,4.239999771118164,7.929999828338623,4.019999980926514,7.320000171661377,380356100,0.0,0.0,Riot Platforms,RIOT,Meme/Speculative
2022-08-31 00:00:00+00:00,7.130000114440918,10.519000053405762,6.590000152587891,7.170000076293945,350426200,0.0,0.0,Riot Platforms,RIOT,Meme/Speculative
2022-09-30 00:00:00+00:00,6.960000038146973,8.670000076293945,5.921999931335449,7.010000228881836,251541800,0.0,0.0,Riot Platforms,RIOT,Meme/Speculative
2022-10-31 00:00:00+00:00,7.070000171661377,7.775000095367432,5.380000114440918,6.889999866485596,205126500,0.0,0.0,Riot Platforms,RIOT,Meme/Speculative
2022-11-30 00:00:00+00:00,7.110000133514404,7.150000095367432,3.910000085830689,4.650000095367432,279383200,0.0,0.0,Riot Platforms,RIOT,Meme/Speculative
2022-12-31 00:00:00+00:00,4.679999828338623,5.130000114440918,3.25,3.390000104904175,171695500,0.0,0.0,Riot Platforms,RIOT,Meme/Speculative
2023-01-31 00:00:00+00:00,3.490000009536743,6.840000152587891,3.299999952316284,6.269999980926514,360985700,0.0,0.0,Riot Platforms,RIOT,Meme/Speculative
2023-02-28 00:00:00+00:00,6.239999771118164,7.78000020980835,5.179999828338623,6.25,292155300,0.0,0.0,Riot Platforms,RIOT,Meme/Speculative
2023-03-31 00:00:00+00:00,6.380000114440918,10.100000381469728,5.159999847412109,9.989999771118164,459157600,0.0,0.0,Riot Platforms,RIOT,Meme/Speculative
2023-04-30 00:00:00+00:00,9.8100004196167,14.428999900817873,8.760000228881836,11.960000038146973,511974500,0.0,0.0,Riot Platforms,RIOT,Meme/Speculative
2023-05-31 00:00:00+00:00,11.600000381469728,12.899999618530272,10.199999809265137,12.0,464612200,0.0,0.0,Riot Platforms,RIOT,Meme/Speculative
2023-06-30 00:00:00+00:00,11.789999961853027,12.710000038146973,9.416999816894531,11.81999969482422,447149100,0.0,0.0,Riot Platforms,RIOT,Meme/Speculative
2023-07-31 00:00:00+00:00,11.920000076293944,20.649999618530277,11.861000061035156,18.520000457763672,556884100,0.0,0.0,Riot Platforms,RIOT,Meme/Speculative
2023-08-31 00:00:00+00:00,18.1299991607666,19.200000762939453,10.0600004196167,11.350000381469728,435239400,0.0,0.0,Riot Platforms,RIOT,Meme/Speculative
2023-09-30 00:00:00+00:00,11.390000343322754,11.649999618530272,8.819999694824219,9.329999923706056,319396300,0.0,0.0,Riot Platforms,RIOT,Meme/Speculative
2023-10-31 00:00:00+00:00,10.100000381469728,11.369999885559082,8.604999542236328,9.779999732971191,486699600,0.0,0.0,Riot Platforms,RIOT,Meme/Speculative
2023-11-30 00:00:00+00:00,10.0,13.289999961853027,9.329999923706056,12.550000190734863,511732000,0.0,0.0,Riot Platforms,RIOT,Meme/Speculative
2023-12-31 00:00:00+00:00,12.75,18.75,12.710000038146973,15.470000267028809,726338900,0.0,0.0,Riot Platforms,RIOT,Meme/Speculative
2024-01-31 00:00:00+00:00,17.06999969482422,17.110000610351562,9.635000228881836,10.899999618530272,625130400,0.0,0.0,Riot Platforms,RIOT,Meme/Speculative
2024-02-29 00:00:00+00:00,10.899999618530272,18.36000061035156,10.253999710083008,14.119999885559082,562987900,0.0,0.0,Riot Platforms,RIOT,Meme/Speculative
2024-03-31 00:00:00+00:00,14.289999961853027,14.989999771118164,10.489999771118164,12.239999771118164,477517400,0.0,0.0,Riot Platforms,RIOT,Meme/Speculative
2024-04-30 00:00:00+00:00,12.050000190734863,12.649999618530272,7.800000190734863,10.109999656677246,556272800,0.0,0.0,Riot Platforms,RIOT,Meme/Speculative
2024-05-31 00:00:00+00:00,9.850000381469728,11.34000015258789,9.1899995803833,9.739999771118164,422793800,0.0,0.0,Riot Platforms,RIOT,Meme/Speculative
2024-06-30 00:00:00+00:00,10.029999732971191,11.210000038146973,8.8100004196167,9.140000343322754,453284700,0.0,0.0,Riot Platforms,RIOT,Meme/Speculative
2024-07-31 00:00:00+00:00,9.359999656677246,13.09000015258789,8.920000076293945,10.1899995803833,532206200,0.0,0.0,Riot Platforms,RIOT,Meme/Speculative
2024-08-31 00:00:00+00:00,10.100000381469728,10.260000228881836,7.25,7.53000020980835,372344100,0.0,0.0,Riot Platforms,RIOT,Meme/Speculative
2024-09-30 00:00:00+00:00,7.480000019073486,8.069999694824219,6.355000019073486,7.420000076293945,329452400,0.0,0.0,Riot Platforms,RIOT,Meme/Speculative
2024-10-31 00:00:00+00:00,7.400000095367432,11.1899995803833,6.980000019073486,9.239999771118164,491440300,0.0,0.0,Riot Platforms,RIOT,Meme/Speculative
2024-11-30 00:00:00+00:00,9.43000030517578,15.869999885559082,8.71500015258789,12.649999618530272,692747200,0.0,0.0,Riot Platforms,RIOT,Meme/Speculative
2024-12-31 00:00:00+00:00,12.600000381469728,14.699999809265137,9.984999656677246,10.210000038146973,778901000,0.0,0.0,Riot Platforms,RIOT,Meme/Speculative
2025-01-31 00:00:00+00:00,10.489999771118164,14.539999961853027,10.210000038146973,11.880000114440918,718267500,0.0,0.0,Riot Platforms,RIOT,Meme/Speculative
2025-02-28 00:00:00+00:00,10.869999885559082,12.545000076293944,8.520000457763672,9.279999732971191,525658200,0.0,0.0,Riot Platforms,RIOT,Meme/Speculative
2025-03-31 00:00:00+00:00,10.0600004196167,10.149999618530272,6.869999885559082,7.119999885559082,500974600,0.0,0.0,Riot Platforms,RIOT,Meme/Speculative
2025-04-30 00:00:00+00:00,7.170000076293945,8.0600004196167,6.190000057220459,7.239999771118164,580718200,0.0,0.0,Riot Platforms,RIOT,Meme/Speculative
2025-05-31 00:00:00+00:00,7.489999771118164,9.520000457763672,7.400000095367432,8.069999694824219,676572100,0.0,0.0,Riot Platforms,RIOT,Meme/Speculative
2025-06-30 00:00:00+00:00,8.0,11.4399995803833,7.989999771118164,11.300000190734863,880632400,0.0,0.0,Riot Platforms,RIOT,Meme/Speculative
2025-07-31 00:00:00+00:00,11.135000228881836,15.34000015258789,10.93000030517578,13.40999984741211,957411200,0.0,0.0,Riot Platforms,RIOT,Meme/Speculative
2025-08-31 00:00:00+00:00,12.010000228881836,14.170000076293944,10.59000015258789,13.760000228881836,681234200,0.0,0.0,Riot Platforms,RIOT,Meme/Speculative
2025-09-30 00:00:00+00:00,13.300000190734863,20.1299991607666,12.65999984741211,19.030000686645508,922677700,0.0,0.0,Riot Platforms,RIOT,Meme/Speculative
2025-10-31 00:00:00+00:00,19.540000915527344,23.934999465942383,18.38999938964844,19.780000686645508,601381600,0.0,0.0,Riot Platforms,RIOT,Meme/Speculative
2025-11-30 00:00:00+00:00,20.88500022888184,21.82999992370605,12.038000106811523,16.1299991607666,442690900,0.0,0.0,Riot Platforms,RIOT,Meme/Speculative
2025-12-31 00:00:00+00:00,15.239999771118164,16.270000457763672,12.619999885559082,12.670000076293944,318369500,0.0,0.0,Riot Platforms,RIOT,Meme/Speculative
2026-01-31 00:00:00+00:00,13.010000228881836,15.489999771118164,12.645999908447266,15.130000114440918,80738800,0.0,0.0,Riot Platforms,RIOT,Meme/Speculative
2021-11-30 00:00:00+00:00,106.75,179.47000122070312,95.1999969482422,119.76000213623048,703353000,0.0,0.0,Rivian Automotive,RIVN,Meme/Speculative
2021-12-31 00:00:00+00:00,120.54000091552734,126.75,88.4000015258789,103.69000244140624,284312600,0.0,0.0,Rivian Automotive,RIVN,Meme/Speculative
2022-01-31 00:00:00+00:00,106.13999938964844,106.8000030517578,50.0,65.73999786376953,377978900,0.0,0.0,Rivian Automotive,RIVN,Meme/Speculative
2022-02-28 00:00:00+00:00,67.27999877929688,71.5,53.5,67.55999755859375,343060700,0.0,0.0,Rivian Automotive,RIVN,Meme/Speculative
2022-03-31 00:00:00+00:00,65.43000030517578,66.54000091552734,33.459999084472656,50.2400016784668,478172100,0.0,0.0,Rivian Automotive,RIVN,Meme/Speculative
2022-04-30 00:00:00+00:00,50.18000030517578,50.2599983215332,29.440000534057617,30.239999771118164,301957300,0.0,0.0,Rivian Automotive,RIVN,Meme/Speculative
2022-05-31 00:00:00+00:00,29.940000534057617,34.275001525878906,19.25,31.399999618530277,616511700,0.0,0.0,Rivian Automotive,RIVN,Meme/Speculative
2022-06-30 00:00:00+00:00,31.649999618530277,32.790000915527344,24.82999992370605,25.739999771118164,334780200,0.0,0.0,Rivian Automotive,RIVN,Meme/Speculative
2022-07-31 00:00:00+00:00,25.90999984741211,35.40999984741211,24.479999542236328,34.29999923706055,313983600,0.0,0.0,Rivian Automotive,RIVN,Meme/Speculative
2022-08-31 00:00:00+00:00,34.29999923706055,40.560001373291016,31.440000534057617,32.709999084472656,341243100,0.0,0.0,Rivian Automotive,RIVN,Meme/Speculative
2022-09-30 00:00:00+00:00,32.279998779296875,40.86000061035156,30.709999084472656,32.90999984741211,438947100,0.0,0.0,Rivian Automotive,RIVN,Meme/Speculative
2022-10-31 00:00:00+00:00,32.72200012207031,37.38999938964844,28.614999771118164,34.970001220703125,339511300,0.0,0.0,Rivian Automotive,RIVN,Meme/Speculative
2022-11-30 00:00:00+00:00,36.150001525878906,36.44599914550781,27.36000061035156,32.040000915527344,268498500,0.0,0.0,Rivian Automotive,RIVN,Meme/Speculative
2022-12-31 00:00:00+00:00,31.96500015258789,32.599998474121094,17.450000762939453,18.43000030517578,370192800,0.0,0.0,Rivian Automotive,RIVN,Meme/Speculative
2023-01-31 00:00:00+00:00,18.899999618530277,21.440000534057617,15.279999732971191,19.399999618530277,618961000,0.0,0.0,Rivian Automotive,RIVN,Meme/Speculative
2023-02-28 00:00:00+00:00,19.5,22.09000015258789,16.905000686645508,19.299999237060547,431817100,0.0,0.0,Rivian Automotive,RIVN,Meme/Speculative
2023-03-31 00:00:00+00:00,17.649999618530273,17.739999771118164,12.579999923706056,15.479999542236328,937306300,0.0,0.0,Rivian Automotive,RIVN,Meme/Speculative
2023-04-30 00:00:00+00:00,15.279999732971191,15.795000076293944,11.68000030517578,12.81999969482422,409082900,0.0,0.0,Rivian Automotive,RIVN,Meme/Speculative
2023-05-31 00:00:00+00:00,12.80500030517578,15.739999771118164,12.350000381469728,14.729999542236328,522314000,0.0,0.0,Rivian Automotive,RIVN,Meme/Speculative
2023-06-30 00:00:00+00:00,14.43000030517578,16.75,13.300000190734863,16.65999984741211,709764600,0.0,0.0,Rivian Automotive,RIVN,Meme/Speculative
2023-07-31 00:00:00+00:00,17.84000015258789,28.059999465942383,17.799999237060547,27.63999938964844,1745137700,0.0,0.0,Rivian Automotive,RIVN,Meme/Speculative
2023-08-31 00:00:00+00:00,27.190000534057617,27.63500022888184,19.479999542236328,22.729999542236328,777969300,0.0,0.0,Rivian Automotive,RIVN,Meme/Speculative
2023-09-30 00:00:00+00:00,23.0,24.6200008392334,20.030000686645508,24.280000686645508,496689500,0.0,0.0,Rivian Automotive,RIVN,Meme/Speculative
2023-10-31 00:00:00+00:00,23.93000030517578,24.8700008392334,15.289999961853027,16.219999313354492,1037358100,0.0,0.0,Rivian Automotive,RIVN,Meme/Speculative
2023-11-30 00:00:00+00:00,16.25,18.770000457763672,15.119999885559082,16.760000228881836,841587800,0.0,0.0,Rivian Automotive,RIVN,Meme/Speculative
2023-12-31 00:00:00+00:00,16.80500030517578,24.614999771118164,16.6200008392334,23.459999084472656,740865000,0.0,0.0,Rivian Automotive,RIVN,Meme/Speculative
2024-01-31 00:00:00+00:00,21.854999542236328,21.940000534057617,14.59000015258789,15.3100004196167,669114800,0.0,0.0,Rivian Automotive,RIVN,Meme/Speculative
2024-02-29 00:00:00+00:00,15.539999961853027,16.84000015258789,10.050000190734863,11.31999969482422,1012950600,0.0,0.0,Rivian Automotive,RIVN,Meme/Speculative
2024-03-31 00:00:00+00:00,11.199999809265137,13.640000343322754,10.359999656677246,10.949999809265137,961465700,0.0,0.0,Rivian Automotive,RIVN,Meme/Speculative
2024-04-30 00:00:00+00:00,10.989999771118164,11.130000114440918,8.260000228881836,8.899999618530273,835459900,0.0,0.0,Rivian Automotive,RIVN,Meme/Speculative
2024-05-31 00:00:00+00:00,8.850000381469727,12.130000114440918,8.84000015258789,10.920000076293944,916605600,0.0,0.0,Rivian Automotive,RIVN,Meme/Speculative
2024-06-30 00:00:00+00:00,11.128000259399414,16.350000381469727,10.149999618530272,13.420000076293944,911286300,0.0,0.0,Rivian Automotive,RIVN,Meme/Speculative
2024-07-31 00:00:00+00:00,13.460000038146973,18.854999542236328,13.3100004196167,16.40999984741211,978432500,0.0,0.0,Rivian Automotive,RIVN,Meme/Speculative
2024-08-31 00:00:00+00:00,16.399999618530273,16.450000762939453,12.770000457763672,14.130000114440918,634202200,0.0,0.0,Rivian Automotive,RIVN,Meme/Speculative
2024-09-30 00:00:00+00:00,13.9399995803833,14.079999923706056,10.949999809265137,11.220000267028809,598293600,0.0,0.0,Rivian Automotive,RIVN,Meme/Speculative
2024-10-31 00:00:00+00:00,11.199999809265137,11.210000038146973,9.824999809265137,10.100000381469728,641032400,0.0,0.0,Rivian Automotive,RIVN,Meme/Speculative
2024-11-30 00:00:00+00:00,10.210000038146973,13.100000381469728,9.5,12.229999542236328,1025694300,0.0,0.0,Rivian Automotive,RIVN,Meme/Speculative
2024-12-31 00:00:00+00:00,12.270000457763672,15.489999771118164,11.515000343322754,13.300000190734863,758967600,0.0,0.0,Rivian Automotive,RIVN,Meme/Speculative
2025-01-31 00:00:00+00:00,13.350000381469728,16.649999618530273,12.170000076293944,12.5600004196167,762433600,0.0,0.0,Rivian Automotive,RIVN,Meme/Speculative
2025-02-28 00:00:00+00:00,12.020000457763672,14.449999809265137,11.31999969482422,11.84000015258789,601156200,0.0,0.0,Rivian Automotive,RIVN,Meme/Speculative
2025-03-31 00:00:00+00:00,12.0,13.300000190734863,10.479999542236328,12.449999809265137,604787700,0.0,0.0,Rivian Automotive,RIVN,Meme/Speculative
2025-04-30 00:00:00+00:00,12.46500015258789,13.8100004196167,10.359999656677246,13.65999984741211,665238800,0.0,0.0,Rivian Automotive,RIVN,Meme/Speculative
2025-05-31 00:00:00+00:00,13.720000267028809,17.149999618530273,12.520000457763672,14.529999732971191,813856300,0.0,0.0,Rivian Automotive,RIVN,Meme/Speculative
2025-06-30 00:00:00+00:00,14.399999618530272,14.800000190734863,13.260000228881836,13.739999771118164,455948000,0.0,0.0,Rivian Automotive,RIVN,Meme/Speculative
2025-07-31 00:00:00+00:00,13.545000076293944,14.510000228881836,11.960000038146973,12.869999885559082,760023100,0.0,0.0,Rivian Automotive,RIVN,Meme/Speculative
2025-08-31 00:00:00+00:00,12.649999618530272,13.885000228881836,11.56999969482422,13.56999969482422,926675000,0.0,0.0,Rivian Automotive,RIVN,Meme/Speculative
2025-09-30 00:00:00+00:00,13.300000190734863,16.170000076293945,12.56999969482422,14.68000030517578,1137401100,0.0,0.0,Rivian Automotive,RIVN,Meme/Speculative
2025-10-31 00:00:00+00:00,14.78499984741211,15.0600004196167,12.609999656677246,13.56999969482422,796006700,0.0,0.0,Rivian Automotive,RIVN,Meme/Speculative
2025-11-30 00:00:00+00:00,13.550000190734863,18.1299991607666,12.390000343322754,16.860000610351562,1214385700,0.0,0.0,Rivian Automotive,RIVN,Meme/Speculative
2025-12-31 00:00:00+00:00,16.549999237060547,22.690000534057617,15.729999542236328,19.709999084472656,1007086100,0.0,0.0,Rivian Automotive,RIVN,Meme/Speculative
2026-01-31 00:00:00+00:00,19.780000686645508,20.950000762939453,18.690000534057617,19.88999938964844,187267100,0.0,0.0,Rivian Automotive,RIVN,Meme/Speculative
2021-07-31 00:00:00+00:00,38.0,40.25,33.25,35.150001525878906,143106900,0.0,0.0,Robinhood Markets,HOOD,Meme/Speculative
2021-08-31 00:00:00+00:00,35.970001220703125,85.0,35.29999923706055,44.31999969482422,695592300,0.0,0.0,Robinhood Markets,HOOD,Meme/Speculative
2021-09-30 00:00:00+00:00,43.7599983215332,47.84000015258789,39.22999954223633,42.08000183105469,131119200,0.0,0.0,Robinhood Markets,HOOD,Meme/Speculative
2021-10-31 00:00:00+00:00,42.36199951171875,43.36000061035156,33.9900016784668,34.970001220703125,137634700,0.0,0.0,Robinhood Markets,HOOD,Meme/Speculative
2021-11-30 00:00:00+00:00,35.20000076293945,38.16999816894531,25.75,25.940000534057617,202987700,0.0,0.0,Robinhood Markets,HOOD,Meme/Speculative
2021-12-31 00:00:00+00:00,26.350000381469727,26.38999938964844,16.68000030517578,17.760000228881836,368295000,0.0,0.0,Robinhood Markets,HOOD,Meme/Speculative
2022-01-31 00:00:00+00:00,18.049999237060547,18.940000534057617,9.9399995803833,14.149999618530272,554067400,0.0,0.0,Robinhood Markets,HOOD,Meme/Speculative
2022-02-28 00:00:00+00:00,14.289999961853027,15.329999923706056,9.93000030517578,12.010000228881836,418110800,0.0,0.0,Robinhood Markets,HOOD,Meme/Speculative
2022-03-31 00:00:00+00:00,12.05500030517578,16.489999771118164,10.199999809265137,13.510000228881836,537691600,0.0,0.0,Robinhood Markets,HOOD,Meme/Speculative
2022-04-30 00:00:00+00:00,13.539999961853027,13.949999809265137,9.0,9.80500030517578,324602300,0.0,0.0,Robinhood Markets,HOOD,Meme/Speculative
2022-05-31 00:00:00+00:00,9.760000228881836,10.96500015258789,7.710000038146973,10.0600004196167,441622000,0.0,0.0,Robinhood Markets,HOOD,Meme/Speculative
2022-06-30 00:00:00+00:00,9.960000038146973,10.005000114440918,6.809999942779541,8.220000267028809,541422600,0.0,0.0,Robinhood Markets,HOOD,Meme/Speculative
2022-07-31 00:00:00+00:00,8.220000267028809,9.5,7.78000020980835,9.050000190734863,187293700,0.0,0.0,Robinhood Markets,HOOD,Meme/Speculative
2022-08-31 00:00:00+00:00,8.9399995803833,11.59000015258789,8.711999893188477,9.550000190734863,268183800,0.0,0.0,Robinhood Markets,HOOD,Meme/Speculative
2022-09-30 00:00:00+00:00,9.399999618530272,11.625,8.989999771118164,10.100000381469728,278049400,0.0,0.0,Robinhood Markets,HOOD,Meme/Speculative
2022-10-31 00:00:00+00:00,10.020000457763672,12.359999656677246,9.539999961853027,11.68000030517578,156295500,0.0,0.0,Robinhood Markets,HOOD,Meme/Speculative
2022-11-30 00:00:00+00:00,12.020000457763672,12.760000228881836,8.289999961853027,9.59000015258789,324086400,0.0,0.0,Robinhood Markets,HOOD,Meme/Speculative
2022-12-31 00:00:00+00:00,9.600000381469728,10.239999771118164,7.565000057220459,8.140000343322754,156005700,0.0,0.0,Robinhood Markets,HOOD,Meme/Speculative
2023-01-31 00:00:00+00:00,8.260000228881836,10.649999618530272,7.914999961853027,10.40999984741211,136877600,0.0,0.0,Robinhood Markets,HOOD,Meme/Speculative
2023-02-28 00:00:00+00:00,10.260000228881836,11.520000457763672,9.470000267028809,10.06999969482422,158156300,0.0,0.0,Robinhood Markets,HOOD,Meme/Speculative
2023-03-31 00:00:00+00:00,10.010000228881836,10.109999656677246,8.375,9.710000038146973,152115300,0.0,0.0,Robinhood Markets,HOOD,Meme/Speculative
2023-04-30 00:00:00+00:00,9.649999618530272,10.199999809265137,8.720000267028809,8.850000381469727,115483700,0.0,0.0,Robinhood Markets,HOOD,Meme/Speculative
2023-05-31 00:00:00+00:00,8.800000190734863,9.960000038146973,8.210000038146973,8.920000076293945,169772700,0.0,0.0,Robinhood Markets,HOOD,Meme/Speculative
2023-06-30 00:00:00+00:00,8.920000076293945,10.520000457763672,8.600000381469727,9.979999542236328,190467500,0.0,0.0,Robinhood Markets,HOOD,Meme/Speculative
2023-07-31 00:00:00+00:00,10.0,13.229999542236328,9.979999542236328,12.859999656677246,253771300,0.0,0.0,Robinhood Markets,HOOD,Meme/Speculative
2023-08-31 00:00:00+00:00,12.68000030517578,12.890000343322754,9.84000015258789,10.890000343322754,209686700,0.0,0.0,Robinhood Markets,HOOD,Meme/Speculative
2023-09-30 00:00:00+00:00,11.18000030517578,11.369999885559082,9.4399995803833,9.8100004196167,115000800,0.0,0.0,Robinhood Markets,HOOD,Meme/Speculative
2023-10-31 00:00:00+00:00,9.770000457763672,10.1899995803833,8.890000343322754,9.140000343322754,111367600,0.0,0.0,Robinhood Markets,HOOD,Meme/Speculative
2023-11-30 00:00:00+00:00,9.170000076293944,9.850000381469728,7.909999847412109,8.800000190734863,224944700,0.0,0.0,Robinhood Markets,HOOD,Meme/Speculative
2023-12-31 00:00:00+00:00,8.819999694824219,13.510000228881836,8.819999694824219,12.739999771118164,421814100,0.0,0.0,Robinhood Markets,HOOD,Meme/Speculative
2024-01-31 00:00:00+00:00,12.739999771118164,12.75,10.380000114440918,10.739999771118164,198869800,0.0,0.0,Robinhood Markets,HOOD,Meme/Speculative
2024-02-29 00:00:00+00:00,10.789999961853027,16.530000686645508,10.510000228881836,16.309999465942383,405037100,0.0,0.0,Robinhood Markets,HOOD,Meme/Speculative
2024-03-31 00:00:00+00:00,16.299999237060547,20.549999237060547,15.65999984741211,20.1299991607666,348354500,0.0,0.0,Robinhood Markets,HOOD,Meme/Speculative
2024-04-30 00:00:00+00:00,19.979999542236328,20.149999618530277,16.459999084472656,16.489999771118164,221954100,0.0,0.0,Robinhood Markets,HOOD,Meme/Speculative
2024-05-31 00:00:00+00:00,16.43000030517578,22.34000015258789,16.219999313354492,20.899999618530277,523705700,0.0,0.0,Robinhood Markets,HOOD,Meme/Speculative
2024-06-30 00:00:00+00:00,21.899999618530277,24.280000686645508,20.38999938964844,22.709999084472656,330940900,0.0,0.0,Robinhood Markets,HOOD,Meme/Speculative
2024-07-31 00:00:00+00:00,22.81999969482422,24.8799991607666,20.290000915527344,20.56999969482422,263803600,0.0,0.0,Robinhood Markets,HOOD,Meme/Speculative
2024-08-31 00:00:00+00:00,20.88999938964844,21.540000915527344,13.979999542236328,20.1200008392334,393077100,0.0,0.0,Robinhood Markets,HOOD,Meme/Speculative
2024-09-30 00:00:00+00:00,19.7549991607666,24.1299991607666,18.709999084472656,23.420000076293945,233297700,0.0,0.0,Robinhood Markets,HOOD,Meme/Speculative
2024-10-31 00:00:00+00:00,23.399999618530277,28.575000762939453,22.049999237060547,23.489999771118164,359273700,0.0,0.0,Robinhood Markets,HOOD,Meme/Speculative
2024-11-30 00:00:00+00:00,23.700000762939453,39.7400016784668,23.0,37.540000915527344,494344300,0.0,0.0,Robinhood Markets,HOOD,Meme/Speculative
2024-12-31 00:00:00+00:00,37.92499923706055,43.83000183105469,34.02000045776367,37.2599983215332,512877100,0.0,0.0,Robinhood Markets,HOOD,Meme/Speculative
2025-01-31 00:00:00+00:00,38.540000915527344,53.5099983215332,37.34999847412109,51.95000076293945,422212500,0.0,0.0,Robinhood Markets,HOOD,Meme/Speculative
2025-02-28 00:00:00+00:00,48.4900016784668,66.91000366210938,44.02000045776367,50.09999847412109,683995200,0.0,0.0,Robinhood Markets,HOOD,Meme/Speculative
2025-03-31 00:00:00+00:00,54.720001220703125,54.84000015258789,35.22999954223633,41.619998931884766,1054258400,0.0,0.0,Robinhood Markets,HOOD,Meme/Speculative
2025-04-30 00:00:00+00:00,41.79999923706055,51.06999969482422,29.65999984741211,49.11000061035156,1031884900,0.0,0.0,Robinhood Markets,HOOD,Meme/Speculative
2025-05-31 00:00:00+00:00,51.125,67.12999725341797,45.560001373291016,66.1500015258789,816351700,0.0,0.0,Robinhood Markets,HOOD,Meme/Speculative
2025-06-30 00:00:00+00:00,66.02999877929688,94.23999786376952,65.37999725341797,93.62999725341795,833718100,0.0,0.0,Robinhood Markets,HOOD,Meme/Speculative
2025-07-31 00:00:00+00:00,95.01200103759766,113.43900299072266,89.69999694824219,103.0500030517578,1159986400,0.0,0.0,Robinhood Markets,HOOD,Meme/Speculative
2025-08-31 00:00:00+00:00,97.8000030517578,117.6999969482422,93.36000061035156,104.02999877929688,823513800,0.0,0.0,Robinhood Markets,HOOD,Meme/Speculative
2025-09-30 00:00:00+00:00,100.33999633789062,143.6199951171875,95.66000366210938,143.17999267578125,1038955700,0.0,0.0,Robinhood Markets,HOOD,Meme/Speculative
2025-10-31 00:00:00+00:00,141.25999450683594,153.86000061035156,120.87999725341795,146.77999877929688,610886000,0.0,0.0,Robinhood Markets,HOOD,Meme/Speculative
2025-11-30 00:00:00+00:00,148.7899932861328,149.41200256347656,102.0999984741211,128.49000549316406,600261700,0.0,0.0,Robinhood Markets,HOOD,Meme/Speculative
2025-12-31 00:00:00+00:00,123.4499969482422,139.75,112.8499984741211,113.0999984741211,501792800,0.0,0.0,Robinhood Markets,HOOD,Meme/Speculative
2026-01-31 00:00:00+00:00,115.47799682617188,124.3499984741211,110.41000366210938,115.38999938964844,111348600,0.0,0.0,Robinhood Markets,HOOD,Meme/Speculative
2016-01-31 00:00:00+00:00,191.36945510001456,195.0973768132052,176.17994624399017,190.34060668945312,287989945,0.0,0.0,Rolls-Royce,RR.L,Defence
2016-02-29 00:00:00+00:00,192.22684578920683,237.1541456445553,170.44910319255834,232.8671875,543759375,0.0,0.0,Rolls-Royce,RR.L,Defence
2016-03-31 00:00:00+00:00,230.80940187545548,253.10158099913875,222.6731228715214,227.2084197998047,380047136,0.0,0.0,Rolls-Royce,RR.L,Defence
2016-04-30 00:00:00+00:00,223.77879807516763,240.75510476149697,220.6922172769505,229.63333129882807,213512830,2.4365,0.0,Rolls-Royce,RR.L,Defence
2016-05-31 00:00:00+00:00,228.7757848861696,230.31926779712,203.3944138600784,207.5102996826172,311372905,0.0,0.0,Rolls-Royce,RR.L,Defence
2016-06-30 00:00:00+00:00,207.3387576481628,246.43991553787936,201.6793758105653,244.0389404296875,453363799,0.0,0.0,Rolls-Royce,RR.L,Defence
2016-07-31 00:00:00+00:00,244.8964318591272,300.28972012580925,222.65966133625693,271.4784240722656,368305793,0.0,0.0,Rolls-Royce,RR.L,Defence
2016-08-31 00:00:00+00:00,270.6209333917288,279.36714314199395,253.1283117433101,260.6741027832031,284888078,0.0,0.0,Rolls-Royce,RR.L,Defence
2016-09-30 00:00:00+00:00,262.38905664206374,270.62095044574056,240.780540065288,246.9543609619141,328334391,0.0,0.0,Rolls-Royce,RR.L,Defence
2016-10-31 00:00:00+00:00,246.9543418058786,272.5073587444082,246.2683990396072,249.19879150390625,327444983,1.5785999,0.0,Rolls-Royce,RR.L,Defence
2016-11-30 00:00:00+00:00,249.198790199758,272.36945239761314,220.72879583441008,232.0481719970703,432942784,0.0,0.0,Rolls-Royce,RR.L,Defence
2016-12-31 00:00:00+00:00,230.5046502704049,239.07997682457764,221.5862715132469,229.1325836181641,261904555,0.0,0.0,Rolls-Royce,RR.L,Defence
2017-01-31 00:00:00+00:00,231.19064780916423,246.7120232063704,217.81319874827537,228.96104431152344,367410887,0.0,0.0,Rolls-Royce,RR.L,Defence
2017-02-28 00:00:00+00:00,233.9348075347652,270.4656483721133,227.76048822452807,269.9510803222656,553491779,0.0,0.0,Rolls-Royce,RR.L,Defence
2017-03-31 00:00:00+00:00,270.46568222160715,271.8376503332023,251.59990959308496,258.6317443847656,426216525,0.0,0.0,Rolls-Royce,RR.L,Defence
2017-04-30 00:00:00+00:00,260.68980929042993,289.8458928104171,257.0315529470961,278.52642822265625,356158827,0.0,0.0,Rolls-Royce,RR.L,Defence
2017-05-31 00:00:00+00:00,278.5264133747447,306.9965113034096,276.7461741603592,303.7378845214844,510617061,0.0,0.0,Rolls-Royce,RR.L,Defence
2017-06-30 00:00:00+00:00,305.28136091575595,323.7698180787288,300.82232561163283,305.6244506835937,243034917,0.0,0.0,Rolls-Royce,RR.L,Defence
2017-07-31 00:00:00+00:00,305.6244501201417,341.12628596861555,303.56638377696834,335.8096008300781,349183784,0.0,0.0,Rolls-Royce,RR.L,Defence
2017-08-31 00:00:00+00:00,334.094551755496,335.4665503126248,305.11002048553206,315.5718078613281,239037541,0.0,0.0,Rolls-Royce,RR.L,Defence
2017-09-30 00:00:00+00:00,313.8567258276976,314.7143392922057,295.1626003040676,304.2523803710937,211641243,0.0,0.0,Rolls-Royce,RR.L,Defence
2017-10-31 00:00:00+00:00,305.2813767124603,333.7678527832031,304.0809314182916,333.7678527832031,288001005,1.5785999,0.0,Rolls-Royce,RR.L,Defence
2017-11-30 00:00:00+00:00,334.1109153632625,337.55835451442573,291.06068640039695,293.9764099121094,398103018,0.0,0.0,Rolls-Royce,RR.L,Defence
2017-12-31 00:00:00+00:00,292.9473696192372,299.1218449981024,281.4558516098304,290.54608154296875,232332484,0.0,0.0,Rolls-Royce,RR.L,Defence
2018-01-31 00:00:00+00:00,289.5170208250163,317.78272099429506,284.7145469457313,299.1218566894531,253238096,0.0,0.0,Rolls-Royce,RR.L,Defence
2018-02-28 00:00:00+00:00,299.945102219038,303.1695761532575,275.1097314871122,288.0076904296875,284891591,0.0,0.0,Rolls-Royce,RR.L,Defence
2018-03-31 00:00:00+00:00,284.7832341665436,326.7700557181381,274.49231252556405,298.9845886230469,340869812,0.0,0.0,Rolls-Royce,RR.L,Defence
2018-04-30 00:00:00+00:00,296.0346033538683,309.8929546392038,283.13672380501004,287.826171875,429497287,2.4365,0.0,Rolls-Royce,RR.L,Defence
2018-05-31 00:00:00+00:00,289.9530897602559,298.52955101501175,276.1621020186079,287.1399841308594,341812173,0.0,0.0,Rolls-Royce,RR.L,Defence
2018-06-30 00:00:00+00:00,287.62032690298633,346.6607005816134,280.34747339910564,339.010498046875,447963163,0.0,0.0,Rolls-Royce,RR.L,Defence
2018-07-31 00:00:00+00:00,336.3345829952135,344.25925924224543,330.9829069444372,338.8733215332031,312012401,0.0,0.0,Rolls-Royce,RR.L,Defence
2018-08-31 00:00:00+00:00,355.7517518703329,378.90818177483663,331.53179661714194,344.77392578125,349128805,0.0,0.0,Rolls-Royce,RR.L,Defence
2018-09-30 00:00:00+00:00,345.2884146852236,348.20447186387884,318.6328368185049,337.4324035644531,389027509,0.0,0.0,Rolls-Royce,RR.L,Defence
2018-10-31 00:00:00+00:00,336.19743780679744,338.804698384698,256.2787848378817,287.8419494628906,433744120,1.5785999,0.0,Rolls-Royce,RR.L,Defence
2018-11-30 00:00:00+00:00,285.4404066475789,293.742857623244,267.60029134655326,291.4784851074219,397128291,0.0,0.0,Rolls-Royce,RR.L,Defence
2018-12-31 00:00:00+00:00,295.66406469435213,303.6234451312237,260.2584772866996,284.754150390625,387629723,0.0,0.0,Rolls-Royce,RR.L,Defence
2019-01-31 00:00:00+00:00,281.597903409517,309.0441168182701,270.41357421875,303.4176330566406,294218388,0.0,0.0,Rolls-Royce,RR.L,Defence
2019-02-28 00:00:00+00:00,304.72128596165413,344.27809811987987,304.30960893391733,327.6388854980469,269340421,0.0,0.0,Rolls-Royce,RR.L,Defence
2019-03-31 00:00:00+00:00,333.6084141037902,333.6084141037902,298.888998436912,314.6705627441406,323375793,0.0,0.0,Rolls-Royce,RR.L,Defence
2019-04-30 00:00:00+00:00,311.1711730957031,318.8561302876652,300.74164158505454,314.2144775390625,408973615,2.4365,0.0,Rolls-Royce,RR.L,Defence
2019-05-31 00:00:00+00:00,312.43029096747983,324.4389594474598,291.2950802569287,295.0692749023437,319112014,0.0,0.0,Rolls-Royce,RR.L,Defence
2019-06-30 00:00:00+00:00,292.8734156059938,319.1551055123808,286.0113628431477,294.1772155761719,329699848,0.0,0.0,Rolls-Royce,RR.L,Defence
2019-07-31 00:00:00+00:00,295.2065282133684,308.6562282967228,287.24656641772583,294.1085205078125,246266040,0.0,0.0,Rolls-Royce,RR.L,Defence
2019-08-31 00:00:00+00:00,289.6481835876989,290.1971528798353,248.20126080761247,264.6016845703125,386382569,0.0,0.0,Rolls-Royce,RR.L,Defence
2019-09-30 00:00:00+00:00,263.9840783568614,294.5889563737173,257.7395359831198,266.0426940917969,398211806,0.0,0.0,Rolls-Royce,RR.L,Defence
2019-10-31 00:00:00+00:00,264.05269164466944,264.3958279878016,238.26629990312784,243.2759704589844,355487573,1.5785999,0.0,Rolls-Royce,RR.L,Defence
2019-11-30 00:00:00+00:00,242.65836490800208,271.7554528414575,236.00169055606915,244.1680603027344,358044440,0.0,0.0,Rolls-Royce,RR.L,Defence
2019-12-31 00:00:00+00:00,243.27597594701712,249.10916452990293,233.25672371759757,234.42337036132807,260406591,0.0,0.0,Rolls-Royce,RR.L,Defence
2020-01-31 00:00:00+00:00,236.34484509873155,238.9526130169241,212.6485914491818,229.89405822753903,304177008,0.0,0.0,Rolls-Royce,RR.L,Defence
2020-02-29 00:00:00+00:00,230.8548233616889,243.96217595343248,201.1401097469516,212.7377777099609,520451953,0.0,0.0,Rolls-Royce,RR.L,Defence
2020-03-31 00:00:00+00:00,221.5904725063558,223.3746594621772,102.93761906616736,104.6531982421875,1134199879,0.0,0.0,Rolls-Royce,RR.L,Defence
2020-04-30 00:00:00+00:00,102.937612549828,129.70138384244726,85.43818306344372,107.43254852294922,988005626,0.0,0.0,Rolls-Royce,RR.L,Defence
2020-05-31 00:00:00+00:00,108.22175534702212,126.88773777926222,80.80606270159353,98.30538177490234,1170836618,0.0,0.0,Rolls-Royce,RR.L,Defence
2020-06-30 00:00:00+00:00,99.60932477976412,159.40790292223346,92.40362573314484,97.9966278076172,1184526891,0.0,0.0,Rolls-Royce,RR.L,Defence
2020-07-31 00:00:00+00:00,100.15825921491464,104.96206010817548,79.46782684326172,79.46782684326172,886585842,0.0,0.0,Rolls-Royce,RR.L,Defence
2020-08-31 00:00:00+00:00,79.50211893436783,96.95005463392164,70.92398834228516,70.92398834228516,706664037,0.0,0.0,Rolls-Royce,RR.L,Defence
2020-09-30 00:00:00+00:00,72.74256357931968,80.08545441684934,38.61870378956569,40.07702255249024,1193107552,0.0,0.0,Rolls-Royce,RR.L,Defence
2020-10-31 00:00:00+00:00,39.11623966314305,101.93733695492212,34.58869951158665,71.31114196777344,2069210859,0.0,0.0,Rolls-Royce,RR.L,Defence
2020-11-30 00:00:00+00:00,69.41137849569802,137.4329247592902,66.49174289417942,105.6868667602539,2031168130,0.0,0.0,Rolls-Royce,RR.L,Defence
2020-12-31 00:00:00+00:00,104.98695822705665,134.88323974609375,95.08818557654408,111.2361831665039,1387293335,0.0,0.0,Rolls-Royce,RR.L,Defence
2021-01-31 00:00:00+00:00,111.9860813816893,113.3859220169593,86.68922885663125,91.68860626220705,1111296432,0.0,0.0,Rolls-Royce,RR.L,Defence
2021-02-28 00:00:00+00:00,93.30840834664431,118.9352158907904,90.54874795819886,107.68661499023438,1219873669,0.0,0.0,Rolls-Royce,RR.L,Defence
2021-03-31 00:00:00+00:00,110.48627208954524,128.6920114931751,98.98769823710124,108.90646362304688,1365594518,0.0,0.0,Rolls-Royce,RR.L,Defence
2021-04-30 00:00:00+00:00,111.44615085997366,113.97683462887406,96.48802058278734,104.60700988769533,798997674,0.0,0.0,Rolls-Royce,RR.L,Defence
2021-05-31 00:00:00+00:00,104.98695721780511,110.4062801366523,99.93259104202453,108.9264678955078,805728216,0.0,0.0,Rolls-Royce,RR.L,Defence
2021-06-30 00:00:00+00:00,108.98646329405317,113.46590884336842,94.6782443731262,100.84747314453124,1034196868,0.0,0.0,Rolls-Royce,RR.L,Defence
2021-07-31 00:00:00+00:00,101.48739305423148,106.27979373387797,86.67923011047894,99.6976089477539,904626317,0.0,0.0,Rolls-Royce,RR.L,Defence
2021-08-31 00:00:00+00:00,100.98745256604002,120.5550185400818,100.98745256604002,114.92572784423828,846619152,0.0,0.0,Rolls-Royce,RR.L,Defence
2021-09-30 00:00:00+00:00,114.88572886765942,148.43055891256617,100.14756707036535,142.8622589111328,1150277558,0.0,0.0,Rolls-Royce,RR.L,Defence
2021-10-31 00:00:00+00:00,143.98211456072153,145.66189857395423,131.10370374312436,131.82362365722656,603465034,0.0,0.0,Rolls-Royce,RR.L,Defence
2021-11-30 00:00:00+00:00,132.90348922507707,150.4613120131747,116.45453553426454,122.48478698730467,800394063,0.0,0.0,Rolls-Royce,RR.L,Defence
2021-12-31 00:00:00+00:00,123.4046653070466,161.88789657856984,107.10669488933893,122.86473846435548,660747512,0.0,0.0,Rolls-Royce,RR.L,Defence
2022-01-31 00:00:00+00:00,126.60427466799214,129.60389782729862,111.50614487043214,114.48577880859376,609418426,0.0,0.0,Rolls-Royce,RR.L,Defence
2022-02-28 00:00:00+00:00,115.52564514038764,122.70475769042967,95.05818958183784,103.48714447021484,972274464,0.0,0.0,Rolls-Royce,RR.L,Defence
2022-03-31 00:00:00+00:00,102.6072546283793,110.98621368262025,83.47463165150693,99.35765838623048,1504542141,0.0,0.0,Rolls-Royce,RR.L,Defence
2022-04-30 00:00:00+00:00,101.2274221223773,102.14430803219166,82.09979664782578,83.27965545654297,895992285,0.0,0.0,Rolls-Royce,RR.L,Defence
2022-05-31 00:00:00+00:00,82.97968827823493,89.9788263588595,77.85533050658407,88.71897888183594,818198889,0.0,0.0,Rolls-Royce,RR.L,Defence
2022-06-30 00:00:00+00:00,89.9888194718705,94.20829932962766,79.07017736533726,86.06930541992188,756631018,0.0,0.0,Rolls-Royce,RR.L,Defence
2022-07-31 00:00:00+00:00,86.4692609928096,94.78823022313247,79.11017608642578,89.02893829345703,596130074,0.0,0.0,Rolls-Royce,RR.L,Defence
2022-08-31 00:00:00+00:00,88.1490565549069,91.37864862388145,69.56135810052724,71.30113983154297,783248928,0.0,0.0,Rolls-Royce,RR.L,Defence
2022-09-30 00:00:00+00:00,72.64097895103552,81.25091080259453,64.4319976571178,69.58135223388672,799886931,0.0,0.0,Rolls-Royce,RR.L,Defence
2022-10-31 00:00:00+00:00,69.99130443625748,79.41312609822306,65.20189789054967,78.14028930664062,608241730,0.0,0.0,Rolls-Royce,RR.L,Defence
2022-11-30 00:00:00+00:00,79.1801651905982,92.74847492688669,78.21028582093915,90.90870666503906,755199415,0.0,0.0,Rolls-Royce,RR.L,Defence
2022-12-31 00:00:00+00:00,91.73860582447618,239.67022304453025,86.23928885407162,93.18842315673828,547805364,0.0,0.0,Rolls-Royce,RR.L,Defence
2023-01-31 00:00:00+00:00,94.7482341867951,114.98571976121367,94.58825039504202,105.72686767578124,1022078146,0.0,0.0,Rolls-Royce,RR.L,Defence
2023-02-28 00:00:00+00:00,105.40690684195472,147.5416667150041,103.18718130672308,144.9219970703125,1024613547,0.0,0.0,Rolls-Royce,RR.L,Defence
2023-03-31 00:00:00+00:00,145.06198401560997,159.98013383592206,132.24357521226008,149.00149536132812,1165808123,0.0,0.0,Rolls-Royce,RR.L,Defence
2023-04-30 00:00:00+00:00,147.98160461901355,156.33358519287663,142.5582970475211,152.131103515625,755281848,0.0,0.0,Rolls-Royce,RR.L,Defence
2023-05-31 00:00:00+00:00,152.3310843171812,158.53031659475192,142.46331274446692,146.38180541992188,878076395,0.0,0.0,Rolls-Royce,RR.L,Defence
2023-06-30 00:00:00+00:00,146.68177584876773,159.6301713892552,145.98187391260296,151.03125,529579383,0.0,0.0,Rolls-Royce,RR.L,Defence
2023-07-31 00:00:00+00:00,151.63116255553186,194.73680272530828,143.7321402209168,185.22698974609372,694075218,0.0,0.0,Rolls-Royce,RR.L,Defence
2023-08-31 00:00:00+00:00,183.2272383291833,224.4421132133349,178.11986493067968,219.07278442382807,856725221,0.0,0.0,Rolls-Royce,RR.L,Defence
2023-09-30 00:00:00+00:00,220.7725780314327,232.9710604375555,212.7735720456296,220.87255859375,530713972,0.0,0.0,Rolls-Royce,RR.L,Defence
2023-10-31 00:00:00+00:00,221.3724965034238,223.27226968173247,196.42558906086967,215.37322998046875,661602059,0.0,0.0,Rolls-Royce,RR.L,Defence
2023-11-30 00:00:00+00:00,216.47311291275184,271.5752736648936,214.673333402976,268.7666015625,889208274,0.0,0.0,Rolls-Royce,RR.L,Defence
2023-12-31 00:00:00+00:00,271.8662272077013,313.06112735381265,271.166332447503,299.66278076171875,583765995,0.0,0.0,Rolls-Royce,RR.L,Defence
2024-01-31 00:00:00+00:00,299.2628209579289,312.86112646804384,291.9637365573724,301.16259765625,1003668674,0.0,0.0,Rolls-Royce,RR.L,Defence
2024-02-29 00:00:00+00:00,300.1627289564184,373.5335834934785,296.96311417394486,369.0541687011719,1157417408,0.0,0.0,Rolls-Royce,RR.L,Defence
2024-03-31 00:00:00+00:00,374.9534358576344,430.446549682859,368.0542987406116,426.6470336914063,907633715,0.0,0.0,Rolls-Royce,RR.L,Defence
2024-04-30 00:00:00+00:00,427.44689930401125,434.94596771285353,391.9513015071903,407.4494018554688,1041716193,0.0,0.0,Rolls-Royce,RR.L,Defence
2024-05-31 00:00:00+00:00,405.9495555319323,460.1428701043038,403.9498107377349,453.3436584472656,946015214,0.0,0.0,Rolls-Royce,RR.L,Defence
2024-06-30 00:00:00+00:00,459.2429355621497,488.4393311437688,447.9443664550781,452.7437438964844,724206836,0.0,0.0,Rolls-Royce,RR.L,Defence
2024-07-31 00:00:00+00:00,450.6440333661925,502.9375265664997,423.3474099434558,481.0402526855469,659621493,0.0,0.0,Rolls-Royce,RR.L,Defence
2024-08-31 00:00:00+00:00,474.9410041724023,504.937277849087,406.9894502320048,496.33831787109375,953876599,0.0,0.0,Rolls-Royce,RR.L,Defence
2024-09-30 00:00:00+00:00,499.437981844834,535.8944310304886,455.7433954518924,524.7348022460938,713116361,0.0,0.0,Rolls-Royce,RR.L,Defence
2024-10-31 00:00:00+00:00,523.7349134928867,572.7288370640368,513.9361432015622,535.33349609375,746463866,0.0,0.0,Rolls-Royce,RR.L,Defence
2024-11-30 00:00:00+00:00,537.9331653902631,592.124448848103,517.1357450286264,558.5305786132812,687431496,0.0,0.0,Rolls-Royce,RR.L,Defence
2024-12-31 00:00:00+00:00,560.7303360506477,599.7255144356432,554.3311675515735,568.5293579101562,441033978,0.0,0.0,Rolls-Royce,RR.L,Defence
2025-01-31 00:00:00+00:00,568.9292907121799,624.7224084795175,556.9307879341496,605.9246826171875,554913540,0.0,0.0,Rolls-Royce,RR.L,Defence
2025-02-28 00:00:00+00:00,596.7258392471815,761.1054538619603,585.5272202207826,743.9075927734375,758929994,0.0,0.0,Rolls-Royce,RR.L,Defence
2025-03-31 00:00:00+00:00,775.3037626651228,817.8984019947563,719.5105941542078,779.30322265625,671397656,0.0,0.0,Rolls-Royce,RR.L,Defence
2025-04-30 00:00:00+00:00,774.7037558796227,789.9019099182309,562.0241704553919,766.96826171875,688664232,6.0,0.0,Rolls-Royce,RR.L,Defence
2025-05-31 00:00:00+00:00,769.9681690761021,871.1639589764108,761.7684767340589,866.1641845703125,599553896,0.0,0.0,Rolls-Royce,RR.L,Defence
2025-06-30 00:00:00+00:00,871.5639100193963,983.1593276186352,853.7646587645897,939.5610961914062,447659138,0.0,0.0,Rolls-Royce,RR.L,Defence
2025-07-31 00:00:00+00:00,939.5611312203804,1108.454179735326,926.9616439714036,1064.9559326171875,466033546,0.0,0.0,Rolls-Royce,RR.L,Defence
2025-08-31 00:00:00+00:00,1065.955947847979,1111.5,1026.0,1100.0,746640362,4.5,0.0,Rolls-Royce,RR.L,Defence
2025-09-30 00:00:00+00:00,1100.5,1196.0,1064.5,1177.0,566180164,0.0,0.0,Rolls-Royce,RR.L,Defence
2025-10-31 00:00:00+00:00,1184.5,1188.0,1087.0,1167.0,610846490,0.0,0.0,Rolls-Royce,RR.L,Defence
2025-11-30 00:00:00+00:00,1177.0,1181.0,1018.5,1068.0,725834746,0.0,0.0,Rolls-Royce,RR.L,Defence
2025-12-31 00:00:00+00:00,1053.5,1178.0,1033.0,1150.0,355705883,0.0,0.0,Rolls-Royce,RR.L,Defence
2026-01-31 00:00:00+00:00,1160.0,1297.0,1155.780029296875,1279.0,124403141,0.0,0.0,Rolls-Royce,RR.L,Defence
2016-01-31 00:00:00+00:00,49.04948523055619,54.54959373234706,44.84352148548432,54.37653732299805,195085200,0.0,0.0,Schlumberger,SLB,Energy
2016-02-29 00:00:00+00:00,53.51127001193638,56.66921251246197,49.73416604084331,54.35757064819336,200698800,0.5,0.0,Schlumberger,SLB,Energy
2016-03-31 00:00:00+00:00,54.91842080287879,57.72272109985352,54.06956574559683,55.896141052246094,176356600,0.0,0.0,Schlumberger,SLB,Energy
2016-04-30 00:00:00+00:00,54.85021832982768,62.11862978648716,54.33483752597827,60.89079666137695,181915900,0.0,0.0,Schlumberger,SLB,Energy
2016-05-31 00:00:00+00:00,60.59519376294723,61.17879050927698,54.569789940756,58.202484130859375,147984900,0.5,0.0,Schlumberger,SLB,Energy
2016-06-30 00:00:00+00:00,58.20247521319105,62.10044100314125,56.85231391729041,60.32311630249024,131201400,0.0,0.0,Schlumberger,SLB,Energy
2016-07-31 00:00:00+00:00,60.36886725815277,62.25299835205078,58.60675933597126,61.42155456542969,123651000,0.0,0.0,Schlumberger,SLB,Energy
2016-08-31 00:00:00+00:00,60.864687221271375,64.05325096723861,59.43062514088364,60.26209259033203,121820200,0.0,0.0,Schlumberger,SLB,Energy
2016-09-30 00:00:00+00:00,59.83490435806947,61.22954730071877,57.06107461471703,60.3697395324707,135165500,0.5,0.0,Schlumberger,SLB,Energy
2016-10-31 00:00:00+00:00,60.50793600100661,64.71477935669432,59.90146234715976,60.05500030517578,118142300,0.0,0.0,Schlumberger,SLB,Energy
2016-11-30 00:00:00+00:00,60.38511551791689,64.76850490361964,59.04935838946297,64.5228500366211,116237500,0.0,0.0,Schlumberger,SLB,Energy
2016-12-31 00:00:00+00:00,65.24446451346263,67.18263232491012,64.21733049162135,64.82738494873047,109409100,0.5,0.0,Schlumberger,SLB,Energy
2017-01-31 00:00:00+00:00,65.53008797903469,67.83128319930341,64.17872434274183,64.64205169677734,115258900,0.0,0.0,Schlumberger,SLB,Energy
2017-02-28 00:00:00+00:00,64.9122988950441,65.20574394918543,61.406477423219954,62.4350814819336,109564200,0.5,0.0,Schlumberger,SLB,Energy
2017-03-31 00:00:00+00:00,62.86243086236758,64.24538779147534,59.15638086279848,60.67920303344727,151782100,0.0,0.0,Schlumberger,SLB,Energy
2017-04-30 00:00:00+00:00,60.83459365444177,62.84686413754962,56.01754023254204,56.39824295043945,129505700,0.0,0.0,Schlumberger,SLB,Energy
2017-05-31 00:00:00+00:00,56.48370001884965,56.87217044320234,53.39165882282023,54.45588684082031,175648400,0.5,0.0,Schlumberger,SLB,Energy
2017-06-30 00:00:00+00:00,54.518501719391,55.31667381236064,50.94235825672982,51.52143478393555,175121200,0.0,0.0,Schlumberger,SLB,Energy
2017-07-31 00:00:00+00:00,51.74053302387908,54.02550192452164,50.19896002145113,53.681182861328125,143273000,0.0,0.0,Schlumberger,SLB,Energy
2017-08-31 00:00:00+00:00,53.60293259058123,54.283734583201706,48.95473157034122,49.69813537597656,143572800,0.0,0.0,Schlumberger,SLB,Energy
2017-09-30 00:00:00+00:00,49.84800027321673,55.21928952285303,49.66659177470673,55.0220947265625,130750000,0.5,0.0,Schlumberger,SLB,Energy
2017-10-31 00:00:00+00:00,54.20970615131767,54.872234432897216,48.42827845727396,50.478981018066406,179132600,0.0,0.0,Schlumberger,SLB,Energy
2017-11-30 00:00:00+00:00,50.96799800101516,53.381532401821886,48.12855854800312,49.57194519042969,177524000,0.0,0.0,Schlumberger,SLB,Energy
2017-12-31 00:00:00+00:00,49.87166329534359,54.370241451218114,49.10809375831722,53.56740188598633,181909700,0.5,0.0,Schlumberger,SLB,Energy
2018-01-31 00:00:00+00:00,54.10793390615024,63.869129419460776,53.73433621113588,58.487754821777344,207069000,0.0,0.0,Schlumberger,SLB,Energy
2018-02-28 00:00:00+00:00,58.654679085772656,60.06162560689824,50.72743946331286,52.5445671081543,185654800,0.5,0.0,Schlumberger,SLB,Energy
2018-03-31 00:00:00+00:00,52.42448620282873,55.402341019645945,50.16710032565258,51.856143951416016,144593100,0.0,0.0,Schlumberger,SLB,Energy
2018-04-30 00:00:00+00:00,51.5279502706713,57.035357580326014,49.64678208817303,54.88201522827149,153544400,0.0,0.0,Schlumberger,SLB,Energy
2018-05-31 00:00:00+00:00,54.521795954448415,60.38144041781546,53.54518905995675,54.97005844116211,148751800,0.0,0.0,Schlumberger,SLB,Energy
2018-06-30 00:00:00+00:00,54.94606615687744,56.822302256077975,52.01657152546749,54.04851913452149,161397800,0.5,0.0,Schlumberger,SLB,Energy
2018-07-31 00:00:00+00:00,53.580845219882114,56.12885906925421,52.19396111524019,54.44362258911133,136705800,0.0,0.0,Schlumberger,SLB,Energy
2018-08-31 00:00:00+00:00,54.02432965254554,54.274299475562685,49.84751247581019,50.92802047729492,134188400,0.0,0.0,Schlumberger,SLB,Energy
2018-09-30 00:00:00+00:00,51.25311850756384,51.31813829385381,48.15646704277323,49.513797760009766,171170700,0.5,0.0,Schlumberger,SLB,Energy
2018-10-31 00:00:00+00:00,49.7413669952238,51.73265359475545,41.28859057330279,41.70309829711914,222917300,0.0,0.0,Schlumberger,SLB,Energy
2018-11-30 00:00:00+00:00,41.9388007366348,43.02791327683522,36.314442905522576,36.65580368041992,244690700,0.0,0.0,Schlumberger,SLB,Energy
2018-12-31 00:00:00+00:00,37.61487068530663,37.8830853898971,28.749200762617807,29.64478874206543,353283400,0.5,0.0,Schlumberger,SLB,Energy
2019-01-31 00:00:00+00:00,29.160026373053967,37.014901127729296,29.03677902890743,36.3247299194336,307943600,0.0,0.0,Schlumberger,SLB,Energy
2019-02-28 00:00:00+00:00,36.480830919534405,38.52391459317299,34.69787861647457,36.62058639526367,170229600,0.5,0.0,Schlumberger,SLB,Energy
2019-03-31 00:00:00+00:00,36.75356435642068,37.95041608243479,33.97751828025445,36.21331405639648,182027000,0.0,0.0,Schlumberger,SLB,Energy
2019-04-30 00:00:00+00:00,36.55407576092306,40.62673565520619,35.23255585199632,35.47359085083008,186080700,0.0,0.0,Schlumberger,SLB,Energy
2019-05-31 00:00:00+00:00,35.43202310337622,35.64812130428135,28.64150936548993,28.832674026489254,218306300,0.0,0.0,Schlumberger,SLB,Energy
2019-06-30 00:00:00+00:00,29.08202810955005,33.53571000539786,28.949043832992377,33.501991271972656,213639800,0.5,0.0,Schlumberger,SLB,Energy
2019-07-31 00:00:00+00:00,34.075253758766884,34.90142117440265,31.436574148717607,33.695884704589844,204011500,0.0,0.0,Schlumberger,SLB,Energy
2019-08-31 00:00:00+00:00,33.19849518955025,33.25750698408709,26.159203920619127,27.33944702148437,245273900,0.0,0.0,Schlumberger,SLB,Energy
2019-09-30 00:00:00+00:00,26.69726996864128,34.46327992530918,26.637334088841605,29.25739479064941,245488900,0.5,0.0,Schlumberger,SLB,Energy
2019-10-31 00:00:00+00:00,29.42008380899013,30.524628736497835,26.243472193267827,27.990177154541016,309561700,0.0,0.0,Schlumberger,SLB,Energy
2019-11-30 00:00:00+00:00,28.298422522075843,31.86890276669164,28.22992576806467,30.995553970336918,209044300,0.0,0.0,Schlumberger,SLB,Energy
2019-12-31 00:00:00+00:00,31.20959870838587,35.53417064010962,29.96920055933652,34.90040588378906,202122000,0.5,0.0,Schlumberger,SLB,Energy
2020-01-31 00:00:00+00:00,35.178208828609804,35.716472707368446,28.64958207549559,29.092348098754883,262225700,0.0,0.0,Schlumberger,SLB,Energy
2020-02-29 00:00:00+00:00,29.031571158514637,31.169528698883884,22.42127054880801,23.866098403930664,233007800,0.5,0.0,Schlumberger,SLB,Energy
2020-03-31 00:00:00+00:00,24.359453657774395,24.58851360627175,10.457385125642327,11.884594917297363,645079000,0.0,0.0,Schlumberger,SLB,Energy
2020-04-30 00:00:00+00:00,11.53219699628742,16.386466220413094,10.721683475069185,14.818302154541016,480110500,0.0,0.0,Schlumberger,SLB,Energy
2020-05-31 00:00:00+00:00,14.377803686220432,17.056021534587657,13.311802418803405,16.27193832397461,298120800,0.0,0.0,Schlumberger,SLB,Energy
2020-06-30 00:00:00+00:00,16.307175594300386,21.05759316653577,15.345254241387138,16.31209373474121,377322400,0.125,0.0,Schlumberger,SLB,Energy
2020-07-31 00:00:00+00:00,16.40966483836027,17.669219257044375,15.04367282482412,16.09034538269043,277258700,0.0,0.0,Schlumberger,SLB,Energy
2020-08-31 00:00:00+00:00,16.05486229960855,18.86668065810365,15.850850647578,16.862043380737305,203225700,0.0,0.0,Schlumberger,SLB,Energy
2020-09-30 00:00:00+00:00,16.536139891921547,17.57188253523904,13.76821354504682,13.893217086791992,281478100,0.125,0.0,Schlumberger,SLB,Energy
2020-10-31 00:00:00+00:00,13.714636666307488,14.821810020818509,12.232454918070598,13.339628219604492,360091400,0.0,0.0,Schlumberger,SLB,Energy
2020-11-30 00:00:00+00:00,13.500346900605676,20.08980433331085,13.196767532818818,18.56297874450684,312477300,0.0,0.0,Schlumberger,SLB,Energy
2020-12-31 00:00:00+00:00,19.196267967530748,21.459931663352577,18.74712388591724,19.609479904174805,246642600,0.125,0.0,Schlumberger,SLB,Energy
2021-01-31 00:00:00+00:00,19.834043762423555,24.011051698820467,19.0705077909673,19.95082092285156,290871900,0.0,0.0,Schlumberger,SLB,Energy
2021-02-28 00:00:00+00:00,20.211326225303665,26.957536818234946,19.58252872407119,25.18864250183105,253165700,0.125,0.0,Schlumberger,SLB,Energy
2021-03-31 00:00:00+00:00,25.955763111169905,27.444875974480425,23.636346719645168,24.538841247558597,355810800,0.0,0.0,Schlumberger,SLB,Energy
2021-04-30 00:00:00+00:00,24.773497251554613,25.57671055499585,22.129180766178013,24.412494659423828,241677500,0.0,0.0,Schlumberger,SLB,Energy
2021-05-31 00:00:00+00:00,24.84568826654293,30.982658132969934,24.80056248318021,28.27517318725586,282486700,0.0,0.0,Schlumberger,SLB,Energy
2021-06-30 00:00:00+00:00,28.959284854763357,33.4082882283432,28.343130614717847,29.00459098815918,269119500,0.125,0.0,Schlumberger,SLB,Energy
2021-07-31 00:00:00+00:00,29.901639466233064,30.409062471225287,23.47732461092931,26.123159408569336,223248000,0.0,0.0,Schlumberger,SLB,Energy
2021-08-31 00:00:00+00:00,26.14128525481838,26.920539019695735,23.468259137436085,25.520137786865234,206027900,0.125,0.0,Schlumberger,SLB,Energy
2021-09-30 00:00:00+00:00,25.54743870788347,28.74200672790615,24.063926495842438,26.976348876953125,232532900,0.0,0.0,Schlumberger,SLB,Energy
2021-10-31 00:00:00+00:00,27.15837738478457,31.84555827526121,26.83072557796816,29.36089515686035,264011600,0.0,0.0,Schlumberger,SLB,Energy
2021-11-30 00:00:00+00:00,29.80686528104181,31.52701479081489,25.85688545180614,26.213134765625,251070000,0.125,0.0,Schlumberger,SLB,Energy
2021-12-31 00:00:00+00:00,27.03572073635774,28.58035433534763,25.271723970921844,27.3738956451416,202023600,0.0,0.0,Schlumberger,SLB,Energy
2022-01-31 00:00:00+00:00,27.48357594692228,37.51000397413733,27.40131701596161,35.709449768066406,340225400,0.0,0.0,Schlumberger,SLB,Energy
2022-02-28 00:00:00+00:00,35.435253000670485,39.093723819419125,34.18867849626897,35.97650909423828,288724300,0.125,0.0,Schlumberger,SLB,Energy
2022-03-31 00:00:00+00:00,36.343236001069776,42.42182821048869,33.6202426370571,37.87434387207031,470064200,0.0,0.0,Schlumberger,SLB,Energy
2022-04-30 00:00:00+00:00,37.773486731738245,40.80820457230225,33.876961489939525,35.765621185302734,245559100,0.0,0.0,Schlumberger,SLB,Energy
2022-05-31 00:00:00+00:00,35.15135370878036,44.80319669522332,33.88612651693796,42.2911262512207,273965500,0.175,0.0,Schlumberger,SLB,Energy
2022-06-30 00:00:00+00:00,43.28491023684591,45.85219618088666,31.626331477944557,32.90536117553711,344160900,0.0,0.0,Schlumberger,SLB,Energy
2022-07-31 00:00:00+00:00,33.0893969961165,34.23040953705208,28.203286708361222,34.073978424072266,247148900,0.0,0.0,Schlumberger,SLB,Energy
2022-08-31 00:00:00+00:00,33.347054303207216,37.63506224360554,30.76136533820925,35.104583740234375,242709600,0.0,0.0,Schlumberger,SLB,Energy
2022-09-30 00:00:00+00:00,34.55247717427183,37.42059308859881,31.245459624800397,33.186744689941406,246233600,0.175,0.0,Schlumberger,SLB,Energy
2022-10-31 00:00:00+00:00,34.73977600401704,49.817092441283926,34.499424340017164,48.0976676940918,354101300,0.0,0.0,Schlumberger,SLB,Energy
2022-11-30 00:00:00+00:00,48.71702856692429,51.80460219388748,45.16724855610566,47.6539421081543,283816000,0.0,0.0,Schlumberger,SLB,Energy
2022-12-31 00:00:00+00:00,48.36574954287044,50.08518015235951,43.43862447257551,49.58848571777344,211163000,0.175,0.0,Schlumberger,SLB,Energy
2023-01-31 00:00:00+00:00,49.03193076296813,55.14469404856767,46.55529460462804,52.85358047485352,198195500,0.0,0.0,Schlumberger,SLB,Energy
2023-02-28 00:00:00+00:00,52.78865135683362,53.86785499270125,48.2063939169864,49.590110778808594,164296400,0.25,0.0,Schlumberger,SLB,Energy
2023-03-31 00:00:00+00:00,49.62740022227961,52.3207854672671,40.83891407687224,45.75971221923828,241431200,0.0,0.0,Schlumberger,SLB,Energy
2023-04-30 00:00:00+00:00,48.71405429571468,50.14928841772447,43.78394322593962,45.99271011352539,172703800,0.0,0.0,Schlumberger,SLB,Energy
2023-05-31 00:00:00+00:00,45.51740446238481,46.20706366787997,39.823068283884,39.91626739501953,226062500,0.0,0.0,Schlumberger,SLB,Energy
2023-06-30 00:00:00+00:00,40.13061798784974,46.580173608603744,39.98150297275844,46.027320861816406,195315400,0.25,0.0,Schlumberger,SLB,Energy
2023-07-31 00:00:00+00:00,46.195983473882364,55.004147246356965,45.268322117162896,54.66681289672852,239424400,0.0,0.0,Schlumberger,SLB,Energy
2023-08-31 00:00:00+00:00,54.36695835722178,56.33473165141277,52.02435691474454,55.24776840209961,167904900,0.0,0.0,Schlumberger,SLB,Energy
2023-09-30 00:00:00+00:00,56.08172753099862,58.45187532848748,54.76334728706567,54.85744094848633,167343700,0.25,0.0,Schlumberger,SLB,Energy
2023-10-31 00:00:00+00:00,54.87626587074442,57.5862068380885,51.57352676071392,52.37333297729492,170289800,0.0,0.0,Schlumberger,SLB,Energy
2023-11-30 00:00:00+00:00,52.693256003197085,54.33992067347955,47.7814906289697,48.96709442138672,178034600,0.0,0.0,Schlumberger,SLB,Energy
2023-12-31 00:00:00+00:00,48.91063129450028,51.40651331973497,45.46881365295967,49.20351409912109,194453500,0.25,0.0,Schlumberger,SLB,Energy
2024-01-31 00:00:00+00:00,49.58170833323183,50.44210524808085,44.59894824403976,46.045555114746094,318249000,0.0,0.0,Schlumberger,SLB,Energy
2024-02-29 00:00:00+00:00,46.3764823550912,47.16365047675273,44.60578927844067,45.9560432434082,220369900,0.275,0.0,Schlumberger,SLB,Energy
2024-03-31 00:00:00+00:00,46.59312723712484,52.95451252419948,46.41246131489768,52.11774063110352,162948600,0.0,0.0,Schlumberger,SLB,Energy
2024-04-30 00:00:00+00:00,52.44103756192075,52.91648048047009,45.10024190883844,45.14778518676758,227508000,0.0,0.0,Schlumberger,SLB,Energy
2024-05-31 00:00:00+00:00,45.07171484777091,46.70722783632178,43.17946467142897,43.635887145996094,227450500,0.0,0.0,Schlumberger,SLB,Energy
2024-06-30 00:00:00+00:00,43.88311719128469,45.61744090460235,40.7753107074261,45.14854049682617,257838000,0.275,0.0,Schlumberger,SLB,Energy
2024-07-31 00:00:00+00:00,45.43562105292478,48.746639643171335,42.85187778766831,46.21074676513672,194380600,0.0,0.0,Schlumberger,SLB,Energy
2024-08-31 00:00:00+00:00,46.20117798045721,46.249028020892986,40.96670286848477,42.095890045166016,169518200,0.0,0.0,Schlumberger,SLB,Energy
2024-09-30 00:00:00+00:00,41.30162826152428,42.419585779225656,37.2375309928912,40.4064826965332,294662500,0.275,0.0,Schlumberger,SLB,Energy
2024-10-31 00:00:00+00:00,40.21384079890408,44.461578883320215,38.537859867034186,38.59565353393555,285739500,0.0,0.0,Schlumberger,SLB,Energy
2024-11-30 00:00:00+00:00,38.68234186617163,43.31536726029589,38.22963399849648,42.32326126098633,226251300,0.0,0.0,Schlumberger,SLB,Energy
2024-12-31 00:00:00+00:00,42.217311540087714,42.60259517688812,35.39929716277672,37.16344451904297,252861300,0.275,0.0,Schlumberger,SLB,Energy
2025-01-31 00:00:00+00:00,37.6674824186626,43.289497535673455,36.86295677887247,39.043907165527344,305624400,0.0,0.0,Schlumberger,SLB,Energy
2025-02-28 00:00:00+00:00,38.89851503691984,42.02919416660301,38.34600715977014,40.6627082824707,247656900,0.285,0.0,Schlumberger,SLB,Energy
2025-03-31 00:00:00+00:00,40.97504846887987,42.312251526525934,37.256251024507215,40.799354553222656,372217000,0.0,0.0,Schlumberger,SLB,Energy
2025-04-30 00:00:00+00:00,40.77983357066144,41.43379647595708,30.365262381199017,32.45403289794922,483368600,0.0,0.0,Schlumberger,SLB,Energy
2025-05-31 00:00:00+00:00,32.405234228671034,35.98737359223817,32.05384763652695,32.258819580078125,273148000,0.0,0.0,Schlumberger,SLB,Energy
2025-06-30 00:00:00+00:00,32.932303682215604,36.024836933837335,32.04408853797607,33.268836975097656,320519500,0.285,0.0,Schlumberger,SLB,Energy
2025-07-31 00:00:00+00:00,33.26883472278617,37.55047822657291,32.64873862062013,33.268836975097656,407638000,0.0,0.0,Schlumberger,SLB,Energy
2025-08-31 00:00:00+00:00,33.081825441168874,36.46776542488331,31.64477076750656,36.26106643676758,256869900,0.0,0.0,Schlumberger,SLB,Energy
2025-09-30 00:00:00+00:00,36.10358342943048,36.2833508395785,33.15804298717923,34.1005973815918,377971500,0.285,0.0,Schlumberger,SLB,Energy
2025-10-31 00:00:00+00:00,33.95177326465627,36.75959023964087,31.391995320434216,35.77735137939453,402382100,0.0,0.0,Schlumberger,SLB,Energy
2025-11-30 00:00:00+00:00,35.81703711664007,37.78151799909206,34.37840398631474,35.95594024658203,265989200,0.0,0.0,Schlumberger,SLB,Energy
2025-12-31 00:00:00+00:00,35.96586288768426,40.880001068115234,35.23166102963668,38.380001068115234,290804900,0.285,0.0,Schlumberger,SLB,Energy
2026-01-31 00:00:00+00:00,38.40999984741211,45.15999984741211,38.06999969482422,44.43000030517578,137316600,0.0,0.0,Schlumberger,SLB,Energy
2021-01-31 00:00:00+00:00,12.59000015258789,26.96999931335449,11.800000190734863,25.13999938964844,281951900,0.0,0.0,SoFi Technologies,SOFI,Meme/Speculative
2021-02-28 00:00:00+00:00,25.850000381469727,28.26000022888184,16.84000015258789,18.43000030517578,152508000,0.0,0.0,SoFi Technologies,SOFI,Meme/Speculative
2021-03-31 00:00:00+00:00,19.739999771118164,19.850000381469727,13.140000343322754,17.149999618530273,125574500,0.0,0.0,SoFi Technologies,SOFI,Meme/Speculative
2021-04-30 00:00:00+00:00,17.510000228881836,18.63999938964844,14.699999809265137,17.0,50779300,0.0,0.0,SoFi Technologies,SOFI,Meme/Speculative
2021-05-31 00:00:00+00:00,17.0,21.799999237060547,14.140000343322754,20.149999618530277,84515200,0.0,0.0,SoFi Technologies,SOFI,Meme/Speculative
2021-06-30 00:00:00+00:00,21.974000930786133,24.950000762939453,17.649999618530273,19.170000076293945,308613400,0.0,0.0,SoFi Technologies,SOFI,Meme/Speculative
2021-07-31 00:00:00+00:00,19.229999542236328,19.239999771118164,14.720000267028809,15.4399995803833,338396300,0.0,0.0,SoFi Technologies,SOFI,Meme/Speculative
2021-08-31 00:00:00+00:00,15.579999923706056,17.520000457763672,13.5600004196167,14.18000030517578,446047300,0.0,0.0,SoFi Technologies,SOFI,Meme/Speculative
2021-09-30 00:00:00+00:00,14.142999649047852,18.07999992370605,14.109999656677246,15.880000114440918,584034500,0.0,0.0,SoFi Technologies,SOFI,Meme/Speculative
2021-10-31 00:00:00+00:00,15.880000114440918,21.774999618530277,15.75,20.09000015258789,527423300,0.0,0.0,SoFi Technologies,SOFI,Meme/Speculative
2021-11-30 00:00:00+00:00,20.530000686645508,24.649999618530277,17.1299991607666,17.200000762939453,687620200,0.0,0.0,SoFi Technologies,SOFI,Meme/Speculative
2021-12-31 00:00:00+00:00,17.41200065612793,17.90999984741211,13.65999984741211,15.8100004196167,718458700,0.0,0.0,SoFi Technologies,SOFI,Meme/Speculative
2022-01-31 00:00:00+00:00,16.100000381469727,16.469999313354492,10.510000228881836,12.479999542236328,1491468900,0.0,0.0,SoFi Technologies,SOFI,Meme/Speculative
2022-02-28 00:00:00+00:00,12.682000160217283,13.550000190734863,8.819999694824219,11.449999809265137,1130402900,0.0,0.0,SoFi Technologies,SOFI,Meme/Speculative
2022-03-31 00:00:00+00:00,11.960000038146973,13.0,7.735000133514404,9.449999809265137,1422357000,0.0,0.0,SoFi Technologies,SOFI,Meme/Speculative
2022-04-30 00:00:00+00:00,9.470000267028809,10.095000267028809,6.019999980926514,6.119999885559082,961674500,0.0,0.0,SoFi Technologies,SOFI,Meme/Speculative
2022-05-31 00:00:00+00:00,6.105000019073486,8.039999961853027,4.820000171661377,7.480000019073486,1166131900,0.0,0.0,SoFi Technologies,SOFI,Meme/Speculative
2022-06-30 00:00:00+00:00,7.494999885559082,7.619999885559082,5.230000019073486,5.269999980926514,802132000,0.0,0.0,SoFi Technologies,SOFI,Meme/Speculative
2022-07-31 00:00:00+00:00,5.260000228881836,7.150000095367432,5.139999866485596,6.309999942779541,430883400,0.0,0.0,SoFi Technologies,SOFI,Meme/Speculative
2022-08-31 00:00:00+00:00,6.269999980926514,8.520000457763672,5.809999942779541,5.920000076293945,1305653200,0.0,0.0,SoFi Technologies,SOFI,Meme/Speculative
2022-09-30 00:00:00+00:00,5.815000057220459,6.650000095367432,4.789999961853027,4.880000114440918,824309700,0.0,0.0,SoFi Technologies,SOFI,Meme/Speculative
2022-10-31 00:00:00+00:00,4.940000057220459,5.769999980926514,4.769999980926514,5.440000057220459,724431700,0.0,0.0,SoFi Technologies,SOFI,Meme/Speculative
2022-11-30 00:00:00+00:00,6.460000038146973,6.46999979019165,4.409999847412109,4.829999923706055,1283901200,0.0,0.0,SoFi Technologies,SOFI,Meme/Speculative
2022-12-31 00:00:00+00:00,4.860000133514404,4.920000076293945,4.239999771118164,4.610000133514404,637796600,0.0,0.0,SoFi Technologies,SOFI,Meme/Speculative
2023-01-31 00:00:00+00:00,4.650000095367432,7.005000114440918,4.429999828338623,6.929999828338623,908411000,0.0,0.0,SoFi Technologies,SOFI,Meme/Speculative
2023-02-28 00:00:00+00:00,6.929999828338623,8.239999771118164,6.309999942779541,6.599999904632568,704020100,0.0,0.0,SoFi Technologies,SOFI,Meme/Speculative
2023-03-31 00:00:00+00:00,6.579999923706055,6.96999979019165,5.099999904632568,6.070000171661377,753995100,0.0,0.0,SoFi Technologies,SOFI,Meme/Speculative
2023-04-30 00:00:00+00:00,6.139999866485596,6.300000190734863,5.579999923706055,6.230000019073486,495521400,0.0,0.0,SoFi Technologies,SOFI,Meme/Speculative
2023-05-31 00:00:00+00:00,6.519999980926514,7.019999980926514,4.449999809265137,6.940000057220459,1210094300,0.0,0.0,SoFi Technologies,SOFI,Meme/Speculative
2023-06-30 00:00:00+00:00,6.710000038146973,10.229999542236328,6.630000114440918,8.34000015258789,1501087600,0.0,0.0,SoFi Technologies,SOFI,Meme/Speculative
2023-07-31 00:00:00+00:00,8.359999656677246,11.699999809265137,7.855000019073486,11.449999809265137,952814700,0.0,0.0,SoFi Technologies,SOFI,Meme/Speculative
2023-08-31 00:00:00+00:00,11.0600004196167,11.100000381469728,7.889999866485596,8.65999984741211,743736200,0.0,0.0,SoFi Technologies,SOFI,Meme/Speculative
2023-09-30 00:00:00+00:00,8.770000457763672,9.187999725341797,7.369999885559082,7.989999771118164,467597500,0.0,0.0,SoFi Technologies,SOFI,Meme/Speculative
2023-10-31 00:00:00+00:00,8.079999923706055,8.725000381469727,6.679999828338623,7.550000190734863,707038600,0.0,0.0,SoFi Technologies,SOFI,Meme/Speculative
2023-11-30 00:00:00+00:00,7.639999866485596,8.479999542236328,6.409999847412109,7.289999961853027,876015700,0.0,0.0,SoFi Technologies,SOFI,Meme/Speculative
2023-12-31 00:00:00+00:00,7.260000228881836,10.489999771118164,7.170000076293945,9.949999809265137,914869900,0.0,0.0,SoFi Technologies,SOFI,Meme/Speculative
2024-01-31 00:00:00+00:00,9.710000038146973,9.8149995803833,7.210000038146973,7.829999923706055,1351868200,0.0,0.0,SoFi Technologies,SOFI,Meme/Speculative
2024-02-29 00:00:00+00:00,7.929999828338623,9.18000030517578,7.449999809265137,8.979999542236328,908425700,0.0,0.0,SoFi Technologies,SOFI,Meme/Speculative
2024-03-31 00:00:00+00:00,8.989999771118164,9.130000114440918,6.815000057220459,7.300000190734863,1184237200,0.0,0.0,SoFi Technologies,SOFI,Meme/Speculative
2024-04-30 00:00:00+00:00,7.309999942779541,7.940000057220459,6.610000133514404,6.78000020980835,1057837500,0.0,0.0,SoFi Technologies,SOFI,Meme/Speculative
2024-05-31 00:00:00+00:00,6.699999809265137,7.639999866485596,6.650000095367432,6.900000095367432,819126800,0.0,0.0,SoFi Technologies,SOFI,Meme/Speculative
2024-06-30 00:00:00+00:00,6.96999979019165,7.427999973297119,6.199999809265137,6.610000133514404,626900700,0.0,0.0,SoFi Technologies,SOFI,Meme/Speculative
2024-07-31 00:00:00+00:00,6.599999904632568,8.0600004196167,6.150000095367432,7.539999961853027,932829300,0.0,0.0,SoFi Technologies,SOFI,Meme/Speculative
2024-08-31 00:00:00+00:00,7.570000171661377,8.300000190734863,6.010000228881836,7.989999771118164,869537800,0.0,0.0,SoFi Technologies,SOFI,Meme/Speculative
2024-09-30 00:00:00+00:00,7.889999866485596,8.529999732971191,6.75,7.860000133514404,826595500,0.0,0.0,SoFi Technologies,SOFI,Meme/Speculative
2024-10-31 00:00:00+00:00,7.880000114440918,11.5,7.570000171661377,11.170000076293944,1330172900,0.0,0.0,SoFi Technologies,SOFI,Meme/Speculative
2024-11-30 00:00:00+00:00,11.210000038146973,16.610000610351562,10.630999565124512,16.40999984741211,1066414400,0.0,0.0,SoFi Technologies,SOFI,Meme/Speculative
2024-12-31 00:00:00+00:00,16.489999771118164,17.190000534057617,14.579999923706056,15.399999618530272,952791400,0.0,0.0,SoFi Technologies,SOFI,Meme/Speculative
2025-01-31 00:00:00+00:00,15.0,18.420000076293945,13.600000381469728,15.779999732971191,942926000,0.0,0.0,SoFi Technologies,SOFI,Meme/Speculative
2025-02-28 00:00:00+00:00,14.979999542236328,17.110000610351562,13.420000076293944,14.470000267028809,815318600,0.0,0.0,SoFi Technologies,SOFI,Meme/Speculative
2025-03-31 00:00:00+00:00,14.649999618530272,14.904999732971191,10.850000381469728,11.630000114440918,1062124700,0.0,0.0,SoFi Technologies,SOFI,Meme/Speculative
2025-04-30 00:00:00+00:00,11.59000015258789,14.505000114440918,8.600000381469727,12.510000228881836,1440949900,0.0,0.0,SoFi Technologies,SOFI,Meme/Speculative
2025-05-31 00:00:00+00:00,12.84000015258789,14.779999732971191,12.43000030517578,13.300000190734863,1215287600,0.0,0.0,SoFi Technologies,SOFI,Meme/Speculative
2025-06-30 00:00:00+00:00,13.279999732971191,18.920000076293945,13.09000015258789,18.209999084472656,1469609400,0.0,0.0,SoFi Technologies,SOFI,Meme/Speculative
2025-07-31 00:00:00+00:00,18.0,25.11000061035156,17.350000381469727,22.57999992370605,1785156300,0.0,0.0,SoFi Technologies,SOFI,Meme/Speculative
2025-08-31 00:00:00+00:00,21.700000762939453,26.604999542236328,20.600000381469727,25.540000915527344,1382094400,0.0,0.0,SoFi Technologies,SOFI,Meme/Speculative
2025-09-30 00:00:00+00:00,24.5,30.299999237060547,23.700000762939453,26.420000076293945,1285381700,0.0,0.0,SoFi Technologies,SOFI,Meme/Speculative
2025-10-31 00:00:00+00:00,26.729999542236328,32.564998626708984,24.84000015258789,29.68000030517578,1834089300,0.0,0.0,SoFi Technologies,SOFI,Meme/Speculative
2025-11-30 00:00:00+00:00,29.65999984741211,32.72999954223633,23.520000457763672,29.71999931335449,1450040100,0.0,0.0,SoFi Technologies,SOFI,Meme/Speculative
2025-12-31 00:00:00+00:00,28.82999992370605,30.420000076293945,25.170000076293945,26.18000030517578,1066380800,0.0,0.0,SoFi Technologies,SOFI,Meme/Speculative
2026-01-31 00:00:00+00:00,26.65999984741211,29.86000061035156,25.790000915527344,27.71999931335449,342929400,0.0,0.0,SoFi Technologies,SOFI,Meme/Speculative
2016-01-31 00:00:00+00:00,504.3849479477405,522.9476091844258,454.5851170117493,470.0540466308594,138607829,0.0,0.0,Standard Chartered,STAN.L,Banking
2016-02-29 00:00:00+00:00,471.5011491049364,474.19570818261,372.6500549873104,429.58544921875,255787919,0.0,0.0,Standard Chartered,STAN.L,Banking
2016-03-31 00:00:00+00:00,429.7850207927543,504.4846968462594,424.79606849626856,452.93841552734375,265422817,0.0,0.0,Standard Chartered,STAN.L,Banking
2016-04-30 00:00:00+00:00,450.1440677953486,596.7988027539095,424.79508610799127,550.990966796875,240986779,0.0,0.0,Standard Chartered,STAN.L,Banking
2016-05-31 00:00:00+00:00,551.789631671889,557.5777628751272,475.79243437697886,521.2509155273438,180546002,0.0,0.0,Standard Chartered,STAN.L,Banking
2016-06-30 00:00:00+00:00,521.650205529122,588.1163703530358,470.3932926630805,580.4318237304688,240175439,0.0,0.0,Standard Chartered,STAN.L,Banking
2016-07-31 00:00:00+00:00,579.7332219413736,633.125823745434,549.3942311966946,597.6972045898438,163280828,0.0,0.0,Standard Chartered,STAN.L,Banking
2016-08-31 00:00:00+00:00,601.7888196963853,670.8498760225998,576.9388092443954,641.6087036132812,188563658,0.0,0.0,Standard Chartered,STAN.L,Banking
2016-09-30 00:00:00+00:00,645.0019458702593,663.9637858872835,597.8966066262709,627.0380859375,152756698,0.0,0.0,Standard Chartered,STAN.L,Banking
2016-10-31 00:00:00+00:00,627.0379134672003,717.8551924897338,623.8443291661489,710.4700927734375,165690412,0.0,0.0,Standard Chartered,STAN.L,Banking
2016-11-30 00:00:00+00:00,714.5618789799651,717.555853333233,608.3755556790898,639.8123168945312,200575091,0.0,0.0,Standard Chartered,STAN.L,Banking
2016-12-31 00:00:00+00:00,636.7185004131611,703.4841369851335,632.5898495812385,662.2672119140625,167390034,0.0,0.0,Standard Chartered,STAN.L,Banking
2017-01-31 00:00:00+00:00,668.6542774362173,794.8005420037795,664.7620863816372,772.5452270507812,189749542,0.0,0.0,Standard Chartered,STAN.L,Banking
2017-02-28 00:00:00+00:00,778.7327093494024,819.9498092921406,708.8733951550062,720.9490356445312,149638867,0.0,0.0,Standard Chartered,STAN.L,Banking
2017-03-31 00:00:00+00:00,727.5358086779028,770.4493912163131,705.1807556390146,761.4674682617188,171468803,0.0,0.0,Standard Chartered,STAN.L,Banking
2017-04-30 00:00:00+00:00,761.4675459437802,770.1500322468237,677.4367444526436,719.7513427734375,218714319,0.0,0.0,Standard Chartered,STAN.L,Banking
2017-05-31 00:00:00+00:00,713.5639994504253,768.8526471491921,700.4901962332194,743.3041381835938,176393347,0.0,0.0,Standard Chartered,STAN.L,Banking
2017-06-30 00:00:00+00:00,748.4937424627726,790.4092991400744,732.5258499992071,775.638916015625,78013477,0.0,0.0,Standard Chartered,STAN.L,Banking
2017-07-31 00:00:00+00:00,780.5291344354039,854.2808553375214,775.8386230754925,844.5005493164062,136366152,0.0,0.0,Standard Chartered,STAN.L,Banking
2017-08-31 00:00:00+00:00,851.3864767927231,858.2726421236242,744.6014046325046,772.3455810546875,143628927,0.0,0.0,Standard Chartered,STAN.L,Banking
2017-09-30 00:00:00+00:00,761.6670943642988,766.5771952913991,713.4642238339827,740.1104736328125,127790480,0.0,0.0,Standard Chartered,STAN.L,Banking
2017-10-31 00:00:00+00:00,738.7133543526903,783.3235074255291,736.218375488295,748.8929443359375,155401678,0.0,0.0,Standard Chartered,STAN.L,Banking
2017-11-30 00:00:00+00:00,752.7851474352392,763.4636710958277,695.999454720889,736.9168701171875,169919859,0.0,0.0,Standard Chartered,STAN.L,Banking
2017-12-31 00:00:00+00:00,735.5199011414562,779.0321378381163,721.4482421875,778.5331420898438,118771883,0.0,0.0,Standard Chartered,STAN.L,Banking
2018-01-31 00:00:00+00:00,777.8346593866509,855.6779271591387,765.459384027708,817.9537963867188,180430425,0.0,0.0,Standard Chartered,STAN.L,Banking
2018-02-28 00:00:00+00:00,822.1454723199946,862.4643415785589,774.0421993259408,809.1714477539062,156467141,0.0,0.0,Standard Chartered,STAN.L,Banking
2018-03-31 00:00:00+00:00,806.8760849810026,807.9738512077879,700.9601004215857,711.34033203125,211837044,7.8805,0.0,Standard Chartered,STAN.L,Banking
2018-04-30 00:00:00+00:00,705.2517530040138,773.0223116520331,687.2861555327738,767.8322143554688,182215868,0.0,0.0,Standard Chartered,STAN.L,Banking
2018-05-31 00:00:00+00:00,775.5176008743402,785.7979501231061,727.6091161770685,750.9644775390625,275073361,0.0,0.0,Standard Chartered,STAN.L,Banking
2018-06-30 00:00:00+00:00,756.3542616371293,758.3504460494304,679.201652751754,691.2786254882812,195626637,0.0,0.0,Standard Chartered,STAN.L,Banking
2018-07-31 00:00:00+00:00,684.9906926546802,704.5531594785721,662.9327044944135,681.2975463867188,187760768,0.0,0.0,Standard Chartered,STAN.L,Banking
2018-08-31 00:00:00+00:00,679.6009560096473,696.2690349263258,625.2461014269735,625.9447631835938,161344090,4.5975,0.0,Standard Chartered,STAN.L,Banking
2018-09-30 00:00:00+00:00,627.0428946696852,647.3054765422891,595.3015287560605,614.3662109375,181146089,0.0,0.0,Standard Chartered,STAN.L,Banking
2018-10-31 00:00:00+00:00,614.5658873195073,628.9393627616925,513.2529578287993,548.48779296875,228327911,0.0,0.0,Standard Chartered,STAN.L,Banking
2018-11-30 00:00:00+00:00,545.7927753666493,620.4549583612686,542.8981537566098,608.2775268554688,178156104,0.0,0.0,Standard Chartered,STAN.L,Banking
2018-12-31 00:00:00+00:00,620.155584108672,641.4163383832364,574.6396522460633,608.1776733398438,129611609,0.0,0.0,Standard Chartered,STAN.L,Banking
2019-01-31 00:00:00+00:00,594.9020927287444,638.1224807053055,581.6266310231749,612.7691040039062,116062119,0.0,0.0,Standard Chartered,STAN.L,Banking
2019-02-28 00:00:00+00:00,614.0667235527397,639.8191624228009,593.3051390684592,600.4917602539062,109640171,0.0,0.0,Standard Chartered,STAN.L,Banking
2019-03-31 00:00:00+00:00,616.5621855233942,639.9190404943828,572.8791478110702,610.6184692382812,174629741,11.18805,0.0,Standard Chartered,STAN.L,Banking
2019-04-30 00:00:00+00:00,614.0131060605037,713.8526055926636,608.0227342940598,710.0587158203125,156230804,0.0,0.0,Standard Chartered,STAN.L,Banking
2019-05-31 00:00:00+00:00,708.2616377973753,719.6433074558211,660.3387311950498,685.8975830078125,178942063,0.0,0.0,Standard Chartered,STAN.L,Banking
2019-06-30 00:00:00+00:00,679.9071488401963,721.6400666740154,667.1277379618796,712.2551879882812,193444011,0.0,0.0,Standard Chartered,STAN.L,Banking
2019-07-31 00:00:00+00:00,711.6561211525641,741.4083027070169,675.7138671875,698.0779418945312,196241643,0.0,0.0,Standard Chartered,STAN.L,Banking
2019-08-31 00:00:00+00:00,684.8992130402895,685.4982258779746,597.5063400367454,621.0712280273438,148409393,5.22109,0.0,Standard Chartered,STAN.L,Banking
2019-09-30 00:00:00+00:00,616.078627729775,705.5448235607302,616.078627729775,665.8042602539062,190180161,0.0,0.0,Standard Chartered,STAN.L,Banking
2019-10-31 00:00:00+00:00,665.0055588928963,718.5254293808555,626.463107089512,699.9531860351562,171766261,0.0,0.0,Standard Chartered,STAN.L,Banking
2019-11-30 00:00:00+00:00,694.760959079373,739.6937402669803,669.8982575392697,696.358642578125,138697745,0.0,0.0,Standard Chartered,STAN.L,Banking
2019-12-31 00:00:00+00:00,697.1574794602187,738.2959244776129,669.9980272629766,711.3362426757812,124487586,0.0,0.0,Standard Chartered,STAN.L,Banking
2020-01-31 00:00:00+00:00,711.3362387398569,722.9188927544488,628.4601528861112,630.0577392578125,107716833,0.0,0.0,Standard Chartered,STAN.L,Banking
2020-02-29 00:00:00+00:00,630.4572404542652,650.826652269372,543.1875680082034,561.759765625,147278578,0.0,0.0,Standard Chartered,STAN.L,Banking
2020-03-31 00:00:00+00:00,570.1472758072575,575.9386019716646,400.2015048524331,412.7826843261719,384166606,0.0,0.0,Standard Chartered,STAN.L,Banking
2020-04-30 00:00:00+00:00,413.68136723945247,459.1133402800069,375.4385498582418,407.8900146484375,198135201,0.0,0.0,Standard Chartered,STAN.L,Banking
2020-05-31 00:00:00+00:00,399.5025472868779,424.0658332425944,367.8498840332031,399.7022705078125,167665345,0.0,0.0,Standard Chartered,STAN.L,Banking
2020-06-30 00:00:00+00:00,399.20291919031,468.00013712362914,395.40860636850425,430.3564453125,183401950,0.0,0.0,Standard Chartered,STAN.L,Banking
2020-07-31 00:00:00+00:00,434.5500959499584,460.5113401545232,385.2239074707031,385.2239074707031,119077963,0.0,0.0,Standard Chartered,STAN.L,Banking
2020-08-31 00:00:00+00:00,384.6248450859755,442.6380351093367,368.2493086120183,376.936279296875,134445699,0.0,0.0,Standard Chartered,STAN.L,Banking
2020-09-30 00:00:00+00:00,377.8349607316472,391.41465731534095,333.750878105286,356.0675354003906,140518528,0.0,0.0,Standard Chartered,STAN.L,Banking
2020-10-31 00:00:00+00:00,352.87228536026083,403.6962821871938,344.4848327636719,351.2746887207031,156011851,0.0,0.0,Standard Chartered,STAN.L,Banking
2020-11-30 00:00:00+00:00,356.0675180838145,481.7794885655624,346.0824321223789,451.5247497558594,211959820,0.0,0.0,Standard Chartered,STAN.L,Banking
2020-12-31 00:00:00+00:00,454.3205160996704,494.7611065739425,444.33550797232925,465.2042846679688,147952457,0.0,0.0,Standard Chartered,STAN.L,Banking
2021-01-31 00:00:00+00:00,468.0001117100903,519.0238077515319,434.7498313723093,443.33697509765625,144812253,0.0,0.0,Standard Chartered,STAN.L,Banking
2021-02-28 00:00:00+00:00,446.1328758078466,509.4381363965453,439.9420657406755,461.4100036621094,144650701,0.0,0.0,Standard Chartered,STAN.L,Banking
2021-03-31 00:00:00+00:00,466.30269723445815,514.0644217610136,465.004650523038,489.556640625,231292269,6.71283,0.0,Standard Chartered,STAN.L,Banking
2021-04-30 00:00:00+00:00,491.653912774871,532.5002175059836,469.5828836423525,518.91796875,112187736,0.0,0.0,Standard Chartered,STAN.L,Banking
2021-05-31 00:00:00+00:00,519.7170635363769,525.3097596076519,491.5540539843955,501.74066162109375,124988687,0.0,0.0,Standard Chartered,STAN.L,Banking
2021-06-30 00:00:00+00:00,501.9404055554954,507.71281879894656,452.705022196542,466.9862976074219,128763066,0.0,0.0,Standard Chartered,STAN.L,Banking
2021-07-31 00:00:00+00:00,465.08881680577633,465.9876295295824,413.7562571686012,431.43304443359375,123718784,0.0,0.0,Standard Chartered,STAN.L,Banking
2021-08-31 00:00:00+00:00,436.4265167207951,467.7154828871551,434.5290162218627,457.6281127929688,151368370,2.2376099,0.0,Standard Chartered,STAN.L,Banking
2021-09-30 00:00:00+00:00,455.8303241297934,482.7057056842012,408.588374357298,431.7604064941406,176764787,0.0,0.0,Standard Chartered,STAN.L,Banking
2021-10-31 00:00:00+00:00,431.56066708085126,497.4792844527603,427.1661651731989,494.2822570800781,155187684,0.0,0.0,Standard Chartered,STAN.L,Banking
2021-11-30 00:00:00+00:00,493.6829647974211,509.5631415866899,405.6929934716585,415.6805114746094,159139605,0.0,0.0,Standard Chartered,STAN.L,Banking
2021-12-31 00:00:00+00:00,420.07501548879,447.8403015136719,413.4832458496094,447.8403015136719,117675914,0.0,0.0,Standard Chartered,STAN.L,Banking
2022-01-31 00:00:00+00:00,453.0338222901283,556.7042196621115,451.63557586690746,536.1299438476562,140303437,0.0,0.0,Standard Chartered,STAN.L,Banking
2022-02-28 00:00:00+00:00,539.3260147849658,589.2645178922824,514.2378540039062,532.21826171875,188241686,6.71283,0.0,Standard Chartered,STAN.L,Banking
2022-03-31 00:00:00+00:00,532.4180518976565,544.2051560499052,430.82911072336447,509.243408203125,238518785,0.0,0.0,Standard Chartered,STAN.L,Banking
2022-04-30 00:00:00+00:00,509.0435932590589,560.9867266138923,478.0774339810232,551.197509765625,185210597,0.0,0.0,Standard Chartered,STAN.L,Banking
2022-05-31 00:00:00+00:00,548.0009334979072,639.5010145765627,543.6059010262572,632.1090698242188,215271427,0.0,0.0,Standard Chartered,STAN.L,Banking
2022-06-30 00:00:00+00:00,630.3109913742301,640.3001138698527,573.9726402930793,612.3306884765625,173052422,0.0,0.0,Standard Chartered,STAN.L,Banking
2022-07-31 00:00:00+00:00,614.5283361287056,627.7139365472825,541.408252516434,567.5797119140625,151620255,0.0,0.0,Standard Chartered,STAN.L,Banking
2022-08-31 00:00:00+00:00,560.3874845684699,623.1188648272396,560.3874845684699,582.8017578125,165690471,2.98348,0.0,Standard Chartered,STAN.L,Banking
2022-09-30 00:00:00+00:00,587.1971845840139,628.3549656506954,550.8345780491574,566.2186889648438,194108944,0.0,0.0,Standard Chartered,STAN.L,Banking
2022-10-31 00:00:00+00:00,557.2278994710539,591.1930658906948,515.0711800075752,519.66650390625,147350663,0.0,0.0,Standard Chartered,STAN.L,Banking
2022-11-30 00:00:00+00:00,528.8571067491605,617.3662059801006,521.2648712162794,616.766845703125,144080513,0.0,0.0,Standard Chartered,STAN.L,Banking
2022-12-31 00:00:00+00:00,612.1715428977723,632.1509708527124,580.8037748227329,621.76171875,115217593,0.0,0.0,Standard Chartered,STAN.L,Banking
2023-01-31 00:00:00+00:00,624.1592260653965,796.5822647340763,624.1592260653965,678.5034790039062,141251230,0.0,0.0,Standard Chartered,STAN.L,Banking
2023-02-28 00:00:00+00:00,689.4921846535401,798.726574724966,665.3168974204881,783.5393676757812,200130610,10.44218,0.0,Standard Chartered,STAN.L,Banking
2023-03-31 00:00:00+00:00,786.536797409021,793.9305263301763,578.3124157122965,613.6826171875,258130529,0.0,0.0,Standard Chartered,STAN.L,Banking
2023-04-30 00:00:00+00:00,615.6808994931272,658.8445266369115,606.488637761932,627.87060546875,133375056,0.0,0.0,Standard Chartered,STAN.L,Banking
2023-05-31 00:00:00+00:00,626.271998334965,666.0384441426124,592.100772164219,641.0594482421875,156251209,0.0,0.0,Standard Chartered,STAN.L,Banking
2023-06-30 00:00:00+00:00,644.456678643284,691.6169503001798,643.8572084519967,682.4246215820312,147487610,0.0,0.0,Standard Chartered,STAN.L,Banking
2023-07-31 00:00:00+00:00,687.8201368915055,756.5621636794574,655.8471001476858,743.77294921875,127986411,0.0,0.0,Standard Chartered,STAN.L,Banking
2023-08-31 00:00:00+00:00,735.1801096125301,760.2196357223964,709.258574780203,719.0510864257812,171928981,4.4752197,0.0,Standard Chartered,STAN.L,Banking
2023-09-30 00:00:00+00:00,720.8497329943065,764.2165850525092,693.270720715957,757.4217529296875,140017811,0.0,0.0,Standard Chartered,STAN.L,Banking
2023-10-31 00:00:00+00:00,758.4210211300023,766.0151993176831,587.3115844739611,629.5194091796875,170565315,0.0,0.0,Standard Chartered,STAN.L,Banking
2023-11-30 00:00:00+00:00,632.7169821074658,677.0830389266571,608.1357703156385,652.7017211914062,197848946,0.0,0.0,Standard Chartered,STAN.L,Banking
2023-12-31 00:00:00+00:00,655.0998844539852,674.4851092384522,633.5163871847177,666.0914306640625,105648577,0.0,0.0,Standard Chartered,STAN.L,Banking
2024-01-31 00:00:00+00:00,662.6941536286315,668.2898578098091,570.5643918775476,598.3432006835938,151940630,0.0,0.0,Standard Chartered,STAN.L,Banking
2024-02-29 00:00:00+00:00,594.1464533538621,669.2890934104746,571.5636586421944,667.0907592773438,173812988,0.0,0.0,Standard Chartered,STAN.L,Banking
2024-03-31 00:00:00+00:00,662.6941479366234,714.2547972493289,643.7082486009527,671.0958862304688,330186496,15.663269,0.0,Standard Chartered,STAN.L,Banking
2024-04-30 00:00:00+00:00,676.8932732760195,712.6770240370705,634.9122314453125,694.6851806640625,225402488,0.0,0.0,Standard Chartered,STAN.L,Banking
2024-05-31 00:00:00+00:00,741.663873743128,795.6394224977391,728.6657362521464,777.0477905273438,205484780,0.0,0.0,Standard Chartered,STAN.L,Banking
2024-06-30 00:00:00+00:00,784.2445150182082,788.2427028307048,711.6774626635853,731.8683471679688,224156060,0.0,0.0,Standard Chartered,STAN.L,Banking
2024-07-31 00:00:00+00:00,729.6693651983796,792.6407786755642,698.1545516087705,721.0732421875,137702020,0.0,0.0,Standard Chartered,STAN.L,Banking
2024-08-31 00:00:00+00:00,721.0732126244396,783.1450031679861,664.5029424022989,779.146240234375,215971090,6.71283,0.0,Standard Chartered,STAN.L,Banking
2024-09-30 00:00:00+00:00,777.9466385351446,811.5356154392621,742.3581833901106,778.9462890625,141297190,0.0,0.0,Standard Chartered,STAN.L,Banking
2024-10-31 00:00:00+00:00,781.1456104686739,918.10101212628,779.9459889704098,900.1068725585938,145054967,0.0,0.0,Standard Chartered,STAN.L,Banking
2024-11-30 00:00:00+00:00,900.1068412476751,987.0785723253168,899.7069470873012,972.0834350585938,139536463,0.0,0.0,Standard Chartered,STAN.L,Banking
2024-12-31 00:00:00+00:00,967.6848313777384,1009.6711286233698,960.8870008640804,988.278076171875,100198497,0.0,0.0,Standard Chartered,STAN.L,Banking
2025-01-31 00:00:00+00:00,986.6786090056908,1096.6429036458333,967.0850156443146,1091.64453125,114877022,0.0,0.0,Standard Chartered,STAN.L,Banking
2025-02-28 00:00:00+00:00,1069.1518145298353,1272.0856523325915,1057.155721239178,1268.5867919921875,124506091,0.0,0.0,Standard Chartered,STAN.L,Banking
2025-03-31 00:00:00+00:00,1263.5885011209105,1280.582966721429,1114.6370442708333,1146.3970947265625,179809968,20.88436,0.0,Standard Chartered,STAN.L,Banking
2025-04-30 00:00:00+00:00,1141.897548425637,1152.3966064453125,872.721668769521,1096.901611328125,163079257,0.0,0.0,Standard Chartered,STAN.L,Banking
2025-05-31 00:00:00+00:00,1129.8986053814697,1175.3945302954971,1038.4068010085855,1157.8961181640625,130319183,0.0,0.0,Standard Chartered,STAN.L,Banking
2025-06-30 00:00:00+00:00,1144.897346463149,1231.3895258109433,1115.8998637671868,1181.8939208984375,110822516,0.0,0.0,Standard Chartered,STAN.L,Banking
2025-07-31 00:00:00+00:00,1205.8918230994057,1392.8750136381386,1184.8937067767793,1354.87841796875,139794429,0.0,0.0,Standard Chartered,STAN.L,Banking
2025-08-31 00:00:00+00:00,1355.3783638243,1433.0,1285.0,1377.0,111877015,9.174201,0.0,Standard Chartered,STAN.L,Banking
2025-09-30 00:00:00+00:00,1380.5,1472.0,1354.5,1467.0,90985931,0.0,0.0,Standard Chartered,STAN.L,Banking
2025-10-31 00:00:00+00:00,1475.0,1581.0,1351.5,1559.5,122276890,0.0,0.0,Standard Chartered,STAN.L,Banking
2025-11-30 00:00:00+00:00,1582.0,1683.0,1525.5,1673.5,93823314,0.0,0.0,Standard Chartered,STAN.L,Banking
2025-12-31 00:00:00+00:00,1675.5,1835.0,1621.0,1822.0,103034366,0.0,0.0,Standard Chartered,STAN.L,Banking
2026-01-31 00:00:00+00:00,1825.0,1875.5,1781.5,1793.5,26651406,0.0,0.0,Standard Chartered,STAN.L,Banking
2016-01-31 00:00:00+00:00,16.305547626378733,17.252926914507917,15.7509965556562,17.21441650390625,146894700,0.0,0.0,Taiwan Semiconductor,TSM,Semiconductors
2016-02-29 00:00:00+00:00,17.08347461424693,18.631618815140964,16.78308832025703,18.13866806030273,175486100,0.0,0.0,Taiwan Semiconductor,TSM,Semiconductors
2016-03-31 00:00:00+00:00,18.60080826526016,20.503250934370648,18.477573212208647,20.179759979248047,149648500,0.0,0.0,Taiwan Semiconductor,TSM,Semiconductors
2016-04-30 00:00:00+00:00,19.93328902530596,20.187461516452476,18.038547668173685,18.16948509216309,173364600,0.0,0.0,Taiwan Semiconductor,TSM,Semiconductors
2016-05-31 00:00:00+00:00,18.161781097260832,19.263194960736595,17.522499122860218,19.039831161499023,137199800,0.0,0.0,Taiwan Semiconductor,TSM,Semiconductors
2016-06-30 00:00:00+00:00,19.03983439822822,21.112993728687496,19.03983439822822,20.961158752441406,163807600,0.929,0.0,Taiwan Semiconductor,TSM,Semiconductors
2016-07-31 00:00:00+00:00,21.280803170009587,22.76718619009945,20.57757310998706,22.19981002807617,139279200,0.0,0.0,Taiwan Semiconductor,TSM,Semiconductors
2016-08-31 00:00:00+00:00,22.6553075722348,23.534350533102643,22.30369291549497,22.96697235107422,130642900,0.0,0.0,Taiwan Semiconductor,TSM,Semiconductors
2016-09-30 00:00:00+00:00,22.927012804789012,24.73304708280292,22.535438825177184,24.44536018371582,139845000,0.0,0.0,Taiwan Semiconductor,TSM,Semiconductors
2016-10-31 00:00:00+00:00,24.48531366381514,25.268460912501546,23.59029079321516,24.8529109954834,136799800,0.0,0.0,Taiwan Semiconductor,TSM,Semiconductors
2016-11-30 00:00:00+00:00,24.868894512757816,25.172564962748275,22.982953301513525,23.72613906860352,136398100,0.0,0.0,Taiwan Semiconductor,TSM,Semiconductors
2016-12-31 00:00:00+00:00,23.574309235803213,24.485311767078173,22.647319570841265,22.97495651245117,112745500,0.0,0.0,Taiwan Semiconductor,TSM,Semiconductors
2017-01-31 00:00:00+00:00,23.3745284908499,25.132610614837137,23.15876111311807,24.701078414916992,147862300,0.0,0.0,Taiwan Semiconductor,TSM,Semiconductors
2017-02-28 00:00:00+00:00,24.96479559117515,25.963705781232186,24.10971730994178,25.148591995239254,121224500,0.0,0.0,Taiwan Semiconductor,TSM,Semiconductors
2017-03-31 00:00:00+00:00,25.10863544240673,26.79479626358999,24.40540001820805,26.24339866638184,131397500,0.0,0.0,Taiwan Semiconductor,TSM,Semiconductors
2017-04-30 00:00:00+00:00,26.32331155835802,26.63497324608539,25.164569480995063,26.427194595336918,100788700,0.0,0.0,Taiwan Semiconductor,TSM,Semiconductors
2017-05-31 00:00:00+00:00,26.49911803430756,28.61680659755209,26.48313508818396,28.257200241088867,142700200,0.0,0.0,Taiwan Semiconductor,TSM,Semiconductors
2017-06-30 00:00:00+00:00,28.528910732909623,30.135092755590613,27.977500244808173,28.84783363342285,149609800,1.159,0.0,Taiwan Semiconductor,TSM,Semiconductors
2017-07-31 00:00:00+00:00,28.913850698094805,30.209358043995092,28.31147732705079,29.672990798950195,136585200,0.0,0.0,Taiwan Semiconductor,TSM,Semiconductors
2017-08-31 00:00:00+00:00,29.66475492909625,30.597195505169125,29.161401748657227,30.50641822814941,88241100,0.0,0.0,Taiwan Semiconductor,TSM,Semiconductors
2017-09-30 00:00:00+00:00,30.53116224249257,31.71116203632241,30.242359778343435,30.985008239746094,114880900,0.0,0.0,Taiwan Semiconductor,TSM,Semiconductors
2017-10-31 00:00:00+00:00,31.2160602949785,35.201623537055355,31.166549155782725,34.9293098449707,101599200,0.0,0.0,Taiwan Semiconductor,TSM,Semiconductors
2017-11-30 00:00:00+00:00,35.05307759377753,35.49868436135427,32.32178700899283,32.67660903930664,96480600,0.0,0.0,Taiwan Semiconductor,TSM,Semiconductors
2017-12-31 00:00:00+00:00,32.96540879206253,33.188209816011025,31.78543669408313,32.717864990234375,107389300,0.0,0.0,Taiwan Semiconductor,TSM,Semiconductors
2018-01-31 00:00:00+00:00,33.42750606001472,38.42802752161566,33.353240921266625,37.3883171081543,148135700,0.0,0.0,Taiwan Semiconductor,TSM,Semiconductors
2018-02-28 00:00:00+00:00,37.40482223988141,37.89992118896913,32.973661994033385,35.77098083496094,158668500,0.0,0.0,Taiwan Semiconductor,TSM,Semiconductors
2018-03-31 00:00:00+00:00,35.770982004090115,37.75138540320009,34.78078425745687,36.10929489135742,134030700,0.0,0.0,Taiwan Semiconductor,TSM,Semiconductors
2018-04-30 00:00:00+00:00,35.76273180997814,36.53838678126306,31.34809302690025,31.72766494750977,187069400,0.0,0.0,Taiwan Semiconductor,TSM,Semiconductors
2018-05-31 00:00:00+00:00,31.63689640867272,33.460514800491985,30.778728867950758,31.93394660949707,153835800,0.0,0.0,Taiwan Semiconductor,TSM,Semiconductors
2018-06-30 00:00:00+00:00,32.17325048036236,33.00667233192618,30.236495371844374,31.27145767211914,177408000,1.345,0.0,Taiwan Semiconductor,TSM,Semiconductors
2018-07-31 00:00:00+00:00,30.97208296235104,35.85610821021614,30.826675684661275,35.24881362915039,166252900,0.0,0.0,Taiwan Semiconductor,TSM,Semiconductors
2018-08-31 00:00:00+00:00,35.44556585803404,38.05435633488803,34.03422867859586,37.29310607910156,147704400,0.0,0.0,Taiwan Semiconductor,TSM,Semiconductors
2018-09-30 00:00:00+00:00,37.00228553887237,38.69586846117471,36.94241154913552,37.772090911865234,151401700,0.0,0.0,Taiwan Semiconductor,TSM,Semiconductors
2018-10-31 00:00:00+00:00,38.10566802943285,38.45635979924565,30.76680286793325,32.58869934082031,212656900,0.0,0.0,Taiwan Semiconductor,TSM,Semiconductors
2018-11-30 00:00:00+00:00,33.170327931271856,33.77762066021039,30.12530460690588,32.1524658203125,200421600,0.0,0.0,Taiwan Semiconductor,TSM,Semiconductors
2018-12-31 00:00:00+00:00,33.20454860151844,33.35851122203577,30.16806381010316,31.57081794738769,181084400,0.0,0.0,Taiwan Semiconductor,TSM,Semiconductors
2019-01-31 00:00:00+00:00,30.963538800959803,32.725550195167656,29.261394001407837,32.178131103515625,239782900,0.0,0.0,Taiwan Semiconductor,TSM,Semiconductors
2019-02-28 00:00:00+00:00,32.28932331514152,34.14543661509547,31.97283630257808,33.40127182006836,133380800,0.0,0.0,Taiwan Semiconductor,TSM,Semiconductors
2019-03-31 00:00:00+00:00,33.6664221132293,35.27449403911799,32.45184438484812,35.03498458862305,128653700,0.0,0.0,Taiwan Semiconductor,TSM,Semiconductors
2019-04-30 00:00:00+00:00,35.13762180176736,39.03799915158826,34.8468039769944,37.48127365112305,180320800,0.0,0.0,Taiwan Semiconductor,TSM,Semiconductors
2019-05-31 00:00:00+00:00,37.88328744601626,38.61033383005975,31.80178510015436,32.80253219604492,221575900,0.0,0.0,Taiwan Semiconductor,TSM,Semiconductors
2019-06-30 00:00:00+00:00,33.32429585924617,35.3881276663459,32.212337493896484,34.5932731628418,167156200,1.276,0.0,Taiwan Semiconductor,TSM,Semiconductors
2019-07-31 00:00:00+00:00,36.686356613969735,39.63609934608454,34.655099126765144,37.64900970458984,145802500,0.0,0.0,Taiwan Semiconductor,TSM,Semiconductors
2019-08-31 00:00:00+00:00,37.754981792495954,38.32020203351081,35.13200251063195,37.64900970458984,134172500,0.0,0.0,Taiwan Semiconductor,TSM,Semiconductors
2019-09-30 00:00:00+00:00,37.22509495945511,41.57601809713464,36.72169538653541,41.34474182128906,127779300,0.322,0.0,Taiwan Semiconductor,TSM,Semiconductors
2019-10-31 00:00:00+00:00,41.77170701973749,46.30825648367642,41.13126218771386,45.925758361816406,194929300,0.0,0.0,Taiwan Semiconductor,TSM,Semiconductors
2019-11-30 00:00:00+00:00,46.15702857076453,48.36302263647968,45.9880215916825,47.22445297241211,107896000,0.0,0.0,Taiwan Semiconductor,TSM,Semiconductors
2019-12-31 00:00:00+00:00,47.63362650446208,53.11305244537938,46.41499495054165,52.04195785522461,132515900,0.41,0.0,Taiwan Semiconductor,TSM,Semiconductors
2020-01-31 00:00:00+00:00,53.38556596396294,54.31712450718636,48.01117477712136,48.31572341918945,181023600,0.0,0.0,Taiwan Semiconductor,TSM,Semiconductors
2020-02-29 00:00:00+00:00,48.68296867764632,53.51992801846153,45.6822638471066,48.22613906860352,162096800,0.0,0.0,Taiwan Semiconductor,TSM,Semiconductors
2020-03-31 00:00:00+00:00,48.70088947796742,51.13727840707208,38.61057245989489,43.21310424804688,275865900,0.417,0.0,Taiwan Semiconductor,TSM,Semiconductors
2020-04-30 00:00:00+00:00,42.34504722906496,49.45228120757704,41.86580349648568,48.041690826416016,187057700,0.0,0.0,Taiwan Semiconductor,TSM,Semiconductors
2020-05-31 00:00:00+00:00,47.453945283598266,48.23158078601729,44.65082699409805,45.50984573364258,194199900,0.0,0.0,Taiwan Semiconductor,TSM,Semiconductors
2020-06-30 00:00:00+00:00,46.03428907020719,52.48145725608205,45.69972537275872,51.71684265136719,168937600,0.42,0.0,Taiwan Semiconductor,TSM,Semiconductors
2020-07-31 00:00:00+00:00,51.89905133902914,75.97648586403486,51.70774098249357,71.867919921875,342293900,0.0,0.0,Taiwan Semiconductor,TSM,Semiconductors
2020-08-31 00:00:00+00:00,70.84762466489701,76.52307534426909,69.2169374975807,72.19589233398438,177390900,0.0,0.0,Taiwan Semiconductor,TSM,Semiconductors
2020-09-30 00:00:00+00:00,72.9884534459902,79.06471328939293,69.74829315357954,74.23518371582031,216135000,0.427,0.0,Taiwan Semiconductor,TSM,Semiconductors
2020-10-31 00:00:00+00:00,75.14171799060081,83.57524066974324,73.81396938394306,76.79914093017578,167495100,0.0,0.0,Taiwan Semiconductor,TSM,Semiconductors
2020-11-30 00:00:00+00:00,77.46759701514483,93.80354563178562,77.40349880890804,88.8404769897461,163153400,0.0,0.0,Taiwan Semiconductor,TSM,Semiconductors
2020-12-31 00:00:00+00:00,90.36968441524506,100.87528901807455,90.21401139908666,100.26840209960938,164426200,0.442,0.0,Taiwan Semiconductor,TSM,Semiconductors
2021-01-31 00:00:00+00:00,102.50292252361982,125.179165959755,101.56497134600372,111.74444580078124,322308600,0.0,0.0,Taiwan Semiconductor,TSM,Semiconductors
2021-02-28 00:00:00+00:00,114.52150884412907,130.76085315458567,112.94906397581784,115.8088836669922,216563100,0.0,0.0,Taiwan Semiconductor,TSM,Semiconductors
2021-03-31 00:00:00+00:00,119.20207240267771,119.81817336106678,99.5847085884942,109.1749038696289,296567600,0.448,0.0,Taiwan Semiconductor,TSM,Semiconductors
2021-04-30 00:00:00+00:00,113.35617678934314,117.5928537013789,105.01207785455416,107.7534408569336,214180200,0.0,0.0,Taiwan Semiconductor,TSM,Semiconductors
2021-05-31 00:00:00+00:00,108.42726601320037,110.22713772779196,99.56624884465847,108.32569885253906,169806000,0.0,0.0,Taiwan Semiconductor,TSM,Semiconductors
2021-06-30 00:00:00+00:00,110.4948215695447,112.60852742143064,103.7841544812871,111.33563995361328,178232100,0.451,0.0,Taiwan Semiconductor,TSM,Semiconductors
2021-07-31 00:00:00+00:00,111.28005064413782,116.54290188700416,103.82122277816524,108.07415008544922,185969600,0.0,0.0,Taiwan Semiconductor,TSM,Semiconductors
2021-08-31 00:00:00+00:00,108.87097578166691,111.92861867240777,99.77214829495544,110.27007293701172,172912800,0.0,0.0,Taiwan Semiconductor,TSM,Semiconductors
2021-09-30 00:00:00+00:00,111.39120605288352,116.07963612334508,103.28936159679638,103.87550354003906,149550300,0.497,0.0,Taiwan Semiconductor,TSM,Semiconductors
2021-10-31 00:00:00+00:00,104.20112714800698,108.99251890936128,100.08890767318138,105.78274536132812,154392400,0.0,0.0,Taiwan Semiconductor,TSM,Semiconductors
2021-11-30 00:00:00+00:00,105.67110854937027,119.17071610320367,104.58257875620188,108.9925308227539,186917400,0.0,0.0,Taiwan Semiconductor,TSM,Semiconductors
2021-12-31 00:00:00+00:00,110.91837247528603,115.52512352759926,106.41652776410616,112.39549255371094,155307700,0.496,0.0,Taiwan Semiconductor,TSM,Semiconductors
2022-01-31 00:00:00+00:00,115.96419536795564,135.46130018605658,106.6780993673588,114.5628662109375,358353400,0.0,0.0,Taiwan Semiconductor,TSM,Semiconductors
2022-02-28 00:00:00+00:00,114.81512742986148,120.19619100825877,97.51343229220976,99.9704360961914,201631300,0.0,0.0,Taiwan Semiconductor,TSM,Semiconductors
2022-03-31 00:00:00+00:00,102.76373449849,103.80071457135664,91.19814597072224,97.87108612060548,338909100,0.49,0.0,Taiwan Semiconductor,TSM,Semiconductors
2022-04-30 00:00:00+00:00,99.28855067883258,99.45752080259048,84.6914465611168,87.23538208007812,252108500,0.0,0.0,Taiwan Semiconductor,TSM,Semiconductors
2022-05-31 00:00:00+00:00,86.83172026487082,90.3894607207252,80.15741301191348,89.46012878417969,196435900,0.0,0.0,Taiwan Semiconductor,TSM,Semiconductors
2022-06-30 00:00:00+00:00,89.7417362755635,90.46457665230228,75.60649612772816,77.14466857910156,196798000,0.467,0.0,Taiwan Semiconductor,TSM,Semiconductors
2022-07-31 00:00:00+00:00,74.58734876751316,84.18442405622969,69.58589768428998,83.49555206298828,244005100,0.0,0.0,Taiwan Semiconductor,TSM,Semiconductors
2022-08-31 00:00:00+00:00,80.49469478877394,86.7606350695425,77.12580004604699,78.65453338623047,265011300,0.0,0.0,Taiwan Semiconductor,TSM,Semiconductors
2022-09-30 00:00:00+00:00,76.8615794831383,78.30537845622392,64.28544714999192,65.06362915039062,227317900,0.448,0.0,Taiwan Semiconductor,TSM,Semiconductors
2022-10-31 00:00:00+00:00,64.60810576978606,71.09928854904247,56.47514689269446,58.41112518310547,346480100,0.0,0.0,Taiwan Semiconductor,TSM,Semiconductors
2022-11-30 00:00:00+00:00,60.03391564517559,79.17530121809467,56.39923215904216,78.74825286865234,357723500,0.0,0.0,Taiwan Semiconductor,TSM,Semiconductors
2022-12-31 00:00:00+00:00,78.80518831820717,79.3650964588853,69.51716953536248,71.0918960571289,261392300,0.451,0.0,Taiwan Semiconductor,TSM,Semiconductors
2023-01-31 00:00:00+00:00,72.38987570356971,93.52940560431324,70.40475932858891,88.49983215332031,318689500,0.0,0.0,Taiwan Semiconductor,TSM,Semiconductors
2023-02-28 00:00:00+00:00,88.75749919812436,94.47424584707385,82.70672200668653,83.09803009033203,259738900,0.0,0.0,Taiwan Semiconductor,TSM,Semiconductors
2023-03-31 00:00:00+00:00,84.97815579586118,91.92491489100776,81.54238767483757,89.23872375488281,237414100,0.449,0.0,Taiwan Semiconductor,TSM,Semiconductors
2023-04-30 00:00:00+00:00,89.22914272593357,89.79515569477871,77.90881500811965,80.87321472167969,192482300,0.0,0.0,Taiwan Semiconductor,TSM,Semiconductors
2023-05-31 00:00:00+00:00,80.87320721967869,100.96197848689908,79.08881584857204,94.5823211669922,296515100,0.0,0.0,Taiwan Semiconductor,TSM,Semiconductors
2023-06-30 00:00:00+00:00,94.6686666060128,106.19045082553517,90.41873710764644,97.22311401367188,247204000,0.448,0.0,Taiwan Semiconductor,TSM,Semiconductors
2023-07-31 00:00:00+00:00,98.50439660957552,103.36941499620956,92.80126402122004,95.5179443359375,197701600,0.0,0.0,Taiwan Semiconductor,TSM,Semiconductors
2023-08-31 00:00:00+00:00,95.50831577290968,95.55648711935204,86.27925238262739,90.1423568725586,186436400,0.0,0.0,Taiwan Semiconductor,TSM,Semiconductors
2023-09-30 00:00:00+00:00,90.84561481428048,91.56815605223944,81.36228525259962,84.15118408203125,168502600,0.471,0.0,Taiwan Semiconductor,TSM,Semiconductors
2023-10-31 00:00:00+00:00,84.42234528846807,91.76257190089471,82.26287553117217,83.5798568725586,206491500,0.0,0.0,Taiwan Semiconductor,TSM,Semiconductors
2023-11-30 00:00:00+00:00,83.73478901802008,97.51466770590834,83.60889643932296,94.23191833496094,186181200,0.0,0.0,Taiwan Semiconductor,TSM,Semiconductors
2023-12-31 00:00:00+00:00,94.6095745629044,102.66376296752836,92.23706107487084,101.18490600585938,173291500,0.479,0.0,Taiwan Semiconductor,TSM,Semiconductors
2024-01-31 00:00:00+00:00,99.48228091321292,115.63294549879116,96.12565450841154,109.90237426757812,308915700,0.0,0.0,Taiwan Semiconductor,TSM,Semiconductors
2024-02-29 00:00:00+00:00,110.71963770288764,131.51117973092292,109.56184652850494,125.1871337890625,264486000,0.0,0.0,Taiwan Semiconductor,TSM,Semiconductors
2024-03-31 00:00:00+00:00,126.6076163762686,154.11240466897755,126.57842961073828,132.9049072265625,383687900,0.554,0.0,Taiwan Semiconductor,TSM,Semiconductors
2024-04-30 00:00:00+00:00,134.11622722206857,144.99868503059838,122.87229364001423,134.16506958007812,344521700,0.0,0.0,Taiwan Semiconductor,TSM,Semiconductors
2024-05-31 00:00:00+00:00,134.2432060736555,157.06317993825397,130.13053864531244,147.54833984375,266618300,0.0,0.0,Taiwan Semiconductor,TSM,Semiconductors
2024-06-30 00:00:00+00:00,151.5340339622788,181.1562433083976,147.4995302190785,170.32762145996094,305445700,0.544,0.0,Taiwan Semiconductor,TSM,Semiconductors
2024-07-31 00:00:00+00:00,170.74900922671227,189.59376636323412,149.06241656292147,162.47811889648438,445684600,0.0,0.0,Taiwan Semiconductor,TSM,Semiconductors
2024-08-31 00:00:00+00:00,160.20460315734624,171.93478393554688,130.89386860827764,168.25991821289062,349594500,0.0,0.0,Taiwan Semiconductor,TSM,Semiconductors
2024-09-30 00:00:00+00:00,164.63403351609207,186.22149659876797,152.88427092784372,170.818603515625,253931200,0.626,0.0,Taiwan Semiconductor,TSM,Semiconductors
2024-10-31 00:00:00+00:00,172.43168299379946,209.10942369487177,167.97605967309894,187.4116058349609,356942700,0.0,0.0,Taiwan Semiconductor,TSM,Semiconductors
2024-11-30 00:00:00+00:00,191.01153566397704,203.21777060638925,175.12668836978858,181.628173828125,245539200,0.0,0.0,Taiwan Semiconductor,TSM,Semiconductors
2024-12-31 00:00:00+00:00,186.23131672914528,205.3924914378001,185.837890134307,194.8643493652344,253846600,0.616,0.0,Taiwan Semiconductor,TSM,Semiconductors
2025-01-31 00:00:00+00:00,194.38086831880136,223.3899794588127,185.1749094057184,206.5370635986328,405736700,0.0,0.0,Taiwan Semiconductor,TSM,Semiconductors
2025-02-28 00:00:00+00:00,196.97589296455752,210.34574230455604,173.1864508339004,178.1298370361328,280718000,0.0,0.0,Taiwan Semiconductor,TSM,Semiconductors
2025-03-31 00:00:00+00:00,178.74158804073872,182.28386217597136,158.22044923614726,164.4311981201172,339020100,0.684,0.0,Taiwan Semiconductor,TSM,Semiconductors
2025-04-30 00:00:00+00:00,164.81749819540664,170.12684124796638,132.98125764074712,165.1146697998047,443428100,0.0,0.0,Taiwan Semiconductor,TSM,Semiconductors
2025-05-31 00:00:00+00:00,171.1669227600258,197.91176912467412,168.97780939600227,191.49301147460935,281389300,0.0,0.0,Taiwan Semiconductor,TSM,Semiconductors
2025-06-30 00:00:00+00:00,191.2156349024213,227.545922596684,190.38357709755292,225.16986083984372,215694600,0.78,0.0,Taiwan Semiconductor,TSM,Semiconductors
2025-07-31 00:00:00+00:00,226.10436281597143,246.83284403731903,219.890792428998,240.21165466308597,263626300,0.0,0.0,Taiwan Semiconductor,TSM,Semiconductors
2025-08-31 00:00:00+00:00,234.24661844728016,246.3954009869599,222.39611444535288,229.52430725097656,219691700,0.0,0.0,Taiwan Semiconductor,TSM,Semiconductors
2025-09-30 00:00:00+00:00,224.831827738666,285.2300034078737,224.31486959803743,278.5380554199219,251136900,0.822,0.0,Taiwan Semiconductor,TSM,Semiconductors
2025-10-31 00:00:00+00:00,277.69033469844135,310.5316705508895,276.4237649844,299.6211242675781,340274300,0.0,0.0,Taiwan Semiconductor,TSM,Semiconductors
2025-11-30 00:00:00+00:00,301.7753072434653,309.285032358858,266.10162256155746,290.72515869140625,236901400,0.0,0.0,Taiwan Semiconductor,TSM,Semiconductors
2025-12-31 00:00:00+00:00,286.14752342743986,313.134681090616,275.0799865722656,303.8900146484375,225506700,0.835,0.0,Taiwan Semiconductor,TSM,Semiconductors
2026-01-31 00:00:00+00:00,311.9800109863281,333.0799865722656,311.70001220703125,318.010009765625,74146400,0.0,0.0,Taiwan Semiconductor,TSM,Semiconductors
2018-07-31 00:00:00+00:00,230.5,341.0,201.0,221.0,5152970,0.0,0.0,Tilray Brands,TLRY,Meme/Speculative
2018-08-31 00:00:00+00:00,235.8000030517578,667.4000244140625,215.0,652.0,11764420,0.0,0.0,Tilray Brands,TLRY,Meme/Speculative
2018-09-30 00:00:00+00:00,696.5,3000.0,690.2999877929688,1436.199951171875,29641620,0.0,0.0,Tilray Brands,TLRY,Meme/Speculative
2018-10-31 00:00:00+00:00,1599.0,1788.5,842.7999877929688,947.9000244140624,11000430,0.0,0.0,Tilray Brands,TLRY,Meme/Speculative
2018-11-30 00:00:00+00:00,997.5,1428.4000244140625,930.7999877929688,1024.5,5249180,0.0,0.0,Tilray Brands,TLRY,Meme/Speculative
2018-12-31 00:00:00+00:00,1054.9000244140625,1093.5,640.5999755859375,705.4000244140625,4224040,0.0,0.0,Tilray Brands,TLRY,Meme/Speculative
2019-01-31 00:00:00+00:00,700.0,1060.0,677.7000122070312,804.9000244140625,8565940,0.0,0.0,Tilray Brands,TLRY,Meme/Speculative
2019-02-28 00:00:00+00:00,806.0,898.7999877929688,752.5,813.0999755859375,3836530,0.0,0.0,Tilray Brands,TLRY,Meme/Speculative
2019-03-31 00:00:00+00:00,825.2000122070312,828.0999755859375,626.5,655.2000122070312,3810150,0.0,0.0,Tilray Brands,TLRY,Meme/Speculative
2019-04-30 00:00:00+00:00,648.0,652.0999755859375,476.7999877929688,513.2999877929688,3343530,0.0,0.0,Tilray Brands,TLRY,Meme/Speculative
2019-05-31 00:00:00+00:00,514.5999755859375,527.4000244140625,375.0,380.1000061035156,3060250,0.0,0.0,Tilray Brands,TLRY,Meme/Speculative
2019-06-30 00:00:00+00:00,380.7999877929688,510.2999877929688,342.5,465.6000061035156,4391890,0.0,0.0,Tilray Brands,TLRY,Meme/Speculative
2019-07-31 00:00:00+00:00,470.0,494.8999938964844,393.1000061035156,408.2000122070313,2130420,0.0,0.0,Tilray Brands,TLRY,Meme/Speculative
2019-08-31 00:00:00+00:00,407.7999877929688,462.5,254.0,256.70001220703125,4634920,0.0,0.0,Tilray Brands,TLRY,Meme/Speculative
2019-09-30 00:00:00+00:00,251.6999969482422,336.6000061035156,243.1999969482422,247.3999938964844,3819210,0.0,0.0,Tilray Brands,TLRY,Meme/Speculative
2019-10-31 00:00:00+00:00,246.0,256.8999938964844,202.0,223.1000061035156,3085990,0.0,0.0,Tilray Brands,TLRY,Meme/Speculative
2019-11-30 00:00:00+00:00,222.0,241.0,194.1000061035156,198.3999938964844,3853380,0.0,0.0,Tilray Brands,TLRY,Meme/Speculative
2019-12-31 00:00:00+00:00,198.5,199.0,155.6999969482422,171.3000030517578,3860930,0.0,0.0,Tilray Brands,TLRY,Meme/Speculative
2020-01-31 00:00:00+00:00,176.3000030517578,229.5,150.10000610351562,175.39999389648438,10208690,0.0,0.0,Tilray Brands,TLRY,Meme/Speculative
2020-02-29 00:00:00+00:00,178.0,210.8999938964844,132.0,144.3000030517578,5786450,0.0,0.0,Tilray Brands,TLRY,Meme/Speculative
2020-03-31 00:00:00+00:00,147.39999389648438,156.1999969482422,24.299999237060547,68.80000305175781,33183790,0.0,0.0,Tilray Brands,TLRY,Meme/Speculative
2020-04-30 00:00:00+00:00,63.79999923706055,97.5,55.0,80.5,26691930,0.0,0.0,Tilray Brands,TLRY,Meme/Speculative
2020-05-31 00:00:00+00:00,78.19999694824219,116.0,66.5,98.5,28163510,0.0,0.0,Tilray Brands,TLRY,Meme/Speculative
2020-06-30 00:00:00+00:00,95.8000030517578,106.8000030517578,70.19999694824219,71.0999984741211,16732820,0.0,0.0,Tilray Brands,TLRY,Meme/Speculative
2020-07-31 00:00:00+00:00,71.80000305175781,84.0999984741211,68.9000015258789,73.80000305175781,13030040,0.0,0.0,Tilray Brands,TLRY,Meme/Speculative
2020-08-31 00:00:00+00:00,74.0,87.5999984741211,63.29999923706055,67.0999984741211,13620600,0.0,0.0,Tilray Brands,TLRY,Meme/Speculative
2020-09-30 00:00:00+00:00,65.4000015258789,66.0,44.09999847412109,48.5,11335170,0.0,0.0,Tilray Brands,TLRY,Meme/Speculative
2020-10-31 00:00:00+00:00,49.20000076293945,71.19999694824219,47.09999847412109,57.09999847412109,21149250,0.0,0.0,Tilray Brands,TLRY,Meme/Speculative
2020-11-30 00:00:00+00:00,58.20000076293945,121.5,57.70000076293945,90.4000015258789,60725750,0.0,0.0,Tilray Brands,TLRY,Meme/Speculative
2020-12-31 00:00:00+00:00,90.0,100.0999984741211,71.5999984741211,82.5999984741211,43834630,0.0,0.0,Tilray Brands,TLRY,Meme/Speculative
2021-01-31 00:00:00+00:00,84.30000305175781,226.1000061035156,84.0,181.0,72971770,0.0,0.0,Tilray Brands,TLRY,Meme/Speculative
2021-02-28 00:00:00+00:00,190.0,670.0,177.8000030517578,243.6000061035156,126348720,0.0,0.0,Tilray Brands,TLRY,Meme/Speculative
2021-03-31 00:00:00+00:00,251.1999969482422,313.3999938964844,182.3000030517578,227.3000030517578,55377940,0.0,0.0,Tilray Brands,TLRY,Meme/Speculative
2021-04-30 00:00:00+00:00,234.1999969482422,236.3000030517578,151.6999969482422,183.3999938964844,35714700,0.0,0.0,Tilray Brands,TLRY,Meme/Speculative
2021-05-31 00:00:00+00:00,185.6000061035156,187.3999938964844,134.10000610351562,166.6999969482422,56360490,0.0,0.0,Tilray Brands,TLRY,Meme/Speculative
2021-06-30 00:00:00+00:00,171.3000030517578,230.3999938964844,163.1999969482422,180.8000030517578,66927970,0.0,0.0,Tilray Brands,TLRY,Meme/Speculative
2021-07-31 00:00:00+00:00,180.3000030517578,184.5,125.4000015258789,146.10000610351562,50079570,0.0,0.0,Tilray Brands,TLRY,Meme/Speculative
2021-08-31 00:00:00+00:00,146.60000610351562,152.5,125.5,136.89999389648438,32453720,0.0,0.0,Tilray Brands,TLRY,Meme/Speculative
2021-09-30 00:00:00+00:00,137.39999389648438,142.6999969482422,109.5,112.9000015258789,33839700,0.0,0.0,Tilray Brands,TLRY,Meme/Speculative
2021-10-31 00:00:00+00:00,112.9000015258789,121.5999984741211,99.8000030517578,103.0,43240510,0.0,0.0,Tilray Brands,TLRY,Meme/Speculative
2021-11-30 00:00:00+00:00,102.4000015258789,139.5,96.5,101.1999969482422,55125680,0.0,0.0,Tilray Brands,TLRY,Meme/Speculative
2021-12-31 00:00:00+00:00,102.0,102.5999984741211,69.69999694824219,70.30000305175781,45157750,0.0,0.0,Tilray Brands,TLRY,Meme/Speculative
2022-01-31 00:00:00+00:00,71.9000015258789,78.4000015258789,51.5,59.59999847412109,55315650,0.0,0.0,Tilray Brands,TLRY,Meme/Speculative
2022-02-28 00:00:00+00:00,60.5,74.80000305175781,54.29999923706055,61.0,33801660,0.0,0.0,Tilray Brands,TLRY,Meme/Speculative
2022-03-31 00:00:00+00:00,61.09999847412109,90.8000030517578,47.79999923706055,77.69999694824219,105469340,0.0,0.0,Tilray Brands,TLRY,Meme/Speculative
2022-04-30 00:00:00+00:00,79.0,83.19999694824219,48.09999847412109,49.79999923706055,69481020,0.0,0.0,Tilray Brands,TLRY,Meme/Speculative
2022-05-31 00:00:00+00:00,49.400001525878906,54.0,38.900001525878906,44.900001525878906,51474290,0.0,0.0,Tilray Brands,TLRY,Meme/Speculative
2022-06-30 00:00:00+00:00,45.0,45.400001525878906,30.200000762939453,31.200000762939453,46187180,0.0,0.0,Tilray Brands,TLRY,Meme/Speculative
2022-07-31 00:00:00+00:00,31.200000762939453,41.59999847412109,30.0,36.5,57819180,0.0,0.0,Tilray Brands,TLRY,Meme/Speculative
2022-08-31 00:00:00+00:00,35.5,45.20000076293945,33.70000076293945,38.0,63913020,0.0,0.0,Tilray Brands,TLRY,Meme/Speculative
2022-09-30 00:00:00+00:00,37.29999923706055,37.70000076293945,26.5,27.5,35683630,0.0,0.0,Tilray Brands,TLRY,Meme/Speculative
2022-10-31 00:00:00+00:00,27.899999618530277,41.900001525878906,27.299999237060547,40.70000076293945,59932010,0.0,0.0,Tilray Brands,TLRY,Meme/Speculative
2022-11-30 00:00:00+00:00,39.70000076293945,44.400001525878906,34.900001525878906,38.70000076293945,41033600,0.0,0.0,Tilray Brands,TLRY,Meme/Speculative
2022-12-31 00:00:00+00:00,38.59999847412109,51.20000076293945,25.200000762939453,26.899999618530277,51189480,0.0,0.0,Tilray Brands,TLRY,Meme/Speculative
2023-01-31 00:00:00+00:00,27.700000762939453,33.599998474121094,26.399999618530277,32.400001525878906,36718900,0.0,0.0,Tilray Brands,TLRY,Meme/Speculative
2023-02-28 00:00:00+00:00,31.700000762939453,35.900001525878906,27.399999618530277,28.299999237060547,27656110,0.0,0.0,Tilray Brands,TLRY,Meme/Speculative
2023-03-31 00:00:00+00:00,28.299999237060547,28.299999237060547,22.799999237060547,25.299999237060547,25668490,0.0,0.0,Tilray Brands,TLRY,Meme/Speculative
2023-04-30 00:00:00+00:00,25.299999237060547,27.700000762939453,21.700000762939453,23.5,20456860,0.0,0.0,Tilray Brands,TLRY,Meme/Speculative
2023-05-31 00:00:00+00:00,23.399999618530277,28.700000762939453,16.600000381469727,16.700000762939453,30248690,0.0,0.0,Tilray Brands,TLRY,Meme/Speculative
2023-06-30 00:00:00+00:00,16.799999237060547,18.299999237060547,15.0,15.600000381469728,35488180,0.0,0.0,Tilray Brands,TLRY,Meme/Speculative
2023-07-31 00:00:00+00:00,15.600000381469728,25.5,15.300000190734863,25.299999237060547,51373440,0.0,0.0,Tilray Brands,TLRY,Meme/Speculative
2023-08-31 00:00:00+00:00,25.100000381469727,31.100000381469727,21.600000381469727,29.600000381469727,74267760,0.0,0.0,Tilray Brands,TLRY,Meme/Speculative
2023-09-30 00:00:00+00:00,30.700000762939453,34.0,22.600000381469727,23.899999618530277,77080930,0.0,0.0,Tilray Brands,TLRY,Meme/Speculative
2023-10-31 00:00:00+00:00,24.100000381469727,24.299999237060547,17.0,18.0,33825370,0.0,0.0,Tilray Brands,TLRY,Meme/Speculative
2023-11-30 00:00:00+00:00,17.899999618530273,19.899999618530277,16.100000381469727,18.100000381469727,21535080,0.0,0.0,Tilray Brands,TLRY,Meme/Speculative
2023-12-31 00:00:00+00:00,17.899999618530273,25.200000762939453,17.5,23.0,48181040,0.0,0.0,Tilray Brands,TLRY,Meme/Speculative
2024-01-31 00:00:00+00:00,22.700000762939453,25.399999618530277,18.200000762939453,18.299999237060547,52868300,0.0,0.0,Tilray Brands,TLRY,Meme/Speculative
2024-02-29 00:00:00+00:00,18.399999618530277,20.100000381469727,17.100000381469727,17.299999237060547,37823760,0.0,0.0,Tilray Brands,TLRY,Meme/Speculative
2024-03-31 00:00:00+00:00,17.600000381469727,26.399999618530277,16.0,24.700000762939453,66541520,0.0,0.0,Tilray Brands,TLRY,Meme/Speculative
2024-04-30 00:00:00+00:00,24.399999618530277,29.700000762939453,16.5,24.700000762939453,94746480,0.0,0.0,Tilray Brands,TLRY,Meme/Speculative
2024-05-31 00:00:00+00:00,22.899999618530277,23.399999618530277,17.799999237060547,18.0,62283580,0.0,0.0,Tilray Brands,TLRY,Meme/Speculative
2024-06-30 00:00:00+00:00,18.200000762939453,18.399999618530277,16.100000381469727,16.600000381469727,23658230,0.0,0.0,Tilray Brands,TLRY,Meme/Speculative
2024-07-31 00:00:00+00:00,16.700000762939453,21.5,16.5,20.299999237060547,42803930,0.0,0.0,Tilray Brands,TLRY,Meme/Speculative
2024-08-31 00:00:00+00:00,20.200000762939453,21.100000381469727,15.0,17.100000381469727,47201260,0.0,0.0,Tilray Brands,TLRY,Meme/Speculative
2024-09-30 00:00:00+00:00,17.200000762939453,18.799999237060547,16.200000762939453,17.600000381469727,44203110,0.0,0.0,Tilray Brands,TLRY,Meme/Speculative
2024-10-31 00:00:00+00:00,17.5,17.700000762939453,14.5,16.399999618530273,55919090,0.0,0.0,Tilray Brands,TLRY,Meme/Speculative
2024-11-30 00:00:00+00:00,16.600000381469727,18.200000762939453,12.800000190734863,13.399999618530272,59897930,0.0,0.0,Tilray Brands,TLRY,Meme/Speculative
2024-12-31 00:00:00+00:00,13.399999618530272,15.300000190734863,11.399999618530272,13.300000190734863,78263300,0.0,0.0,Tilray Brands,TLRY,Meme/Speculative
2025-01-31 00:00:00+00:00,13.5,15.100000381469728,10.300000190734863,10.5,86794980,0.0,0.0,Tilray Brands,TLRY,Meme/Speculative
2025-02-28 00:00:00+00:00,9.899999618530272,12.0,7.199999809265137,7.400000095367432,95088050,0.0,0.0,Tilray Brands,TLRY,Meme/Speculative
2025-03-31 00:00:00+00:00,7.400000095367432,7.5,5.800000190734863,6.599999904632568,73357120,0.0,0.0,Tilray Brands,TLRY,Meme/Speculative
2025-04-30 00:00:00+00:00,6.5,6.699999809265137,4.300000190734863,4.900000095367432,55571600,0.0,0.0,Tilray Brands,TLRY,Meme/Speculative
2025-05-31 00:00:00+00:00,4.900000095367432,5.0,4.099999904632568,4.300000190734863,43908240,0.0,0.0,Tilray Brands,TLRY,Meme/Speculative
2025-06-30 00:00:00+00:00,4.199999809265137,4.599999904632568,3.5,4.099999904632568,58430120,0.0,0.0,Tilray Brands,TLRY,Meme/Speculative
2025-07-31 00:00:00+00:00,4.099999904632568,8.300000190734863,4.099999904632568,5.800000190734863,103849000,0.0,0.0,Tilray Brands,TLRY,Meme/Speculative
2025-08-31 00:00:00+00:00,5.599999904632568,15.5,5.5,13.800000190734863,187183460,0.0,0.0,Tilray Brands,TLRY,Meme/Speculative
2025-09-30 00:00:00+00:00,12.800000190734863,18.600000381469727,10.300000190734863,17.299999237060547,138087190,0.0,0.0,Tilray Brands,TLRY,Meme/Speculative
2025-10-31 00:00:00+00:00,16.700000762939453,23.200000762939453,12.800000190734863,13.399999618530272,209677960,0.0,0.0,Tilray Brands,TLRY,Meme/Speculative
2025-11-30 00:00:00+00:00,13.5,13.5,8.0,8.100000381469727,82641570,0.0,0.0,Tilray Brands,TLRY,Meme/Speculative
2025-12-31 00:00:00+00:00,7.900000095367432,15.699999809265137,6.900000095367432,9.029999732971191,414000060,0.0,0.1,Tilray Brands,TLRY,Meme/Speculative
2026-01-31 00:00:00+00:00,9.229999542236328,9.850000381469728,8.789999961853027,9.130000114440918,33000100,0.0,0.0,Tilray Brands,TLRY,Meme/Speculative
2016-01-31 00:00:00+00:00,63.66476819301343,65.04518113135595,60.55713724389333,64.64978790283203,51817000,0.0,0.0,United Parcel Service,UPS,Industrials
2016-02-29 00:00:00+00:00,63.84514887060373,69.15940075686875,63.84514887060373,67.50924682617188,76065200,0.78,0.0,United Parcel Service,UPS,Industrials
2016-03-31 00:00:00+00:00,68.12455552501986,74.5433548166419,67.84486830266046,73.74624633789062,60881700,0.0,0.0,United Parcel Service,UPS,Industrials
2016-04-30 00:00:00+00:00,73.36166904755387,74.96287180933408,72.30585445673007,73.46656036376953,48451600,0.0,0.0,United Parcel Service,UPS,Industrials
2016-05-31 00:00:00+00:00,73.64134518472468,73.83712458861045,70.36903366693531,72.63511657714844,56002300,0.78,0.0,United Parcel Service,UPS,Industrials
2016-06-30 00:00:00+00:00,72.62805823036639,75.91141283670046,71.83189532869743,75.89732360839844,59039900,0.0,0.0,United Parcel Service,UPS,Industrials
2016-07-31 00:00:00+00:00,75.81277687924168,78.79315102441578,74.65728430816952,76.16508483886719,48774900,0.0,0.0,United Parcel Service,UPS,Industrials
2016-08-31 00:00:00+00:00,76.19326275468015,78.58491104723147,75.33366053174224,77.49925994873047,46169800,0.78,0.0,United Parcel Service,UPS,Industrials
2016-09-30 00:00:00+00:00,77.7050494897173,78.56363937854098,75.26414566467561,77.5986099243164,53175200,0.0,0.0,United Parcel Service,UPS,Industrials
2016-10-31 00:00:00+00:00,77.5986167440732,77.77601984120317,75.12221874821549,76.46331787109375,43726800,0.0,0.0,United Parcel Service,UPS,Industrials
2016-11-30 00:00:00+00:00,76.64780983836114,83.57323657720734,75.3280135715999,82.83010864257812,62746300,0.78,0.0,United Parcel Service,UPS,Industrials
2016-12-31 00:00:00+00:00,82.91583157243966,86.05981530477389,81.71540973410912,81.91548156738281,52181200,0.0,0.0,United Parcel Service,UPS,Industrials
2017-01-31 00:00:00+00:00,82.54426987921023,84.4521275455854,77.6567968887851,77.97834014892578,53083500,0.0,0.0,United Parcel Service,UPS,Industrials
2017-02-28 00:00:00+00:00,77.02084377435112,78.12839333365028,73.76251872946025,76.15007019042969,83748000,0.83,0.0,United Parcel Service,UPS,Industrials
2017-03-31 00:00:00+00:00,77.02130428889386,78.46134785963552,74.70280812036124,77.25889587402344,60386400,0.0,0.0,United Parcel Service,UPS,Industrials
2017-04-30 00:00:00+00:00,77.51811359732481,78.69896001040276,74.56599584923265,77.37410736083984,55734700,0.0,0.0,United Parcel Service,UPS,Industrials
2017-05-31 00:00:00+00:00,77.34532241346892,77.95372430668775,74.11445280117329,76.90863037109375,54330100,0.83,0.0,United Parcel Service,UPS,Industrials
2017-06-30 00:00:00+00:00,77.28603579778621,80.9583622778564,76.71268580940666,80.26163482666016,61257900,0.0,0.0,United Parcel Service,UPS,Industrials
2017-07-31 00:00:00+00:00,80.48663950695348,82.56231289706697,77.64167513593839,80.04391479492188,51627600,0.0,0.0,United Parcel Service,UPS,Industrials
2017-08-31 00:00:00+00:00,80.41404905435029,84.55100826625738,79.57942561962524,83.61514282226562,48428900,0.83,0.0,United Parcel Service,UPS,Industrials
2017-09-30 00:00:00+00:00,83.87837586549742,88.04595547460556,83.01558878709442,87.80467224121094,43751100,0.0,0.0,United Parcel Service,UPS,Industrials
2017-10-31 00:00:00+00:00,87.73886766243982,89.01838864154698,85.19443852069622,85.93291473388672,53481200,0.0,0.0,United Parcel Service,UPS,Industrials
2017-11-30 00:00:00+00:00,86.23269471776831,89.86391245412469,81.6848937834218,89.45878601074219,58559500,0.83,0.0,United Parcel Service,UPS,Industrials
2017-12-31 00:00:00+00:00,89.78284595322329,92.19151152677392,85.68740059814962,87.76460266113281,57106900,0.0,0.0,United Parcel Service,UPS,Industrials
2018-01-31 00:00:00+00:00,88.42016969442312,99.8299401433661,88.10343610843246,93.78253936767578,79526300,0.0,0.0,United Parcel Service,UPS,Industrials
2018-02-28 00:00:00+00:00,87.81616598288313,89.12729386957636,76.46531377277981,77.55892181396484,131437800,0.91,0.0,United Parcel Service,UPS,Industrials
2018-03-31 00:00:00+00:00,77.96747148137408,82.60274494786121,75.3601444221625,77.74463653564453,93099200,0.0,0.0,United Parcel Service,UPS,Industrials
2018-04-30 00:00:00+00:00,77.49949665115719,85.02434988165713,76.06583375877162,84.31123352050781,77487800,0.0,0.0,United Parcel Service,UPS,Industrials
2018-05-31 00:00:00+00:00,84.34839853356263,88.22595342939884,80.34454755790603,86.93600463867188,67943000,0.91,0.0,United Parcel Service,UPS,Industrials
2018-06-30 00:00:00+00:00,87.36276498499281,89.21944590804685,78.68560482416444,79.53163146972656,63027700,0.0,0.0,United Parcel Service,UPS,Industrials
2018-07-31 00:00:00+00:00,79.26208677255094,90.85905051746629,78.56583714099582,89.75849914550781,52384600,0.0,0.0,United Parcel Service,UPS,Industrials
2018-08-31 00:00:00+00:00,89.75849815094976,93.8703062442414,88.13388429884914,92.69355010986328,46590000,0.91,0.0,United Parcel Service,UPS,Industrials
2018-09-30 00:00:00+00:00,93.3799838800586,94.36062489053305,87.29998606585298,88.06941223144531,50754200,0.0,0.0,United Parcel Service,UPS,Industrials
2018-10-31 00:00:00+00:00,89.42723136194296,89.93262786180111,78.32332168032981,80.3675765991211,70915300,0.0,0.0,United Parcel Service,UPS,Industrials
2018-11-30 00:00:00+00:00,80.63157835669102,87.80466710759417,79.56797992928493,87.6905746459961,56818000,0.91,0.0,United Parcel Service,UPS,Industrials
2018-12-31 00:00:00+00:00,88.70217257543499,89.21177891917823,68.37110900878906,74.1821517944336,83111000,0.0,0.0,United Parcel Service,UPS,Industrials
2019-01-31 00:00:00+00:00,73.10969828910791,82.14573315983097,71.64171587945074,80.16815185546875,82892800,0.0,0.0,United Parcel Service,UPS,Industrials
2019-02-28 00:00:00+00:00,80.41151837331942,85.85897584035317,80.06163921700383,84.55458068847656,60104900,0.96,0.0,United Parcel Service,UPS,Industrials
2019-03-31 00:00:00+00:00,85.12237577101695,86.6262400099085,80.51868133147671,85.73621368408203,60680100,0.0,0.0,United Parcel Service,UPS,Industrials
2019-04-30 00:00:00+00:00,86.84874186704442,88.26054498976241,79.04549309334139,81.50079345703125,67209000,0.0,0.0,United Parcel Service,UPS,Industrials
2019-05-31 00:00:00+00:00,81.37801562622748,82.06090799291624,71.76882831034153,71.97797393798828,66606800,0.96,0.0,United Parcel Service,UPS,Industrials
2019-06-30 00:00:00+00:00,71.91601099293153,80.32068025206017,71.90826901650075,79.99535369873047,66087900,0.0,0.0,United Parcel Service,UPS,Industrials
2019-07-31 00:00:00+00:00,81.01009083277596,93.96180532438024,78.3608714042574,92.54424285888672,80392100,0.0,0.0,United Parcel Service,UPS,Industrials
2019-08-31 00:00:00+00:00,92.07947799965594,93.62772251973844,86.33126535176952,92.69808959960938,68599000,0.96,0.0,United Parcel Service,UPS,Industrials
2019-09-30 00:00:00+00:00,91.9168804195236,96.5806886046545,90.76850440206276,93.6042938232422,57325600,0.0,0.0,United Parcel Service,UPS,Industrials
2019-10-31 00:00:00+00:00,93.94020485791052,94.291745860017,87.3233946855573,89.97166442871094,70022500,0.0,0.0,United Parcel Service,UPS,Industrials
2019-11-30 00:00:00+00:00,90.97944346191954,97.89311844077318,90.70602197266672,94.2633056640625,49247300,0.96,0.0,United Parcel Service,UPS,Industrials
2019-12-31 00:00:00+00:00,94.54671551756712,95.51509469777906,89.94888483209925,92.16122436523438,61191300,0.0,0.0,United Parcel Service,UPS,Industrials
2020-01-31 00:00:00+00:00,92.64933445392772,93.87750514709396,81.1626361784276,81.50117492675781,66496900,0.0,0.0,United Parcel Service,UPS,Industrials
2020-02-29 00:00:00+00:00,82.00506811326532,84.86294328243495,69.70642629526102,71.9486083984375,98177400,1.01,0.0,United Parcel Service,UPS,Industrials
2020-03-31 00:00:00+00:00,73.18896156974951,82.53138104417278,65.19819798602397,74.27823638916016,163951500,0.0,0.0,United Parcel Service,UPS,Industrials
2020-04-30 00:00:00+00:00,72.28253493553362,82.49163328296078,70.2470765499344,75.26416778564453,109677700,0.0,0.0,United Parcel Service,UPS,Industrials
2020-05-31 00:00:00+00:00,74.12718676256642,81.22770140210463,70.64464532589582,80.11090087890625,85652700,1.01,0.0,United Parcel Service,UPS,Industrials
2020-06-30 00:00:00+00:00,79.92611812104086,90.00124853595985,79.02626419262855,89.32636260986328,96980200,0.0,0.0,United Parcel Service,UPS,Industrials
2020-07-31 00:00:00+00:00,94.69332912285432,116.90039150668184,90.8287891764244,114.69898986816406,105688000,0.0,0.0,United Parcel Service,UPS,Industrials
2020-08-31 00:00:00+00:00,115.26940685008236,133.58987001992855,112.91532394905552,132.29617309570312,83691800,1.01,0.0,United Parcel Service,UPS,Industrials
2020-09-30 00:00:00+00:00,131.8999878177162,139.05569637463313,125.02725408417568,134.72991943359375,79559200,0.0,0.0,United Parcel Service,UPS,Industrials
2020-10-31 00:00:00+00:00,136.6785206187946,143.93129124991424,125.52855324322836,127.032470703125,89065000,0.0,0.0,United Parcel Service,UPS,Industrials
2020-11-30 00:00:00+00:00,128.4636389673715,140.8229104241544,126.91929094789256,139.16339111328125,78400800,1.01,0.0,United Parcel Service,UPS,Industrials
2020-12-31 00:00:00+00:00,141.14828618913052,143.12511098466612,133.11105632868856,136.99134826660156,76396500,0.0,0.0,United Parcel Service,UPS,Industrials
2021-01-31 00:00:00+00:00,136.99139710795242,137.1052849504543,125.89536515240889,126.09060668945312,75022300,0.0,0.0,United Parcel Service,UPS,Industrials
2021-02-28 00:00:00+00:00,127.06683143576971,136.85312477781076,126.01743730872228,129.20570373535156,69228200,1.02,0.0,United Parcel Service,UPS,Industrials
2021-03-31 00:00:00+00:00,130.6137776825647,139.9871903013025,128.97648289990474,139.16036987304688,81451900,0.0,0.0,United Parcel Service,UPS,Industrials
2021-04-30 00:00:00+00:00,139.31593828957472,168.45123670879744,138.21078345757442,166.88763427734375,80901600,0.0,0.0,United Parcel Service,UPS,Industrials
2021-05-31 00:00:00+00:00,169.8019968444212,179.76480923345866,169.5564027951608,176.52142333984375,66134500,1.02,0.0,United Parcel Service,UPS,Industrials
2021-06-30 00:00:00+00:00,177.33575392173734,178.12541725150865,160.78585876953878,171.06784057617188,78516500,0.0,0.0,United Parcel Service,UPS,Industrials
2021-07-31 00:00:00+00:00,172.23591353076517,176.7928741327879,154.90454335661445,157.40512084960938,67062300,0.0,0.0,United Parcel Service,UPS,Industrials
2021-08-31 00:00:00+00:00,158.21948541558163,164.10899300809814,156.3687147264922,161.76776123046875,50529500,1.02,0.0,United Parcel Service,UPS,Industrials
2021-09-30 00:00:00+00:00,161.84215903732544,164.7611012905183,150.49700094837434,150.57969665527344,53626300,0.0,0.0,United Parcel Service,UPS,Industrials
2021-10-31 00:00:00+00:00,151.23295108511002,182.11791795005564,146.46997810829313,176.51974487304688,64172500,0.0,0.0,United Parcel Service,UPS,Industrials
2021-11-30 00:00:00+00:00,177.66916343167674,179.017006483145,164.61954384531347,164.84390258789062,51807700,1.02,0.0,United Parcel Service,UPS,Industrials
2021-12-31 00:00:00+00:00,166.92968264608956,179.77682017656846,161.06290480754586,178.11485290527344,51430600,0.0,0.0,United Parcel Service,UPS,Industrials
2022-01-31 00:00:00+00:00,178.37242956109023,182.3612045219168,160.16542442353773,168.034912109375,53064400,0.0,0.0,United Parcel Service,UPS,Industrials
2022-02-28 00:00:00+00:00,186.98151202284888,194.21945818011864,166.61086070092313,176.12786865234375,77703700,1.52,0.0,United Parcel Service,UPS,Industrials
2022-03-31 00:00:00+00:00,175.33270693618266,187.46963123843457,166.1756332903077,179.50950622558594,65107600,0.0,0.0,United Parcel Service,UPS,Industrials
2022-04-30 00:00:00+00:00,179.8777775359843,180.13726761593912,150.29714573620848,150.64869689941406,76896000,0.0,0.0,United Parcel Service,UPS,Industrials
2022-05-31 00:00:00+00:00,150.89981658537994,155.85016179041085,139.58218112398023,153.85781860351562,80791300,1.52,0.0,United Parcel Service,UPS,Industrials
2022-06-30 00:00:00+00:00,153.84938804024367,159.4549385581074,143.06032657612164,154.10264587402344,70717800,0.0,0.0,United Parcel Service,UPS,Industrials
2022-07-31 00:00:00+00:00,153.4610302141438,165.23780709395285,147.8470359187529,164.52867126464844,57130400,0.0,0.0,United Parcel Service,UPS,Industrials
2022-08-31 00:00:00+00:00,163.00060728864756,178.09394127140595,161.75120829623475,165.43795776367188,50008300,1.52,0.0,United Parcel Service,UPS,Industrials
2022-09-30 00:00:00+00:00,165.32736640967076,170.9239304353256,136.17947595544774,137.39573669433594,73873500,0.0,0.0,United Parcel Service,UPS,Industrials
2022-10-31 00:00:00+00:00,136.62176698900512,148.6738477885475,131.72265585309248,142.694580078125,68308800,0.0,0.0,United Parcel Service,UPS,Industrials
2022-11-30 00:00:00+00:00,143.7067313801428,162.88194274902344,136.14546194037283,162.88194274902344,60023100,1.52,0.0,United Parcel Service,UPS,Industrials
2022-12-31 00:00:00+00:00,162.75315878135885,164.48731888748563,147.56641912888858,149.240478515625,71806500,0.0,0.0,United Parcel Service,UPS,Industrials
2023-01-31 00:00:00+00:00,149.6096263392988,159.74844713518942,148.80265162973046,159.0187225341797,55363200,0.0,0.0,United Parcel Service,UPS,Industrials
2023-02-28 00:00:00+00:00,158.54654178848847,166.29872599096268,152.50356632061528,158.04629516601562,51954600,1.62,0.0,United Parcel Service,UPS,Industrials
2023-03-31 00:00:00+00:00,157.5612955887375,168.11849851113783,154.3396062675752,168.00592041015625,85994900,0.0,0.0,United Parcel Service,UPS,Industrials
2023-04-30 00:00:00+00:00,167.00132186566287,171.30562289070937,149.0739814717277,155.72528076171875,67151600,0.0,0.0,United Parcel Service,UPS,Industrials
2023-05-31 00:00:00+00:00,155.84652784163504,158.2195222824154,145.27751459119813,146.02072143554688,67067500,1.62,0.0,United Parcel Service,UPS,Industrials
2023-06-30 00:00:00+00:00,146.4666838215164,157.62370839417807,145.30374814852513,156.73184204101562,83404800,0.0,0.0,United Parcel Service,UPS,Industrials
2023-07-31 00:00:00+00:00,155.86621730532357,168.7369858437735,155.2803748555499,163.62193298339844,67499500,0.0,0.0,United Parcel Service,UPS,Industrials
2023-08-31 00:00:00+00:00,163.3858525992642,163.5082646701535,146.81465625721384,149.46156311035156,72979400,1.62,0.0,United Parcel Service,UPS,Industrials
2023-09-30 00:00:00+00:00,150.44973239202713,150.59089009706042,132.82135850901403,137.5240478515625,74537200,0.0,0.0,United Parcel Service,UPS,Industrials
2023-10-31 00:00:00+00:00,136.88876507409984,139.835660643388,117.94580422904647,124.62483215332033,81074300,0.0,0.0,United Parcel Service,UPS,Industrials
2023-11-30 00:00:00+00:00,124.7395090850972,136.98337198043254,121.80145010000562,135.3319854736328,74043900,1.62,0.0,United Parcel Service,UPS,Industrials
2023-12-31 00:00:00+00:00,135.67120960892643,146.23104866482157,134.80535505153026,140.34857177734375,73699200,0.0,0.0,United Parcel Service,UPS,Industrials
2024-01-31 00:00:00+00:00,140.0897214190948,144.14228155571345,126.66454315185548,126.66454315185548,92611500,0.0,0.0,United Parcel Service,UPS,Industrials
2024-02-29 00:00:00+00:00,126.75377612428696,135.76649295674417,123.98664268367192,133.82579040527344,77183900,1.63,0.0,United Parcel Service,UPS,Industrials
2024-03-31 00:00:00+00:00,133.60012878637747,143.47504490282603,129.1049816278739,134.1597900390625,100383300,0.0,0.0,United Parcel Service,UPS,Industrials
2024-04-30 00:00:00+00:00,134.62009780738128,139.26872359675977,127.58855175806671,133.12171936035156,85611400,0.0,0.0,United Parcel Service,UPS,Industrials
2024-05-31 00:00:00+00:00,132.95022375437662,140.02496181663847,121.91720378502916,126.80008697509766,67808300,1.63,0.0,United Parcel Service,UPS,Industrials
2024-06-30 00:00:00+00:00,127.44810883794044,127.58500685088606,121.29656618483618,124.90170288085938,80788200,0.0,0.0,United Parcel Service,UPS,Industrials
2024-07-31 00:00:00+00:00,124.7100198557076,135.21508327050955,113.90377390133524,118.98745727539062,117868800,0.0,0.0,United Parcel Service,UPS,Industrials
2024-08-31 00:00:00+00:00,119.5989450847418,120.92235731922098,112.37044847726372,118.82020568847656,90057500,1.63,0.0,United Parcel Service,UPS,Industrials
2024-09-30 00:00:00+00:00,117.93286266264998,126.56591666054368,116.14894581255956,126.02057647705078,91917400,0.0,0.0,United Parcel Service,UPS,Industrials
2024-10-31 00:00:00+00:00,125.98361458186838,134.03435779402102,119.94787015914456,123.91316223144533,82578500,0.0,0.0,United Parcel Service,UPS,Industrials
2024-11-30 00:00:00+00:00,124.39380685759568,129.75172796050336,119.97559472667528,126.99146270751952,69475900,1.63,0.0,United Parcel Service,UPS,Industrials
2024-12-31 00:00:00+00:00,127.3844394084764,127.3844394084764,114.16318283352255,117.9901351928711,102387100,0.0,0.0,United Parcel Service,UPS,Industrials
2025-01-31 00:00:00+00:00,118.86969869210294,128.17977466365662,102.57001810561938,106.88353729248048,135832900,0.0,0.0,United Parcel Service,UPS,Industrials
2025-02-28 00:00:00+00:00,105.10572183757182,113.53840236779642,102.3641586573007,112.96895599365234,118112800,1.64,0.0,United Parcel Service,UPS,Industrials
2025-03-31 00:00:00+00:00,113.71873055043464,117.40115681965209,102.78534233367311,104.3892822265625,129458900,0.0,0.0,United Parcel Service,UPS,Industrials
2025-04-30 00:00:00+00:00,104.40825136773644,104.87330406931976,85.93917211534607,90.44730377197266,142577800,0.0,0.0,United Parcel Service,UPS,Industrials
2025-05-31 00:00:00+00:00,90.02021366526292,97.60335568627713,88.45422686647855,94.0963134765625,120276600,1.64,0.0,United Parcel Service,UPS,Industrials
2025-06-30 00:00:00+00:00,93.83583449198068,99.6722451005849,92.55279634980582,97.37627410888672,96992100,0.0,0.0,United Parcel Service,UPS,Industrials
2025-07-31 00:00:00+00:00,97.19298161437898,102.7013839329008,82.73220846815512,83.11808776855469,154407700,0.0,0.0,United Parcel Service,UPS,Industrials
2025-08-31 00:00:00+00:00,82.71291234984322,87.77414688525269,81.30445912715113,85.94593048095703,172413900,1.64,0.0,United Parcel Service,UPS,Industrials
2025-09-30 00:00:00+00:00,85.13993791917498,85.36600373934864,80.59887672602092,82.10272979736328,184660000,0.0,0.0,United Parcel Service,UPS,Industrials
2025-10-31 00:00:00+00:00,81.96512760745446,98.85157193091136,80.59887849266045,94.7724838256836,186809600,0.0,0.0,United Parcel Service,UPS,Industrials
2025-11-30 00:00:00+00:00,94.76265782050676,96.3499984741211,89.54338609575602,95.79000091552734,124269300,1.64,0.0,United Parcel Service,UPS,Industrials
2025-12-31 00:00:00+00:00,95.54000091552734,102.88999938964844,94.5,99.19000244140624,126479300,0.0,0.0,United Parcel Service,UPS,Industrials
2026-01-31 00:00:00+00:00,99.3000030517578,107.9499969482422,98.41000366210938,106.97000122070312,29681300,0.0,0.0,United Parcel Service,UPS,Industrials
2017-09-30 00:00:00+00:00,210.0,210.0,200.0,202.0,10640,0.0,0.0,Virgin Galactic,SPCE,Meme/Speculative
2017-10-31 00:00:00+00:00,203.0,217.0,201.0,204.83999633789065,99720,0.0,0.0,Virgin Galactic,SPCE,Meme/Speculative
2017-11-30 00:00:00+00:00,204.1999969482422,205.6000061035156,198.0,199.0,108100,0.0,0.0,Virgin Galactic,SPCE,Meme/Speculative
2017-12-31 00:00:00+00:00,200.0,204.0,197.0,201.8000030517578,140960,0.0,0.0,Virgin Galactic,SPCE,Meme/Speculative
2018-01-31 00:00:00+00:00,202.8000030517578,202.8000030517578,200.0,201.1999969482422,266225,0.0,0.0,Virgin Galactic,SPCE,Meme/Speculative
2018-02-28 00:00:00+00:00,201.0,202.1999969482422,199.0,201.0,78345,0.0,0.0,Virgin Galactic,SPCE,Meme/Speculative
2018-03-31 00:00:00+00:00,201.0,202.8000030517578,199.8000030517578,200.6000061035156,96725,0.0,0.0,Virgin Galactic,SPCE,Meme/Speculative
2018-04-30 00:00:00+00:00,200.6000061035156,203.3999938964844,199.97999572753903,201.1999969482422,221435,0.0,0.0,Virgin Galactic,SPCE,Meme/Speculative
2018-05-31 00:00:00+00:00,200.8000030517578,202.0,199.8000030517578,200.8000030517578,134660,0.0,0.0,Virgin Galactic,SPCE,Meme/Speculative
2018-06-30 00:00:00+00:00,202.1999969482422,203.0,199.8000030517578,201.0,50295,0.0,0.0,Virgin Galactic,SPCE,Meme/Speculative
2018-07-31 00:00:00+00:00,200.6000061035156,200.8000030517578,198.3999938964844,200.0,90440,0.0,0.0,Virgin Galactic,SPCE,Meme/Speculative
2018-08-31 00:00:00+00:00,200.0,205.8000030517578,197.6000061035156,199.3999938964844,61770,0.0,0.0,Virgin Galactic,SPCE,Meme/Speculative
2018-09-30 00:00:00+00:00,199.0,200.0,196.6000061035156,198.1999969482422,360945,0.0,0.0,Virgin Galactic,SPCE,Meme/Speculative
2018-10-31 00:00:00+00:00,198.8000030517578,199.3999938964844,198.0,199.0,63925,0.0,0.0,Virgin Galactic,SPCE,Meme/Speculative
2018-11-30 00:00:00+00:00,198.8000030517578,200.8000030517578,198.6000061035156,199.0,26285,0.0,0.0,Virgin Galactic,SPCE,Meme/Speculative
2018-12-31 00:00:00+00:00,199.6000061035156,200.8000030517578,198.8000030517578,200.0,75655,0.0,0.0,Virgin Galactic,SPCE,Meme/Speculative
2019-01-31 00:00:00+00:00,199.6000061035156,202.0,199.6000061035156,201.0,127970,0.0,0.0,Virgin Galactic,SPCE,Meme/Speculative
2019-02-28 00:00:00+00:00,201.8000030517578,203.8000030517578,201.1999969482422,202.3999938964844,65785,0.0,0.0,Virgin Galactic,SPCE,Meme/Speculative
2019-03-31 00:00:00+00:00,202.0,203.8000030517578,202.0,203.8000030517578,164670,0.0,0.0,Virgin Galactic,SPCE,Meme/Speculative
2019-04-30 00:00:00+00:00,203.3600006103516,207.0,203.3600006103516,204.6000061035156,259145,0.0,0.0,Virgin Galactic,SPCE,Meme/Speculative
2019-05-31 00:00:00+00:00,204.8000030517578,207.0,204.6000061035156,206.8000030517578,425965,0.0,0.0,Virgin Galactic,SPCE,Meme/Speculative
2019-06-30 00:00:00+00:00,206.3999938964844,209.25999450683597,205.1999969482422,208.6999969482422,82885,0.0,0.0,Virgin Galactic,SPCE,Meme/Speculative
2019-07-31 00:00:00+00:00,210.0,219.3999938964844,207.1999969482422,209.3999938964844,2425560,0.0,0.0,Virgin Galactic,SPCE,Meme/Speculative
2019-08-31 00:00:00+00:00,209.6000061035156,209.6000061035156,206.5,207.0,687510,0.0,0.0,Virgin Galactic,SPCE,Meme/Speculative
2019-09-30 00:00:00+00:00,207.1999969482422,214.0,206.1999969482422,214.0,1608355,0.0,0.0,Virgin Galactic,SPCE,Meme/Speculative
2019-10-31 00:00:00+00:00,212.8000030517578,241.8000030517578,179.10000610351562,188.1999969482422,3621220,0.0,0.0,Virgin Galactic,SPCE,Meme/Speculative
2019-11-30 00:00:00+00:00,188.1999969482422,207.0,138.0,145.0,2120065,0.0,0.0,Virgin Galactic,SPCE,Meme/Speculative
2019-12-31 00:00:00+00:00,146.60000610351562,237.3999938964844,142.72000122070312,231.0,4506135,0.0,0.0,Virgin Galactic,SPCE,Meme/Speculative
2020-01-31 00:00:00+00:00,234.0,396.7999877929688,221.0,343.0,10691520,0.0,0.0,Virgin Galactic,SPCE,Meme/Speculative
2020-02-29 00:00:00+00:00,343.0,849.7999877929688,343.0,492.0,37705150,0.0,0.0,Virgin Galactic,SPCE,Meme/Speculative
2020-03-31 00:00:00+00:00,548.7999877929688,560.0,181.1999969482422,295.6000061035156,17066390,0.0,0.0,Virgin Galactic,SPCE,Meme/Speculative
2020-04-30 00:00:00+00:00,278.3999938964844,421.3999938964844,242.0,352.3999938964844,13418520,0.0,0.0,Virgin Galactic,SPCE,Meme/Speculative
2020-05-31 00:00:00+00:00,340.20001220703125,430.6000061035156,292.0,340.79998779296875,13510595,0.0,0.0,Virgin Galactic,SPCE,Meme/Speculative
2020-06-30 00:00:00+00:00,367.2000122070313,374.0,284.20001220703125,326.79998779296875,18501290,0.0,0.0,Virgin Galactic,SPCE,Meme/Speculative
2020-07-31 00:00:00+00:00,334.0,551.0,317.20001220703125,449.0,26303520,0.0,0.0,Virgin Galactic,SPCE,Meme/Speculative
2020-08-31 00:00:00+00:00,473.0,486.0,334.44000244140625,358.0,13450415,0.0,0.0,Virgin Galactic,SPCE,Meme/Speculative
2020-09-30 00:00:00+00:00,357.79998779296875,419.6000061035156,297.20001220703125,384.6000061035156,15308635,0.0,0.0,Virgin Galactic,SPCE,Meme/Speculative
2020-10-31 00:00:00+00:00,385.0,487.3999938964844,340.3999938964844,348.3999938964844,14933310,0.0,0.0,Virgin Galactic,SPCE,Meme/Speculative
2020-11-30 00:00:00+00:00,348.6000061035156,577.6400146484375,342.79998779296875,532.2000122070312,12299105,0.0,0.0,Virgin Galactic,SPCE,Meme/Speculative
2020-12-31 00:00:00+00:00,560.0,716.4000244140625,460.2000122070313,474.6000061035156,20448400,0.0,0.0,Virgin Galactic,SPCE,Meme/Speculative
2021-01-31 00:00:00+00:00,479.2000122070313,1188.5999755859375,457.6000061035156,885.7999877929688,22468215,0.0,0.0,Virgin Galactic,SPCE,Meme/Speculative
2021-02-28 00:00:00+00:00,943.4000244140624,1256.0,700.0,744.5999755859375,19546840,0.0,0.0,Virgin Galactic,SPCE,Meme/Speculative
2021-03-31 00:00:00+00:00,778.5999755859375,794.0,478.7999877929688,612.5999755859375,14659125,0.0,0.0,Virgin Galactic,SPCE,Meme/Speculative
2021-04-30 00:00:00+00:00,625.7999877929688,634.8599853515625,403.2000122070313,443.0,11648365,0.0,0.0,Virgin Galactic,SPCE,Meme/Speculative
2021-05-31 00:00:00+00:00,434.3999938964844,700.7999877929688,285.3999938964844,624.5999755859375,32728030,0.0,0.0,Virgin Galactic,SPCE,Meme/Speculative
2021-06-30 00:00:00+00:00,601.0,1150.199951171875,562.4000244140625,920.0,44221305,0.0,0.0,Virgin Galactic,SPCE,Meme/Speculative
2021-07-31 00:00:00+00:00,920.0,1088.0,569.7999877929688,599.7999877929688,53727640,0.0,0.0,Virgin Galactic,SPCE,Meme/Speculative
2021-08-31 00:00:00+00:00,596.4000244140625,712.3599853515625,479.7999877929688,542.2000122070312,18744200,0.0,0.0,Virgin Galactic,SPCE,Meme/Speculative
2021-09-30 00:00:00+00:00,541.2000122070312,575.4000244140625,450.6000061035156,506.0,16379225,0.0,0.0,Virgin Galactic,SPCE,Meme/Speculative
2021-10-31 00:00:00+00:00,501.3999938964844,510.3999938964844,359.6000061035156,375.0,13982135,0.0,0.0,Virgin Galactic,SPCE,Meme/Speculative
2021-11-30 00:00:00+00:00,377.2000122070313,433.6000061035156,306.6000061035156,320.0,11374875,0.0,0.0,Virgin Galactic,SPCE,Meme/Speculative
2021-12-31 00:00:00+00:00,324.5,331.20001220703125,257.20001220703125,267.6000061035156,11514870,0.0,0.0,Virgin Galactic,SPCE,Meme/Speculative
2022-01-31 00:00:00+00:00,269.6000061035156,274.70001220703125,151.60000610351562,184.0,20565355,0.0,0.0,Virgin Galactic,SPCE,Meme/Speculative
2022-02-28 00:00:00+00:00,190.0,219.3999938964844,148.0,193.6000061035156,30056760,0.0,0.0,Virgin Galactic,SPCE,Meme/Speculative
2022-03-31 00:00:00+00:00,192.3999938964844,225.0,134.0,197.6000061035156,16620305,0.0,0.0,Virgin Galactic,SPCE,Meme/Speculative
2022-04-30 00:00:00+00:00,199.6000061035156,213.8000030517578,145.60000610351562,149.8000030517578,9386285,0.0,0.0,Virgin Galactic,SPCE,Meme/Speculative
2022-05-31 00:00:00+00:00,149.0,166.39999389648438,102.8000030517578,140.1999969482422,11490555,0.0,0.0,Virgin Galactic,SPCE,Meme/Speculative
2022-06-30 00:00:00+00:00,141.0,149.8000030517578,111.0999984741211,120.4000015258789,9794925,0.0,0.0,Virgin Galactic,SPCE,Meme/Speculative
2022-07-31 00:00:00+00:00,122.1999969482422,156.8000030517578,116.8000030517578,148.8000030517578,6189750,0.0,0.0,Virgin Galactic,SPCE,Meme/Speculative
2022-08-31 00:00:00+00:00,147.39999389648438,171.10000610351562,116.5999984741211,118.1999969482422,8574350,0.0,0.0,Virgin Galactic,SPCE,Meme/Speculative
2022-09-30 00:00:00+00:00,116.5999984741211,127.4000015258789,94.1999969482422,94.1999969482422,7572620,0.0,0.0,Virgin Galactic,SPCE,Meme/Speculative
2022-10-31 00:00:00+00:00,95.4000015258789,105.0999984741211,82.19999694824219,92.4000015258789,4735085,0.0,0.0,Virgin Galactic,SPCE,Meme/Speculative
2022-11-30 00:00:00+00:00,95.8000030517578,113.36000061035156,88.19999694824219,101.8000030517578,5346205,0.0,0.0,Virgin Galactic,SPCE,Meme/Speculative
2022-12-31 00:00:00+00:00,103.0,107.5999984741211,64.9000015258789,69.5999984741211,6631950,0.0,0.0,Virgin Galactic,SPCE,Meme/Speculative
2023-01-31 00:00:00+00:00,72.4000015258789,117.5,68.5999984741211,110.4000015258789,11295285,0.0,0.0,Virgin Galactic,SPCE,Meme/Speculative
2023-02-28 00:00:00+00:00,109.5999984741211,132.1999969482422,98.4000015258789,114.8000030517578,9997535,0.0,0.0,Virgin Galactic,SPCE,Meme/Speculative
2023-03-31 00:00:00+00:00,111.0,116.0,76.30000305175781,81.0,9654575,0.0,0.0,Virgin Galactic,SPCE,Meme/Speculative
2023-04-30 00:00:00+00:00,80.5999984741211,81.80000305175781,59.59999847412109,72.80000305175781,8611635,0.0,0.0,Virgin Galactic,SPCE,Meme/Speculative
2023-05-31 00:00:00+00:00,71.80000305175781,105.0,66.0,69.19999694824219,13322210,0.0,0.0,Virgin Galactic,SPCE,Meme/Speculative
2023-06-30 00:00:00+00:00,69.19999694824219,123.36000061035156,68.0,77.5999984741211,40875685,0.0,0.0,Virgin Galactic,SPCE,Meme/Speculative
2023-07-31 00:00:00+00:00,77.19999694824219,86.4000015258789,72.0,85.5999984741211,18197780,0.0,0.0,Virgin Galactic,SPCE,Meme/Speculative
2023-08-31 00:00:00+00:00,82.4000015258789,85.0,49.20000076293945,50.400001525878906,17583595,0.0,0.0,Virgin Galactic,SPCE,Meme/Speculative
2023-09-30 00:00:00+00:00,51.0,54.0,31.399999618530277,36.0,14574775,0.0,0.0,Virgin Galactic,SPCE,Meme/Speculative
2023-10-31 00:00:00+00:00,36.59999847412109,37.0,27.600000381469727,29.600000381469727,9466450,0.0,0.0,Virgin Galactic,SPCE,Meme/Speculative
2023-11-30 00:00:00+00:00,29.600000381469727,47.09999847412109,28.600000381469727,44.59999847412109,12728555,0.0,0.0,Virgin Galactic,SPCE,Meme/Speculative
2023-12-31 00:00:00+00:00,43.79999923706055,54.59999847412109,36.79999923706055,49.0,14168065,0.0,0.0,Virgin Galactic,SPCE,Meme/Speculative
2024-01-31 00:00:00+00:00,47.79999923706055,50.79999923706055,35.0,35.599998474121094,8511520,0.0,0.0,Virgin Galactic,SPCE,Meme/Speculative
2024-02-29 00:00:00+00:00,36.59999847412109,39.59999847412109,32.20000076293945,34.79999923706055,8550405,0.0,0.0,Virgin Galactic,SPCE,Meme/Speculative
2024-03-31 00:00:00+00:00,34.79999923706055,36.59999847412109,26.600000381469727,29.600000381469727,10874180,0.0,0.0,Virgin Galactic,SPCE,Meme/Speculative
2024-04-30 00:00:00+00:00,29.600000381469727,29.799999237060547,14.0600004196167,17.399999618530273,21051200,0.0,0.0,Virgin Galactic,SPCE,Meme/Speculative
2024-05-31 00:00:00+00:00,17.6200008392334,28.200000762939453,16.920000076293945,17.299999237060547,29900760,0.0,0.0,Virgin Galactic,SPCE,Meme/Speculative
2024-06-30 00:00:00+00:00,18.26000022888184,18.780000686645508,8.210000038146973,8.430000305175781,53835795,0.0,0.05,Virgin Galactic,SPCE,Meme/Speculative
2024-07-31 00:00:00+00:00,8.390000343322754,8.789999961853027,6.21999979019165,7.110000133514404,56487500,0.0,0.0,Virgin Galactic,SPCE,Meme/Speculative
2024-08-31 00:00:00+00:00,7.119999885559082,7.355000019073486,5.264999866485596,6.690000057220459,33766200,0.0,0.0,Virgin Galactic,SPCE,Meme/Speculative
2024-09-30 00:00:00+00:00,6.610000133514404,7.230000019073486,5.735000133514404,6.099999904632568,26124700,0.0,0.0,Virgin Galactic,SPCE,Meme/Speculative
2024-10-31 00:00:00+00:00,6.039999961853027,8.109999656677246,5.71999979019165,6.570000171661377,29761100,0.0,0.0,Virgin Galactic,SPCE,Meme/Speculative
2024-11-30 00:00:00+00:00,6.699999809265137,8.1899995803833,6.070000171661377,7.300000190734863,44781400,0.0,0.0,Virgin Galactic,SPCE,Meme/Speculative
2024-12-31 00:00:00+00:00,7.460000038146973,7.590000152587891,5.820000171661377,5.880000114440918,36621300,0.0,0.0,Virgin Galactic,SPCE,Meme/Speculative
2025-01-31 00:00:00+00:00,6.010000228881836,6.739999771118164,4.385000228881836,4.760000228881836,43742800,0.0,0.0,Virgin Galactic,SPCE,Meme/Speculative
2025-02-28 00:00:00+00:00,4.53000020980835,4.809999942779541,3.5999999046325684,3.799999952316284,27463900,0.0,0.0,Virgin Galactic,SPCE,Meme/Speculative
2025-03-31 00:00:00+00:00,3.910000085830689,4.440000057220459,2.8499999046325684,3.0299999713897705,47414400,0.0,0.0,Virgin Galactic,SPCE,Meme/Speculative
2025-04-30 00:00:00+00:00,3.049999952316284,3.0999999046325684,2.180000066757202,2.890000104904175,34948200,0.0,0.0,Virgin Galactic,SPCE,Meme/Speculative
2025-05-31 00:00:00+00:00,2.950000047683716,6.639999866485596,2.789999961853028,3.2100000381469727,200575600,0.0,0.0,Virgin Galactic,SPCE,Meme/Speculative
2025-06-30 00:00:00+00:00,3.180000066757202,3.775000095367432,2.7300000190734863,2.7300000190734863,78470100,0.0,0.0,Virgin Galactic,SPCE,Meme/Speculative
2025-07-31 00:00:00+00:00,2.789999961853028,4.630000114440918,2.680000066757202,3.799999952316284,93828800,0.0,0.0,Virgin Galactic,SPCE,Meme/Speculative
2025-08-31 00:00:00+00:00,3.670000076293945,3.990000009536743,2.9200000762939453,3.109999895095825,60270400,0.0,0.0,Virgin Galactic,SPCE,Meme/Speculative
2025-09-30 00:00:00+00:00,3.069999933242798,4.070000171661377,2.9800000190734863,3.859999895095825,72197000,0.0,0.0,Virgin Galactic,SPCE,Meme/Speculative
2025-10-31 00:00:00+00:00,3.7699999809265137,5.230000019073486,3.539999961853028,3.940000057220459,124977700,0.0,0.0,Virgin Galactic,SPCE,Meme/Speculative
2025-11-30 00:00:00+00:00,3.950000047683716,3.950000047683716,3.200000047683716,3.869999885559082,52016000,0.0,0.0,Virgin Galactic,SPCE,Meme/Speculative
2025-12-31 00:00:00+00:00,3.819999933242798,4.570000171661377,2.9200000762939453,3.2100000381469727,124598400,0.0,0.0,Virgin Galactic,SPCE,Meme/Speculative
2026-01-31 00:00:00+00:00,3.2699999809265137,3.365000009536743,3.109999895095825,3.150000095367432,20833900,0.0,0.0,Virgin Galactic,SPCE,Meme/Speculative
2016-01-31 00:00:00+00:00,17.713894149569672,18.48346213198313,16.724847233064352,18.43623352050781,535764300,0.0,0.0,Walmart,WMT,Consumer Staples
2016-02-29 00:00:00+00:00,18.31120833748201,18.947421730988747,17.322171043748302,18.430673599243164,789308100,0.0,0.0,Walmart,WMT,Consumer Staples
2016-03-31 00:00:00+00:00,18.51679453941554,19.36476674460865,18.02505180193427,19.168851852416992,609323700,0.166667,0.0,Walmart,WMT,Consumer Staples
2016-04-30 00:00:00+00:00,19.037309814947516,19.61386276067289,18.57271806280479,18.715456008911133,423760800,0.0,0.0,Walmart,WMT,Consumer Staples
2016-05-31 00:00:00+00:00,18.64548144673769,20.12397522226793,17.682483708043115,19.954814910888672,698928600,0.166667,0.0,Walmart,WMT,Consumer Staples
2016-06-30 00:00:00+00:00,19.875879287719727,20.63426052314705,19.77719735771998,20.586332321166992,557758800,0.0,0.0,Walmart,WMT,Consumer Staples
2016-07-31 00:00:00+00:00,20.617344874487028,20.96130005683072,20.417175663215755,20.572235107421875,413170500,0.0,0.0,Walmart,WMT,Consumer Staples
2016-08-31 00:00:00+00:00,20.527129895344533,21.343224727036475,20.12264436742934,20.27876281738281,637380000,0.166667,0.0,Walmart,WMT,Consumer Staples
2016-09-30 00:00:00+00:00,20.315661465994676,20.775519685703767,19.955171585083008,20.471784591674805,530951700,0.0,0.0,Walmart,WMT,Consumer Staples
2016-10-31 00:00:00+00:00,20.389469342575865,20.59952451696711,19.038303633603547,19.875682830810547,512148600,0.0,0.0,Walmart,WMT,Consumer Staples
2016-11-30 00:00:00+00:00,19.86433208302925,20.46327438762501,19.33635801944265,19.9920711517334,631111800,0.0,0.0,Walmart,WMT,Consumer Staples
2016-12-31 00:00:00+00:00,19.94097258476917,20.72122780378234,19.67773006726757,19.760639190673828,487582500,0.166667,0.0,Walmart,WMT,Consumer Staples
2017-01-31 00:00:00+00:00,19.794948226556237,19.906443810945927,18.66283290524685,19.08022689819336,545484000,0.0,0.0,Walmart,WMT,Consumer Staples
2017-02-28 00:00:00+00:00,19.00017530574596,20.812712467797542,18.880100863392123,20.278100967407227,623902200,0.0,0.0,Walmart,WMT,Consumer Staples
2017-03-31 00:00:00+00:00,20.289533936077927,20.89662596926747,19.949326358246896,20.758390426635746,573309300,0.17,0.0,Walmart,WMT,Consumer Staples
2017-04-30 00:00:00+00:00,20.758390125816614,21.821078134193723,20.55680199092359,21.651159286499023,382581600,0.0,0.0,Walmart,WMT,Consumer Staples
2017-05-31 00:00:00+00:00,21.62525018183106,23.031105910818564,21.62525018183106,22.78757667541504,547037400,0.17,0.0,Walmart,WMT,Consumer Staples
2017-06-30 00:00:00+00:00,22.799176152403746,23.32971928684489,21.24811144119068,21.941011428833008,742562100,0.0,0.0,Walmart,WMT,Consumer Staples
2017-07-31 00:00:00+00:00,21.987398605506915,23.29203662399753,21.20172722281657,23.19056510925293,430344300,0.0,0.0,Walmart,WMT,Consumer Staples
2017-08-31 00:00:00+00:00,23.26593669824715,23.91991755848044,22.60999402852369,22.776290893554688,610958100,0.17,0.0,Walmart,WMT,Consumer Staples
2017-09-30 00:00:00+00:00,22.846300861296267,23.66609838191185,22.677095004677973,22.796709060668945,483460800,0.0,0.0,Walmart,WMT,Consumer Staples
2017-10-31 00:00:00+00:00,22.72669634617211,25.997126043008063,22.609998018392208,25.47197914123535,596325300,0.0,0.0,Walmart,WMT,Consumer Staples
2017-11-30 00:00:00+00:00,25.401964558219955,29.21211509227552,25.381543272337435,28.36605834960937,668109300,0.0,0.0,Walmart,WMT,Consumer Staples
2017-12-31 00:00:00+00:00,28.47692585698815,29.3015389614155,28.074322852964983,28.96134757995605,500322300,0.17,0.0,Walmart,WMT,Consumer Staples
2018-01-31 00:00:00+00:00,29.12264505629327,32.254875365414335,28.893888585528973,31.263586044311523,509083800,0.0,0.0,Walmart,WMT,Consumer Staples
2018-02-28 00:00:00+00:00,31.075882018725377,31.25185031335909,26.39515099024582,26.398082733154297,922598100,0.0,0.0,Walmart,WMT,Consumer Staples
2018-03-31 00:00:00+00:00,26.445003769740214,26.57906635171674,25.15998202222713,26.248634338378903,768009000,0.173333,0.0,Walmart,WMT,Consumer Staples
2018-04-30 00:00:00+00:00,25.962458775088383,26.4522044083064,25.030172175477784,26.09817123413086,490745400,0.0,0.0,Walmart,WMT,Consumer Staples
2018-05-31 00:00:00+00:00,25.86509787760905,26.004296098446453,24.192291445397935,24.505016326904297,745449900,0.173333,0.0,Walmart,WMT,Consumer Staples
2018-06-30 00:00:00+00:00,24.6534606636538,25.974605161727883,24.454551057845816,25.428340911865234,556858200,0.0,0.0,Walmart,WMT,Consumer Staples
2018-07-31 00:00:00+00:00,25.42833881545812,26.6188531931736,24.76034390753401,26.491191864013672,352790700,0.0,0.0,Walmart,WMT,Consumer Staples
2018-08-31 00:00:00+00:00,26.381348951985185,29.923797605288435,26.01320407704004,28.62484359741211,616978500,0.173333,0.0,Walmart,WMT,Consumer Staples
2018-09-30 00:00:00+00:00,28.60692799851452,29.16234468196657,27.976856274696942,28.04255104064941,381637500,0.0,0.0,Walmart,WMT,Consumer Staples
2018-10-31 00:00:00+00:00,28.15602781036825,30.6374857163102,27.737972004588016,29.944698333740234,649263000,0.0,0.0,Walmart,WMT,Consumer Staples
2018-11-30 00:00:00+00:00,29.84914767431752,31.71546251375054,27.86338220448268,29.15935516357422,575809800,0.0,0.0,Walmart,WMT,Consumer Staples
2018-12-31 00:00:00+00:00,29.26984109732207,29.738661285240152,25.75462352250979,27.967397689819336,558935400,0.173333,0.0,Walmart,WMT,Consumer Staples
2019-01-31 00:00:00+00:00,27.51403483133811,29.828887314037104,27.51403483133811,28.77204132080078,482219100,0.0,0.0,Walmart,WMT,Consumer Staples
2019-02-28 00:00:00+00:00,28.799063858975178,31.279053989769903,27.95538835856865,29.720802307128903,500398500,0.0,0.0,Walmart,WMT,Consumer Staples
2019-03-31 00:00:00+00:00,29.864921141029,30.333503632402664,28.67631712694836,29.440013885498047,423441300,0.176667,0.0,Walmart,WMT,Consumer Staples
2019-04-30 00:00:00+00:00,29.57282744649601,31.4383030652025,29.216639266849224,31.042863845825195,331820700,0.0,0.0,Walmart,WMT,Consumer Staples
2019-05-31 00:00:00+00:00,31.0217427187177,31.547652332994677,29.996963747760685,30.782930374145508,467294700,0.176667,0.0,Walmart,WMT,Consumer Staples
2019-06-30 00:00:00+00:00,30.840590760568723,34.05422378888689,30.77079405359052,33.529239654541016,364575000,0.0,0.0,Walmart,WMT,Consumer Staples
2019-07-31 00:00:00+00:00,33.775031144599346,35.04652482441788,33.26827019390754,33.49586486816406,273860700,0.0,0.0,Walmart,WMT,Consumer Staples
2019-08-31 00:00:00+00:00,33.477648041924795,35.185514846165084,31.971294730551104,34.84396743774414,473622600,0.176667,0.0,Walmart,WMT,Consumer Staples
2019-09-30 00:00:00+00:00,34.6670764736593,36.55169314251774,34.609136953427715,36.191856384277344,316087500,0.0,0.0,Walmart,WMT,Consumer Staples
2019-10-31 00:00:00+00:00,36.24370304505732,36.81089922497166,34.9415460158736,35.75881576538086,289222800,0.0,0.0,Walmart,WMT,Consumer Staples
2019-11-30 00:00:00+00:00,35.960091154838246,38.23503657830514,35.703928163438846,36.316890716552734,349861800,0.0,0.0,Walmart,WMT,Consumer Staples
2019-12-31 00:00:00+00:00,36.33517878915429,37.40793450332399,35.91434359969566,36.40321350097656,295268100,0.176667,0.0,Walmart,WMT,Consumer Staples
2020-01-31 00:00:00+00:00,36.40932284524397,36.72483435447482,34.51626515411556,35.07070541381836,383722500,0.0,0.0,Walmart,WMT,Consumer Staples
2020-02-29 00:00:00+00:00,35.19628876720768,36.74321002001791,31.97073146178471,32.98465347290039,397242300,0.0,0.0,Walmart,WMT,Consumer Staples
2020-03-31 00:00:00+00:00,32.960160319807684,39.23360040055893,31.24475467504985,34.95820999145508,956864400,0.18,0.0,Walmart,WMT,Consumer Staples
2020-04-30 00:00:00+00:00,34.50592157280511,41.03788351999392,34.39823642856759,37.39807891845703,621479400,0.0,0.0,Walmart,WMT,Consumer Staples
2020-05-31 00:00:00+00:00,37.376541579598594,40.78886141248255,37.16116778521324,38.33824920654297,560369100,0.18,0.0,Walmart,WMT,Consumer Staples
2020-06-30 00:00:00+00:00,38.14665942984205,38.44641887152108,36.15959152903783,37.01559066772461,557556600,0.0,0.0,Walmart,WMT,Consumer Staples
2020-07-31 00:00:00+00:00,36.91362789526123,41.45018311933448,36.53351160523448,39.98848724365234,592356300,0.0,0.0,Walmart,WMT,Consumer Staples
2020-08-31 00:00:00+00:00,40.146071084472666,43.77407359810839,39.63926345605651,43.08519744873047,690025200,0.18,0.0,Walmart,WMT,Consumer Staples
2020-09-30 00:00:00+00:00,43.81441678908798,46.957757888921385,41.81298633350843,43.41413497924805,805971600,0.0,0.0,Walmart,WMT,Consumer Staples
2020-10-31 00:00:00+00:00,43.6902867487876,45.49003943202722,42.62596267230079,43.054176330566406,386985000,0.0,0.0,Walmart,WMT,Consumer Staples
2020-11-30 00:00:00+00:00,43.62512874831212,47.600080796224034,43.14105976163509,47.41080093383789,413800500,0.0,0.0,Walmart,WMT,Consumer Staples
2020-12-31 00:00:00+00:00,47.66213825869495,47.680756707307545,44.31714774234985,44.8932991027832,511105500,0.18,0.0,Walmart,WMT,Consumer Staples
2021-01-31 00:00:00+00:00,44.940016203249264,46.69338609525905,43.7098454565331,43.753448486328125,450488700,0.0,0.0,Walmart,WMT,Consumer Staples
2021-02-28 00:00:00+00:00,43.8842519547087,45.9366103253278,40.44290330678796,40.46158981323242,554999400,0.0,0.0,Walmart,WMT,Consumer Staples
2021-03-31 00:00:00+00:00,40.97857849226062,43.02919933422552,39.327963748371786,42.47877883911133,739644300,0.183333,0.0,Walmart,WMT,Consumer Staples
2021-04-30 00:00:00+00:00,42.51318414211597,44.33642661503722,42.32241803269625,43.75474166870117,459365700,0.0,0.0,Walmart,WMT,Consumer Staples
2021-05-31 00:00:00+00:00,43.68281690222153,45.39278920045401,42.62362655354984,44.59218215942383,524333400,0.183333,0.0,Walmart,WMT,Consumer Staples
2021-06-30 00:00:00+00:00,44.64869790996104,44.833936215677554,42.19664350493155,44.27507400512695,507321000,0.0,0.0,Walmart,WMT,Consumer Staples
2021-07-31 00:00:00+00:00,44.08355399491244,45.16673379457512,43.395979120533234,44.75543594360352,395649300,0.0,0.0,Walmart,WMT,Consumer Staples
2021-08-31 00:00:00+00:00,44.84335146650005,48.0776215754686,44.479151912349394,46.66905212402344,544199400,0.183333,0.0,Walmart,WMT,Consumer Staples
2021-09-30 00:00:00+00:00,46.49888775300065,47.15747474912489,43.88024409824084,43.92120742797852,453765600,0.0,0.0,Walmart,WMT,Consumer Staples
2021-10-31 00:00:00+00:00,43.88339022926336,47.4410823941316,42.4495980704634,47.08499526977539,413998800,0.0,0.0,Walmart,WMT,Consumer Staples
2021-11-30 00:00:00+00:00,47.26146618010019,47.898011795477686,44.11972234701232,44.31509780883789,534258600,0.0,0.0,Walmart,WMT,Consumer Staples
2021-12-31 00:00:00+00:00,44.27728839292958,46.36022566456863,42.61661604194953,45.77806091308594,716247600,0.183333,0.0,Walmart,WMT,Consumer Staples
2022-01-31 00:00:00+00:00,45.55975540578067,46.391855355877006,42.3800737078591,44.23410034179688,497216100,0.0,0.0,Walmart,WMT,Consumer Staples
2022-02-28 00:00:00+00:00,44.04426189191891,44.92381911009674,41.7662835071045,42.76290512084961,487764300,0.0,0.0,Walmart,WMT,Consumer Staples
2022-03-31 00:00:00+00:00,42.98753391454408,47.81315274311547,42.71860525115292,47.298622131347656,557647500,0.186667,0.0,Walmart,WMT,Consumer Staples
2022-04-30 00:00:00+00:00,47.53365353699623,51.06230400560087,47.2732150779928,48.59129333496094,427213500,0.0,0.0,Walmart,WMT,Consumer Staples
2022-05-31 00:00:00+00:00,49.216983114218536,49.22651347660214,37.38162402221168,41.0027961730957,816439800,0.186667,0.0,Walmart,WMT,Consumer Staples
2022-06-30 00:00:00+00:00,40.9613547594615,41.09523565056818,37.5824354739984,38.75550842285156,512761800,0.0,0.0,Walmart,WMT,Consumer Staples
2022-07-31 00:00:00+00:00,38.87025843096871,42.5201137342134,38.27097800694365,42.09296798706055,472936800,0.0,0.0,Walmart,WMT,Consumer Staples
2022-08-31 00:00:00+00:00,41.77739694370823,45.69233366541622,39.88392097605932,42.43637466430664,623681700,0.186667,0.0,Walmart,WMT,Consumer Staples
2022-09-30 00:00:00+00:00,42.43317648293165,44.26125768873026,41.06612033770814,41.52394104003906,416526900,0.0,0.0,Walmart,WMT,Consumer Staples
2022-10-31 00:00:00+00:00,41.69682248607586,45.8043874134856,41.002086386584345,45.567474365234375,350685000,0.0,0.0,Walmart,WMT,Consumer Staples
2022-11-30 00:00:00+00:00,45.7723757092505,49.50856739312957,44.26765672259072,48.79782485961914,454982100,0.0,0.0,Walmart,WMT,Consumer Staples
2022-12-31 00:00:00+00:00,48.6793729062867,49.17881313687258,45.25080017304005,45.565731048583984,382125300,0.186667,0.0,Walmart,WMT,Consumer Staples
2023-01-31 00:00:00+00:00,45.80995758993287,47.51638703956106,44.40239127835726,46.234161376953125,324054600,0.0,0.0,Walmart,WMT,Consumer Staples
2023-02-28 00:00:00+00:00,46.16666396363206,47.67063924087196,44.56950501609297,45.67498397827149,368553300,0.0,0.0,Walmart,WMT,Consumer Staples
2023-03-31 00:00:00+00:00,45.331130596613455,47.89829509895926,43.73396655241047,47.5788459777832,524648700,0.19,0.0,Walmart,WMT,Consumer Staples
2023-04-30 00:00:00+00:00,47.66918396194311,49.61170434136297,47.440088608572495,48.714656829833984,301894800,0.0,0.0,Walmart,WMT,Consumer Staples
2023-05-31 00:00:00+00:00,48.73725617629827,49.9945162230263,46.96924550653508,47.57170867919922,406453500,0.19,0.0,Walmart,WMT,Consumer Staples
2023-06-30 00:00:00+00:00,47.35793814914826,51.25125517467863,47.27048404391969,50.9111557006836,390332400,0.0,0.0,Walmart,WMT,Consumer Staples
2023-07-31 00:00:00+00:00,50.79131328975063,52.12903545051692,49.70299862463487,51.77922439575195,272185500,0.0,0.0,Walmart,WMT,Consumer Staples
2023-08-31 00:00:00+00:00,51.80837465512755,52.98071423569765,50.39002225126004,52.85719299316406,391674900,0.19,0.0,Walmart,WMT,Consumer Staples
2023-09-30 00:00:00+00:00,52.94170699955932,53.91037197340717,51.74550591652476,51.98604965209961,331229700,0.0,0.0,Walmart,WMT,Consumer Staples
2023-10-31 00:00:00+00:00,51.8430243611699,53.416289944007424,49.294589056169336,53.11723709106445,344001900,0.0,0.0,Walmart,WMT,Consumer Staples
2023-11-30 00:00:00+00:00,53.37727847424934,55.23984825917799,50.100724471484426,50.60781097412109,536482200,0.0,0.0,Walmart,WMT,Consumer Staples
2023-12-31 00:00:00+00:00,50.507042281851895,51.65710920241988,48.78926153768579,51.435245513916016,543923100,0.19,0.0,Walmart,WMT,Consumer Staples
2024-01-31 00:00:00+00:00,51.30474628576696,54.74681175517451,50.76641284131848,53.91484069824219,385322100,0.0,0.0,Walmart,WMT,Consumer Staples
2024-02-29 00:00:00+00:00,54.06166067780358,59.16766957297955,53.89200538545828,57.36670303344727,523190700,0.0,3.0,Walmart,WMT,Consumer Staples
2024-03-31 00:00:00+00:00,57.55266402645577,60.55754367058224,56.96539343044337,59.09418487548828,339293600,0.208,0.0,Walmart,WMT,Consumer Staples
2024-04-30 00:00:00+00:00,59.23168187419894,59.80130910757236,57.51297044271711,58.28884506225586,304730200,0.0,0.0,Walmart,WMT,Consumer Staples
2024-05-31 00:00:00+00:00,58.24956496486026,64.94576485217857,57.53261314167094,64.80779266357422,401568100,0.208,0.0,Walmart,WMT,Consumer Staples
2024-06-30 00:00:00+00:00,64.56141929721474,68.0403006876398,64.21648879035676,66.72953796386719,288503100,0.0,0.0,Walmart,WMT,Consumer Staples
2024-07-31 00:00:00+00:00,66.90693547087935,70.2971281831156,66.27620343008427,67.64608001708984,288053200,0.0,0.0,Walmart,WMT,Consumer Staples
2024-08-31 00:00:00+00:00,67.91217187226529,76.56584062208192,65.70461244084369,76.32864379882812,395298400,0.208,0.0,Walmart,WMT,Consumer Staples
2024-09-30 00:00:00+00:00,76.42747676081049,80.64764447228386,75.40951614648455,79.80757141113281,358154100,0.0,0.0,Walmart,WMT,Consumer Staples
2024-10-31 00:00:00+00:00,79.73837698756527,82.36733183441166,78.05823181667883,80.99356079101562,274951500,0.0,0.0,Walmart,WMT,Consumer Staples
2024-11-30 00:00:00+00:00,81.56678689001777,91.55879850202945,80.58834334257986,91.4204330444336,340242300,0.0,0.0,Walmart,WMT,Consumer Staples
2024-12-31 00:00:00+00:00,91.73669162451984,95.05747768568034,88.0670281550264,89.49337005615234,382128400,0.208,0.0,Walmart,WMT,Consumer Staples
2025-01-31 00:00:00+00:00,89.12686806272185,98.06135646525874,88.6712228508388,97.22932434082033,301831600,0.0,0.0,Walmart,WMT,Consumer Staples
2025-02-28 00:00:00+00:00,95.8524960159259,104.30162937300952,91.2465838150523,97.675048828125,393516500,0.0,0.0,Walmart,WMT,Consumer Staples
2025-03-31 00:00:00+00:00,97.0510355425884,98.54671349248792,83.07480559414101,87.1964340209961,529824400,0.235,0.0,Walmart,WMT,Consumer Staples
2025-04-30 00:00:00+00:00,86.94812924703632,97.11888358581112,79.27038245133487,96.59246826171876,509882700,0.0,0.0,Walmart,WMT,Consumer Staples
2025-05-31 00:00:00+00:00,96.36403367032231,99.06564073591537,91.48938454149275,98.28961181640624,393144900,0.235,0.0,Walmart,WMT,Consumer Staples
2025-06-30 00:00:00+00:00,98.40907625893918,100.4501418150458,93.02266709859374,97.35370635986328,343221000,0.0,0.0,Walmart,WMT,Consumer Staples
2025-07-31 00:00:00+00:00,97.17448216280772,98.91685485839844,93.81918444723011,97.5528335571289,289967200,0.0,0.0,Walmart,WMT,Consumer Staples
2025-08-31 00:00:00+00:00,97.5727463055456,104.2634527598279,95.22588337701492,96.78271484375,397878500,0.235,0.0,Walmart,WMT,Consumer Staples
2025-09-30 00:00:00+00:00,97.03220609473732,105.89413737056609,96.31366958930022,102.850341796875,326990400,0.0,0.0,Walmart,WMT,Consumer Staples
2025-10-31 00:00:00+00:00,102.3513566141991,109.3570843059063,99.66683917607337,100.9741668701172,348809500,0.0,0.0,Walmart,WMT,Consumer Staples
2025-11-30 00:00:00+00:00,100.61490106379452,110.47480270728016,98.6788474747434,110.28519439697266,391415900,0.0,0.0,Walmart,WMT,Consumer Staples
2025-12-31 00:00:00+00:00,110.2851941575838,117.4499969482422,110.1354977763902,111.41000366210938,442913500,0.235,0.0,Walmart,WMT,Consumer Staples
2026-01-31 00:00:00+00:00,111.43000030517578,114.79000091552734,109.80999755859376,113.06999969482422,101345700,0.0,0.0,Walmart,WMT,Consumer Staples
